timestamp,altitude,airspeed,heading,pitch,roll,g_force,aoa,mach,fuel,vertical_speed,weapon_status,target_distance,target_locked,waypoint_bearing,waypoint_distance,radar_contacts,engine_temp,system_status,threat_level,ecm_status,symbol_attack,symbol_defense,symbol_navigation
2025-03-05 10:14:05.786,5016.633244653114,321.9086303716647,45.11667073303856,-0.1235774367112232,0.3249663329803848,1.002757114765889,2.5526651722397533,0.7425542445675918,69.98171827682766,-46.848885307746535,READY,12.5,False,85.06888297990456,44.94691541522908,2,84.81044544603304,NOMINAL,LOW,STANDBY,0,1,2
2025-03-05 10:14:05.828,5006.440740521945,322.587170979859,45.27198219727413,0.1192306103659718,0.5993869282212152,1.0008193804651488,2.6078958353229553,0.7453784513694836,69.94201281118046,-31.95959752009903,READY,12.5,False,84.86966342224505,44.86643848641204,2,84.94525741013038,NOMINAL,LOW,STANDBY,0,1,2
2025-03-05 10:14:05.848,5003.279117332207,321.0032381358661,45.657579776132,0.3261904669863893,0.3885429086765668,0.9739419006319182,2.6790117355887078,0.7430916725667248,69.91176504976892,-11.165759231737631,READY,12.5,False,84.70590731969466,44.80545645646956,2,85.30818707717528,NOMINAL,LOW,STANDBY,0,1,2
2025-03-05 10:14:05.877,4993.771554893673,320.0783825072417,45.55067844901285,0.08515738250305122,0.14882793830722119,0.9301676746835444,2.739340563373442,0.743288579089121,69.88180415858491,-44.254717366555404,READY,12.5,False,84.66271708080949,44.73921945580788,2,85.09606613095053,NOMINAL,LOW,STANDBY,0,1,2
2025-03-05 10:14:05.909,4977.806681214953,320.32644417959204,45.24472066674961,0.27186544777010696,0.31498131002557483,0.9201413288737489,2.7004303703627097,0.7430336121564451,69.86292895859586,-40.004986746192806,READY,12.5,False,84.73739471832094,44.67343060491167,2,85.40844667884893,NOMINAL,LOW,STANDBY,0,1,2
2025-03-05 10:14:05.943,4982.874599307326,318.7284105273218,44.93266213063694,0.3062256006148471,0.27749903357663386,0.9329597172816667,2.6715204016699814,0.7466448558095383,69.83064577547914,-21.677806359352964,READY,12.5,False,84.71037489567874,44.59502582052601,1,85.6996836781859,NOMINAL,LOW,STANDBY,0,1,2
2025-03-05 10:14:05.975,5002.726189534036,318.19766437508713,45.31770407489698,0.49478519615440275,-0.022659432003071966,0.9262513115430665,2.5787294288717635,0.7383926484783078,69.80088281284753,22.65523717901393,READY,12.5,False,84.59997093673638,44.54458407945559,1,85.21318803523205,NOMINAL,LOW,STANDBY,0,1,2
2025-03-05 10:14:06.012,5022.452563831285,318.11349655205834,45.67665814759054,0.2623875344489044,-0.29180795900455736,0.9457097765330126,2.526243781591628,0.736129091884823,69.77053149912503,10.604465733833898,READY,12.5,False,84.40931288156634,44.45046343910896,1,85.14032552009978,NOMINAL,LOW,STANDBY,0,1,2
2025-03-05 10:14:06.046,5025.45217346674,316.35572147304583,46.15681099651181,0.24790637882039168,-0.5255851952058446,0.907059359484401,2.4916212205530903,0.7415637902238593,69.74444633864182,4.829426057894324,READY,12.5,False,84.54809190567104,44.35592059068819,1,85.45852069453758,NOMINAL,LOW,STANDBY,0,1,2
2025-03-05 10:14:06.078,5038.956723587025,316.57439602210354,46.28151942191269,-0.0008798313654104772,-0.2768451584395242,0.9349130265672239,2.4918555700219174,0.7470412894241711,69.71457730283534,42.88693361094981,READY,12.5,False,84.7479119781338,44.28641145733143,1,85.12329210911552,NOMINAL,LOW,STANDBY,0,1,2
2025-03-05 10:14:06.119,5051.355178212379,314.5868745138527,46.37302016653923,0.21746943751576903,-0.5627762565869093,0.9235878580060674,2.46805806121233,0.7552093698271398,69.66703043375274,53.10360530669999,READY,12.5,False,84.80658408483254,44.2185700025547,1,85.21488818592235,NOMINAL,LOW,STANDBY,0,1,2
2025-03-05 10:14:06.145,5065.396110942132,314.3617968985475,46.08448490212359,0.3123524604252221,-0.30719407141977373,0.9264024359171129,2.3973780954089565,0.7631964745414779,69.65545380385804,47.31345739466673,READY,12.5,False,84.8113672712263,44.14159829471642,1,84.83970526879776,NOMINAL,LOW,STANDBY,0,1,2
2025-03-05 10:14:06.175,5065.293817043655,316.00328495937094,46.44272563545387,0.1610031025658302,-0.3543884353701411,0.975676391934929,2.490948307982658,0.7726567848376136,69.62340808742177,92.93817079904376,READY,12.5,False,84.90971988418734,44.08253070783629,1,84.37532212930152,NOMINAL,LOW,STANDBY,0,1,2
2025-03-05 10:14:06.212,5071.528887365274,315.68969716863137,46.24843186500419,0.08734394781467816,-0.4915960443490023,1.0162205465034442,2.576351739324986,0.7672189926634516,69.60008958949179,138.21037437678405,READY,12.5,False,84.71171190466845,44.01454760310517,1,84.30853706243978,NOMINAL,LOW,STANDBY,0,1,2
2025-03-05 10:14:06.247,5087.311848958143,315.446729844473,46.70975023687299,0.25924934631545604,-0.552702344089344,0.9704328643058651,2.660960124910352,0.7735668734534079,69.563808868144,168.73991929463935,READY,12.5,False,84.90563532929491,43.96366817401126,1,84.04474247547056,NOMINAL,LOW,STANDBY,0,1,2
2025-03-05 10:14:06.275,5068.668846593592,315.36240544629726,46.66334708049407,0.5459932344451754,-1.0175932061074624,1.0048865265663582,2.7417697964461714,0.7687353313281744,69.53013550752947,170.77156951206047,READY,12.5,False,84.8145757830021,43.88559092262104,1,83.79688776930624,NOMINAL,LOW,STANDBY,0,1,2
2025-03-05 10:14:06.309,5054.7712668288395,314.9434044053184,47.061950940242085,0.43767212419491947,-1.4431694563940618,0.9987714443205957,2.654939656249827,0.776781533007146,69.48927484222472,201.809578622671,READY,12.5,False,84.93525970877928,43.78562496337164,1,83.88714797229053,NOMINAL,LOW,STANDBY,0,1,2
2025-03-05 10:14:06.342,5050.929290651678,315.865619663745,47.199805275789124,0.6887451215028301,-1.3070476936282773,0.9709166769027585,2.5714281429966674,0.7774694862167749,69.45045345779057,182.8929218227408,READY,12.5,False,84.8886134167051,43.71325828611194,0,83.76470198155963,NOMINAL,LOW,STANDBY,0,1,2
2025-03-05 10:14:06.375,5059.77739016387,315.81029568411276,47.58456079401717,0.9161577557353384,-0.8479184797787604,0.955247838659431,2.6488665380940644,0.768051588244499,69.41989729186133,176.03267200170677,READY,12.5,False,85.02684459167028,43.655705710317676,0,83.3614146240398,NOMINAL,LOW,STANDBY,0,1,2
2025-03-05 10:14:06.409,5062.5540804569755,316.4977080193542,47.868478572751656,1.0447394591677324,-0.6024648750324153,0.9741941986813465,2.5882368080072666,0.7669983936813122,69.38250815796614,207.22541916528854,READY,12.5,False,84.83820710415205,43.58486616238493,0,83.4471380955601,NOMINAL,LOW,STANDBY,0,1,2
2025-03-05 10:14:06.445,5068.30558413895,315.9390263642871,47.61424075857369,1.27812284683715,-0.2945077724186368,0.9610251729044902,2.5946249013001936,0.7621294863264728,69.33799068055853,185.9094419581702,READY,12.5,False,84.91899904052107,43.49726038212666,0,83.50503448448275,NOMINAL,LOW,STANDBY,0,1,2
2025-03-05 10:14:06.474,5054.254810010464,315.0601084977896,47.503118117500634,1.523109743957889,-0.6256332968069377,0.9503910920056453,2.6645899985284416,0.76428977654205,69.31103897904693,178.59200788135382,READY,12.5,False,84.74989387952452,43.40375070316084,0,83.98313530078534,NOMINAL,LOW,STANDBY,0,1,2
2025-03-05 10:14:06.510,5064.875738748881,313.27524265451,47.10586287926704,1.2390131351225424,-0.3325895144222557,0.9364818960749913,2.6028150269474035,0.7612138006611471,69.28328306306067,143.25459829685047,READY,12.5,False,84.80396453960806,43.33546408611836,0,84.34512276933701,NOMINAL,LOW,STANDBY,0,1,2
2025-03-05 10:14:06.543,5072.991180199619,313.0364780206784,46.722730165343876,1.0817607154275783,-0.42913689550899425,0.9268012338850595,2.5580209793681092,0.7580236913160634,69.27085294684991,157.7965354290398,READY,12.5,False,84.7564558909041,43.25566420265994,0,84.42489898570261,NOMINAL,LOW,STANDBY,0,1,2
2025-03-05 10:14:06.581,5063.051168865564,312.52349014035525,46.40057994310048,0.9281064907896446,-0.05314777265993509,0.9476142715206849,2.526334931810405,0.7489313586569117,69.25150898311851,139.23431327275065,READY,12.5,False,84.72955402687438,43.16656042477748,0,84.5088448264226,NOMINAL,LOW,STANDBY,0,1,2
2025-03-05 10:14:06.612,5080.7323672168495,313.09441528490714,46.220278352422945,0.8790644108115454,-0.44691706813013,0.9013263720253246,2.6148044540257414,0.7511310391620496,69.23085623882942,122.65911913351238,READY,12.5,False,84.91584711869015,43.10507616752502,0,84.45607285179412,NOMINAL,LOW,STANDBY,0,1,2
2025-03-05 10:14:06.644,5093.480292491841,314.51717346917536,46.20208435834232,0.8597081144420083,-0.24750879299795414,0.8624944210599516,2.7056196506234262,0.7459508998818172,69.19740234642849,82.58887112917996,READY,12.5,False,84.8110678906236,43.05492898842341,0,83.96117900182165,NOMINAL,LOW,STANDBY,0,1,2
2025-03-05 10:14:06.687,5093.576609696005,315.1736322651886,46.389331519131886,1.1398661818898914,0.2274783516440565,0.8460984862174412,2.62372293979553,0.7466266425601478,69.18664921153785,44.64979974204172,READY,12.5,False,84.72025818783786,42.96950992355722,0,84.26143986018434,NOMINAL,LOW,STANDBY,0,1,2
2025-03-05 10:14:06.717,5082.3950424258,315.7134772922636,46.59701820084211,1.236108266181961,-0.041225658389956954,0.8766072292088769,2.5245011650748315,0.7426508894869213,69.15066795568889,67.62548455631642,READY,12.533654299641194,True,84.57752593368879,42.872885307953794,0,84.70447250879418,NOMINAL,LOW,STANDBY,0,1,2
2025-03-05 10:14:06.744,5067.024724195533,316.75068681499414,46.33477611625499,1.0324031136137237,0.4359998479353696,0.8758043418473089,2.4989553159824935,0.7352055830071563,69.13300334552773,77.8162330028867,READY,12.436115392201648,True,84.66816079037585,42.813633522600625,0,85.05402064083283,NOMINAL,LOW,STANDBY,0,1,2
2025-03-05 10:14:06.776,5059.541999816613,317.6039221726958,46.61300492351479,0.9658321987341421,0.5475127111813876,0.8505805138461549,2.4645286416008636,0.7398745351780738,69.11414807016543,83.24906450991115,READY,12.369762486407112,True,84.55999564447856,42.76337404102579,0,84.86915362395526,NOMINAL,LOW,STANDBY,0,1,2
2025-03-05 10:14:06.817,5045.94975802438,318.4275278302132,46.70008338268166,1.0400187464279533,0.916101905192352,0.8120288007562442,2.4800049332086753,0.7322195191074762,69.07665846444138,104.81057742784596,READY,12.344108814788806,True,84.62944818506121,42.68869682966407,0,84.99861885959609,NOMINAL,LOW,STANDBY,0,2,2
2025-03-05 10:14:06.849,5054.42182561258,316.880713783637,47.056013010160555,1.3131705402467535,0.5664797408438353,0.7624796080037946,2.483024164686746,0.7336339195113172,69.06597527994298,80.89019738963096,READY,12.167666204014058,True,84.81596032288415,42.635164569924314,0,84.73194288118599,NOMINAL,LOW,STANDBY,0,2,2
2025-03-05 10:14:06.889,5067.647572821164,318.3691571633888,46.840741357521885,1.1598879039753536,0.10592591146261576,0.7314144390062691,2.4362349241063765,0.7279877185636885,69.03981295855746,118.37498300511999,READY,12.348239917357589,True,84.74269461201166,42.543614442804774,0,84.32550437820491,NOMINAL,LOW,STANDBY,0,2,2
2025-03-05 10:14:06.914,5072.0823705745115,319.75405948991005,46.9631070814125,1.1275355871092088,-0.2678591205793177,0.6831724743142922,2.410621922337739,0.7361988441490465,69.02088073908752,128.54789460250942,READY,12.405831823571026,True,84.59605082621438,42.46194102613905,0,84.03484557182033,NOMINAL,LOW,STANDBY,0,2,2
2025-03-05 10:14:06.941,5075.045720387287,321.25255616047616,47.138746859496294,1.175588789274035,0.1548592962156593,0.7215481602593635,2.387020594432619,0.7392898247525149,68.98068392369883,126.99972204240991,READY,12.592483461582532,True,84.79508500820458,42.395525770925296,0,83.70559330883049,NOMINAL,LOW,STANDBY,0,2,2
2025-03-05 10:14:06.979,5056.306052668494,321.3168153402646,46.943528658793596,1.4217718351388824,0.4342071655150208,0.7048316279664052,2.368731052040715,0.7407743465582519,68.9546661171679,158.86193167335335,READY,12.580168832997021,True,84.91746070464347,42.29560889218071,0,83.66460900908248,NOMINAL,LOW,STANDBY,0,2,2
2025-03-05 10:14:07.013,5054.0188815974525,321.16756674756846,46.69005986823269,1.3535533001736682,0.667877277018821,0.7373950958735755,2.349312434249949,0.7494121886204642,68.94005849995392,167.81334287478873,READY,12.736120018191972,True,84.96914723596451,42.20218822852064,0,83.72619631526791,NOMINAL,LOW,STANDBY,0,2,2
2025-03-05 10:14:07.047,5061.673989765448,322.96148279744745,46.372968555149086,1.5794511702171687,0.5527259703862311,0.7583694042992875,2.3430343799184286,0.7586838473530532,68.89407441661436,195.90665880665512,READY,12.776071420848721,True,85.12177546884983,42.132190964121904,0,83.51687693532534,NOMINAL,LOW,STANDBY,0,2,2
2025-03-05 10:14:07.087,5050.445906397375,324.07108445800804,46.68641258053503,1.3433528219230393,0.2213648793445554,0.7514530478333646,2.3761739850380086,0.7498610152927281,68.85557068670413,174.79865354499864,READY,12.865461495666468,True,85.02726790330985,42.075345375774845,0,83.89219960913815,NOMINAL,LOW,STANDBY,0,2,2
2025-03-05 10:14:07.112,5056.637932352434,325.88867894218225,46.22769860937921,1.6312386889128638,0.6109897618431147,0.7353255422552859,2.3453883428567788,0.7410151279592668,68.84552038228726,139.0528781372422,READY,12.832053957068432,True,84.88339590279057,42.00056118946586,0,83.82507696850173,NOMINAL,LOW,STANDBY,0,2,2
2025-03-05 10:14:07.144,5072.039604167427,324.5580280064488,46.03673057745169,1.4594597138344256,0.6592056185593752,0.7186363286679561,2.3025938424003702,0.7416473644441216,68.8155137275752,112.1331115539234,READY,12.843661258960482,True,84.85484531946753,41.9429506471604,0,84.26114280403912,NOMINAL,LOW,STANDBY,0,2,2
2025-03-05 10:14:07.180,5065.726440772355,324.68856418344393,45.76645447180389,1.7398319327754268,1.1433225653295835,0.711681578324861,2.3259676512296146,0.7346233789302621,68.77868088807897,144.4835930682566,READY,12.954553040048424,True,84.75388543991377,41.88930071714597,0,84.51915608667242,NOMINAL,LOW,STANDBY,0,2,2
2025-03-05 10:14:07.213,5080.494789959701,322.87008927077807,46.147557575226735,1.6322711273356707,1.1293144191096647,0.7376934796341321,2.3724789779772677,0.733610806318376,68.73141596215311,185.16600436013397,READY,12.82637178523388,True,84.94568683479429,41.79822281186216,0,84.1738365641458,NOMINAL,LOW,STANDBY,0,2,2
2025-03-05 10:14:07.248,5068.718532620788,322.39829821654763,46.13150189430541,1.6190655430527934,1.4107171582747124,0.7874793673506357,2.447290694867375,0.7375715659533609,68.69457774191214,235.0473465016749,READY,12.680693989638124,True,85.08982906334151,41.74723886925312,0,84.37349821294353,NOMINAL,LOW,STANDBY,0,2,2
2025-03-05 10:14:07.278,5088.295609559989,321.27662318471164,46.624623957730776,1.6269731830973921,1.5514154562636553,0.8163761912690554,2.454423229369628,0.7361661109945434,68.68340751329299,219.54701623540495,READY,12.789394188416319,True,85.05181610269402,41.64850425109998,0,84.72784495010123,NOMINAL,LOW,STANDBY,0,2,2
2025-03-05 10:14:07.322,5081.987445427065,321.8443958796467,47.11233595685895,1.8599904539275587,1.6755790047290215,0.797504763750151,2.5238249326880924,0.7383278647122634,68.64064967302771,256.12456094513743,READY,12.619672293159159,True,85.02594838081068,41.582256974403286,0,85.18757470123245,NOMINAL,LOW,STANDBY,0,2,2
2025-03-05 10:14:07.353,5069.184964507529,323.63700934761215,47.44739570863202,1.7113709057873994,1.5049529476555992,0.8275957836175569,2.610688117967895,0.7340286866670274,68.607952570604,283.1777885153844,READY,12.613201664765887,True,85.21471802259457,41.52577634303792,0,84.85934903508688,NOMINAL,LOW,STANDBY,0,2,2
2025-03-05 10:14:07.383,5055.294026740122,322.67719602209985,47.557171113172885,1.5968761644519645,1.1542175324915807,0.8316168797382899,2.5412055510338325,0.7334095282185414,68.58584797089928,258.9207843171623,READY,12.51651391686748,True,85.29662576175139,41.42655967612438,0,84.56705606116729,NOMINAL,LOW,STANDBY,0,2,2
2025-03-05 10:14:07.410,5060.07902039622,321.7246827384196,47.910711618502084,1.6258526869509475,1.2463177462367532,0.8605340810298501,2.5456327317910086,0.7412899771738465,68.55337352474514,262.3290611881697,READY,12.626198375952317,True,85.45437654976315,41.359412077490035,0,84.12910502607927,NOMINAL,LOW,STANDBY,0,2,2
2025-03-05 10:14:07.442,5068.406920489264,321.73569434146924,48.37124194856957,1.6909300562551914,0.8814309675509003,0.8572171554685621,2.466441804089814,0.745832139232526,68.53028373882229,305.2014040998254,READY,12.724205153269207,True,85.34486695145372,41.28373465357674,0,83.94272441776343,NOMINAL,LOW,STANDBY,0,2,2
2025-03-05 10:14:07.482,5064.513997785338,323.3500679550941,48.69791881231741,1.6691898789008264,1.110218747720317,0.8943721447720904,2.380908750766318,0.7530697139984381,68.50065777671112,309.07915208594045,READY,12.690877614675054,True,85.34232172584353,41.21333033339059,0,84.21330620018345,NOMINAL,LOW,STANDBY,0,2,3
2025-03-05 10:14:07.517,5079.580045068616,322.55228015800395,48.23661831396653,1.5353511891648275,1.202401186806368,0.9382008490051414,2.4526956224138425,0.7452645740163891,68.48527055988664,261.0254231266364,READY,12.652980959234908,True,85.44415432624743,41.13472698168581,1,83.71454470649827,NOMINAL,LOW,STANDBY,0,2,3
2025-03-05 10:14:07.549,5076.162798711046,321.84264220091046,48.307807157283015,1.7041842077848965,1.4727005065567729,0.9355880683547647,2.3810689981467026,0.7358704340407055,68.4501581003782,279.5348020328764,READY,12.73335852679617,True,85.62583300153959,41.07041337475901,1,83.52111107062059,NOMINAL,LOW,STANDBY,0,2,3
2025-03-05 10:14:07.586,5069.566874629915,320.7011351089418,48.52990162406397,1.4848360283195494,1.2416422784359016,0.9799156923969307,2.281870492910872,0.7343860253896457,68.40576537538035,255.2580637414767,READY,12.924721290789279,True,85.81238140445186,41.01715977198857,1,83.79230601738888,NOMINAL,LOW,STANDBY,0,2,3
2025-03-05 10:14:07.617,5060.247349563271,318.97792260083287,48.045561971237674,1.628239634704511,0.8738565889848527,1.0222781990381813,2.226319603910486,0.7303528574598674,68.39306615942174,230.7021744465048,READY,13.002667959960283,True,85.71568963743289,40.95728374637323,1,83.33916031108907,NOMINAL,LOW,STANDBY,0,2,3
2025-03-05 10:14:07.649,5077.248285946751,320.7129573987704,47.681851073447895,1.757436455069895,0.6976024910377403,0.9741062370381256,2.2665403835909026,0.7316303515579404,68.34600174419872,189.9377056680382,READY,13.119234811095271,True,85.76077256350592,40.86405482737344,1,83.50715370728847,NOMINAL,LOW,STANDBY,0,2,3
2025-03-05 10:14:07.685,5083.86007905636,320.3211686037911,47.34190488517672,2.0363473323896506,0.8021466141780579,0.9407220947375624,2.204816564529278,0.7222395922563551,68.33365331174171,154.64083929773494,READY,13.303693274051614,True,85.65416131161254,40.764361310062036,1,83.46810145061077,NOMINAL,LOW,STANDBY,0,2,3
2025-03-05 10:14:07.717,5065.853911835164,321.2440154956582,47.18129933201753,1.9299077990210456,1.0775824251592065,0.9564697836644729,2.115892119756196,0.7172456654360087,68.32015292345699,129.7876020244667,READY,13.295818860477405,True,85.6844811292948,40.695617049967254,1,83.90968275975797,NOMINAL,LOW,STANDBY,0,2,3
2025-03-05 10:14:07.750,5062.5405335362375,319.5409468988457,46.90601674955502,1.9129046405684156,1.2358513550345593,0.9848682162269031,2.115329175837744,0.7245886642003206,68.30677063820205,85.088839775969,READY,13.128243495929214,True,85.64095598903529,40.632531354620255,1,83.83233298716775,NOMINAL,LOW,STANDBY,0,2,3
2025-03-05 10:14:07.780,5064.207160310519,317.7197008129287,46.73058569808158,2.071776361427469,1.7180007040673702,1.0167974987835344,2.0439039819784193,0.7200536581921181,68.28815570537682,98.22892224862667,READY,13.023794674401788,True,85.50621580294452,40.55135826695513,1,83.67366868049601,NOMINAL,LOW,STANDBY,0,2,3
2025-03-05 10:14:07.810,5047.336364854776,319.6988007896091,46.932765950903125,1.8356976187702645,2.0971756512113293,1.051340440522229,2.104552726135289,0.7161773123055798,68.27232759991455,97.53980975469987,READY,13.139040041355159,True,85.68350775261437,40.4536738898159,1,83.41812439431526,NOMINAL,LOW,STANDBY,0,2,3
2025-03-05 10:14:07.844,5037.479771278258,320.73675193110324,46.694488768192485,2.103316345469376,1.846363354797369,1.0601338956042077,2.08376103309274,0.7129865080175141,68.24710337402718,111.69334956021696,READY,13.064336134752196,True,85.71257756312234,40.36024977007913,1,83.13867546734348,NOMINAL,LOW,STANDBY,0,2,3
2025-03-05 10:14:07.896,5042.339080955487,319.2346154438592,46.25758250686689,1.8571491897833505,1.6068608939946694,1.0543344948669144,2.0213491672705,0.7150031194660336,68.2296752514883,123.6033364562733,READY,12.90256974131719,True,85.71479125560765,40.27613367865509,1,82.89378796379505,NOMINAL,LOW,STANDBY,0,2,3
2025-03-05 10:14:07.924,5032.1022061547155,321.15186225314767,46.658896251232036,2.0333733589568936,1.8693744413388855,1.04359850299863,1.999994016820601,0.7070266069542521,68.19946204675051,108.26485100526402,READY,12.704368180926716,True,85.7257813244029,40.19074771300214,1,83.04541122073081,NOMINAL,LOW,STANDBY,0,2,3
2025-03-05 10:14:07.954,5020.270183896054,319.7534466815937,46.534254111479456,2.234001339208411,1.9768961404623422,0.9970997850199039,1.9205888560040554,0.7046554160392402,68.14974553414957,86.56094053477693,READY,12.555979537024719,True,85.69780032366123,40.12385158997403,1,83.24161762500856,NOMINAL,LOW,STANDBY,0,2,3
2025-03-05 10:14:07.990,5022.5742078081885,318.3083156180153,46.15278872593362,2.0101126077041984,1.979660217271307,1.0210838118395515,1.8249219151684688,0.7030893018250522,68.10613623316515,105.09446560475885,READY,12.543624654185358,True,85.58182936159304,40.05474060261078,1,83.46630358889762,NOMINAL,LOW,STANDBY,0,2,3
2025-03-05 10:14:08.022,5038.03105027827,318.3952997290441,45.777439535439676,1.9861749518086524,1.8040638096850268,1.0530544357209561,1.7963789001442738,0.707655169843465,68.0822735052914,73.93460112806594,READY,12.60330933459989,True,85.54852858560973,39.99555289211551,1,83.87291909010429,NOMINAL,LOW,STANDBY,0,2,3
2025-03-05 10:14:08.054,5051.312089657425,319.67835007363766,45.37569721281439,2.165562299434252,1.671665137037052,1.1015262276894473,1.806216421273971,0.715531989693166,68.0539163020701,60.485867036128994,READY,12.579579757569476,True,85.61189260788123,39.914130004417004,1,83.5399029559616,NOMINAL,LOW,STANDBY,0,2,3
2025-03-05 10:14:08.090,5035.262518277679,318.8569781533681,45.330406976176185,1.9422218514154617,1.4492392342849696,1.0776628041246519,1.7486005538857896,0.7139187573679387,68.02284045942027,105.72324545122855,READY,12.645038863862512,True,85.70432158828486,39.837500290007256,1,83.19222399806951,NOMINAL,LOW,STANDBY,0,2,3
2025-03-05 10:14:08.124,5018.668457886602,320.3092984977399,45.11161008227574,2.1030381396002342,1.0694430725114965,1.0942924060384647,1.8331203300695162,0.7113996807116201,67.99422385502191,80.75862491739925,READY,12.67082138845521,True,85.69248407424081,39.772835955945276,1,83.24540697660458,NOMINAL,LOW,STANDBY,0,2,3
2025-03-05 10:14:08.153,5002.135433334738,321.68002631482335,45.24315207960123,2.2349646191409396,0.8173761667187702,1.072550842042931,1.7630442957259866,0.709988559691579,67.95105180952237,35.47411750778115,READY,12.728383783748763,True,85.70478195793096,39.716656556258194,1,82.98224085525271,NOMINAL,LOW,STANDBY,0,2,3
2025-03-05 10:14:08.189,5006.524171198285,320.33521491403985,45.2305203226101,2.079601664092702,0.9266008963013271,1.0427606293518636,1.8242921685744276,0.7198721974906896,67.90173286867585,74.09935096571826,READY,12.646409733972583,True,85.86532679393775,39.66171976161015,1,83.44834327838963,NOMINAL,LOW,STANDBY,0,2,3
2025-03-05 10:14:08.222,5015.713669827426,321.97205791147246,45.006529454496444,1.9509679318480757,0.8597383968944511,1.0004835103077308,1.7762844244943008,0.7159895889340812,67.85376361277538,39.88829485475816,READY,12.732118698720003,True,85.97341829952015,39.56623902574042,1,83.77918149575231,NOMINAL,LOW,STANDBY,0,2,3
2025-03-05 10:14:08.254,5020.956828414539,321.0882030441385,45.22335191083873,2.152358077832236,0.8245579236607808,0.9533060339849603,1.7581481317575762,0.7168588516572088,67.80893158922314,89.71630403484377,READY,12.640795090510684,True,85.87931744517712,39.50921411675243,1,83.87085417292617,NOMINAL,LOW,STANDBY,0,2,3
2025-03-05 10:14:08.290,5031.4156476218695,319.9888289468668,44.74678965603526,2.1779178201450224,1.046628385001863,0.9436189451542397,1.8010164694549968,0.7136648802111214,67.77321122599402,50.37404282834639,READY,12.712047340662412,True,85.84644772632751,39.45601644468205,1,84.07571039459326,NOMINAL,LOW,STANDBY,0,2,3
2025-03-05 10:14:08.322,5050.329226847806,318.998205578392,44.79781278590615,2.2410200419467605,1.0562276421183778,0.9400351263219253,1.7745299301921984,0.7056863850169771,67.75436152584139,23.941876872865254,READY,12.775621110876369,True,85.6782948792934,39.372117683747035,1,84.34142923271563,NOMINAL,LOW,STANDBY,0,2,1
2025-03-05 10:14:08.359,5053.720074943064,317.94077414561565,44.96645179763026,2.234260342406121,1.4537499666035356,0.8904616570671682,1.8312425082895212,0.7052081094755792,67.73754208971323,1.001438878508612,READY,12.738413832455759,True,85.76748904522417,39.31727243471691,1,83.88084171503081,NOMINAL,LOW,STANDBY,0,2,1
2025-03-05 10:14:08.379,5044.205285038574,316.5960706414494,44.51305864839595,2.24249457218358,1.2578266758562124,0.8666737483266014,1.742048909676978,0.6960625334914081,67.70873712131284,-10.702687152898338,READY,12.667936102344097,True,85.8613421124202,39.223387922672174,1,84.29235005244259,NOMINAL,LOW,STANDBY,0,2,1
2025-03-05 10:14:08.410,5061.559174426388,315.28483205389074,44.1484699071612,2.3722131866468095,0.815160490735544,0.9106343659722084,1.6803977024545393,0.7046729535612695,67.68548336534008,5.900571915255465,READY,12.848373568862732,True,85.71496966208721,39.13974134613798,1,84.14436245193966,NOMINAL,LOW,STANDBY,0,2,1
2025-03-05 10:14:08.442,5070.081354444625,315.822439145877,43.78884848334522,2.125180981946607,1.1000605825193048,0.8666794696820364,1.6810819408386206,0.7119100305261996,67.66580055448303,23.156006682527046,READY,12.93510033098109,True,85.88186909130948,39.06991247303052,1,84.11872458056968,WARNING,LOW,STANDBY,0,2,1
2025-03-05 10:14:08.478,5075.040515824004,314.6454275981952,43.64357481328543,2.194955299518488,1.2761277815974295,0.8425829244169403,1.7371421997148904,0.7039737312874121,67.63006674716894,65.05612769819541,READY,12.838354606796978,True,85.84100029419756,38.9936298902564,1,83.69180661295734,WARNING,LOW,STANDBY,0,2,1
2025-03-05 10:14:08.509,5057.138222940827,313.0176871715457,43.76299550570714,2.4464660236762894,1.7485702286937872,0.8695383556963786,1.7774553477801158,0.7132222948215995,67.58100304607517,89.18665246640431,READY,12.903645479689224,True,85.76079616866976,38.92829520663824,1,83.42164297575269,WARNING,LOW,STANDBY,0,2,1
2025-03-05 10:14:08.544,5047.265715294574,313.95596766010203,43.93172305316518,2.177554574679669,1.480946738841096,0.9006395957767641,1.8752034264178312,0.7125347516002051,67.56286891600219,93.12597054121885,READY,13.088234570459232,True,85.88602655613929,38.85971950433655,1,83.17068966812897,WARNING,LOW,STANDBY,0,2,1
2025-03-05 10:14:08.591,5060.962307839039,314.63773878939594,43.47287597379563,1.9284654170017126,1.0977043277342349,0.859957654696363,1.7996615119835606,0.7153823023634053,67.51364872846449,47.37891241880557,READY,13.249711176694253,True,85.97067711581506,38.79025068162862,1,82.95735681340861,WARNING,LOW,STANDBY,0,2,1
2025-03-05 10:14:08.613,5047.607944711279,316.4461092997687,43.672953239444794,1.6735155827665693,1.1585161238837847,0.8333951029482024,1.754075568018403,0.7077021282072813,67.47530395723139,25.05487349153585,READY,13.320579111780301,True,85.8352082148477,38.73203449231245,1,83.44462717381809,WARNING,LOW,STANDBY,0,2,1
2025-03-05 10:14:08.645,5065.149270958301,317.8267679330227,43.70707989623444,1.4382354825479446,1.1204047310388026,0.7992266276745581,1.6892547232952504,0.7000261222991463,67.46267266836841,17.441892468833082,READY,13.187044096144744,True,85.70105576560736,38.66949698150368,1,83.59248217244352,WARNING,LOW,STANDBY,0,2,1
2025-03-05 10:14:08.681,5047.363972345104,317.85719659007054,43.50951908807046,1.6271047592652201,1.35137501266356,0.8102791472132563,1.6268355599251902,0.7014633752361887,67.45258846610889,31.97522069763692,READY,13.195716141411507,True,85.7294408477149,38.61631423647174,1,84.02368389895487,WARNING,LOW,STANDBY,0,2,1
2025-03-05 10:14:08.722,5041.734133864443,318.68859005051144,43.53388351600689,1.891836160510742,0.9601486204854952,0.8247408117828327,1.6187034818174175,0.6958889938771616,67.40555362953768,81.01831498244138,READY,13.224088405465913,True,85.79467779041599,38.54244813867874,1,84.31945073490402,WARNING,LOW,STANDBY,0,2,1
2025-03-05 10:14:08.757,5053.283243829007,319.8839141367564,43.63893817716032,1.6653740465286089,0.9941214551961297,0.7872757381986302,1.6978909345936892,0.6911229077167026,67.36418958307094,130.85914202494072,READY,13.034661370228568,True,85.79942451730318,38.45477300274182,1,84.71108549785768,WARNING,LOW,STANDBY,0,2,1
2025-03-05 10:14:08.779,5042.747224666855,319.87063861460575,43.776825602114045,1.5106198773537678,1.3910757631742257,0.7964374589037472,1.7186770415487538,0.6966676083477223,67.3500806248146,85.45218177393258,READY,12.922591337766194,True,85.86729216475574,38.36744779270141,1,84.26641251391965,WARNING,LOW,STANDBY,0,2,1
2025-03-05 10:14:08.809,5031.367661977231,318.47396018943743,43.92009689704381,1.354260355597684,1.2880943570576207,0.8463951941689857,1.6850261463926643,0.6954287042257585,67.31616650196482,93.34559002289474,READY,12.851592641719046,True,85.96543117857424,38.305849093499816,1,84.30813973955634,WARNING,LOW,STANDBY,0,2,1
2025-03-05 10:14:08.856,5044.776690452063,317.5821437789692,43.84414626118466,1.4012200274037394,1.2932246299379555,0.8955631080531765,1.5883627134575231,0.6893845284156835,67.27723346823207,62.01105288021441,READY,12.831613210625097,True,86.09290370673321,38.20849251353553,1,84.104030548413,WARNING,LOW,STANDBY,0,2,1
2025-03-05 10:14:08.896,5043.243817479018,316.50993865451096,43.39081986130488,1.30343911488042,1.716230804788239,0.8651338177345567,1.5928395768031474,0.6935363245229046,67.24122785337877,69.71836445774508,READY,13.026530254349405,True,85.93258872551961,38.12951770839621,1,83.61046943273853,WARNING,LOW,STANDBY,0,2,1
2025-03-05 10:14:08.925,5027.8387163028765,317.20340297141263,43.31274072199586,1.2312311416387027,2.2073819466070557,0.841937708646012,1.6248686475929774,0.6885737289689534,67.2065909754301,28.74609444884687,READY,13.133165871928663,True,86.12711435770542,38.061028652075336,1,83.52332549373872,WARNING,LOW,STANDBY,0,2,1
2025-03-05 10:14:08.961,5045.451683752481,317.5328856695557,43.483172565174975,0.9815285223078629,1.9553031055374777,0.8309207389571148,1.711272857776767,0.6969693122543988,67.17036142493208,-8.745855643517388,READY,13.31806715599102,True,86.03483907797393,37.98629846916423,1,83.59646004885758,WARNING,LOW,STANDBY,0,2,1
2025-03-05 10:14:08.989,5060.848193305562,318.90796080961,43.82472193708893,0.9195035203352516,2.4239686307672885,0.83557640143848,1.615041676310417,0.698843841751314,67.1285596299823,30.888709761133,READY,13.289993883528592,True,85.94007521395702,37.91654469316557,1,83.73114924384063,WARNING,LOW,STANDBY,0,2,1
2025-03-05 10:14:09.022,5076.377110372027,318.2886823111651,43.61352150966679,0.7617936702990469,2.0902147494023504,0.7934507725126576,1.6540215102108813,0.7070665184841134,67.09958408553341,79.89624378835097,READY,13.486747735260082,True,86.10081543894202,37.86519085180077,1,83.96074491668101,WARNING,LOW,STANDBY,0,2,1
2025-03-05 10:14:09.060,5091.8875665562255,318.80070008252767,43.18064316306925,1.0555216973378885,2.3219190485152668,0.8405097372813028,1.7067244183119121,0.7038955856690583,67.07856477845786,122.57443931621515,READY,13.416004677601446,True,86.29231297455131,37.804960681717525,1,83.77951106261483,WARNING,LOW,STANDBY,0,2,1
2025-03-05 10:14:09.092,5110.84816914415,316.846746925872,43.49121785043293,0.8652435871957965,2.4770245338413663,0.8125123807127346,1.8036852149860416,0.6950832940487417,67.05473820539333,172.3281902314378,READY,13.461584736569923,True,86.41684347224242,37.714920178588045,1,83.29995590409918,WARNING,LOW,STANDBY,0,2,1
2025-03-05 10:14:09.128,5090.992651476715,316.8066071689864,43.914762648012015,1.1358325620013785,2.299345362674012,0.8203506033485415,1.7487873483833614,0.685171300481252,67.01589617479753,170.2303342338956,READY,13.502300728919108,True,86.46078110340501,37.6203950585485,1,83.114695158817,WARNING,LOW,STANDBY,0,2,1
2025-03-05 10:14:09.157,5073.01182357101,316.64073051037,44.37330509786107,0.9638220032142096,2.3728596590446904,0.8155800194211635,1.6513981199798111,0.6923581719172311,66.98542337296465,157.25490642279806,READY,13.459083839303691,True,86.50627551121224,37.547620640372294,1,82.6706960431382,WARNING,LOW,STANDBY,0,2,1
2025-03-05 10:14:09.191,5087.409811818548,317.34069122895926,44.80756077070998,0.718969567896514,2.8553125469415814,0.8336974673454673,1.7055521443504869,0.6998933552594802,66.93782132818684,163.42614584533936,READY,13.633767528003254,True,86.33118416493157,37.46016672851577,1,82.53793720554167,WARNING,LOW,STANDBY,0,2,1
2025-03-05 10:14:09.222,5077.855868798476,317.9709887947853,44.57540227107611,0.8200353586483246,2.9115002138443584,0.8499576490940477,1.7048269162937337,0.692488353199651,66.89872316808139,195.82505958537027,READY,13.533686219080577,True,86.46121954357822,37.37599696945213,1,82.99263112243295,WARNING,LOW,STANDBY,0,2,1
2025-03-05 10:14:09.262,5071.525249771343,316.6366425628407,44.58942212771408,0.9805670851720415,2.980451648876373,0.813271216986949,1.660868123619316,0.6923390750276114,66.84883913546652,207.2362437245097,READY,13.731633903986337,True,86.45778975482672,37.28230832233958,1,82.99494911927528,WARNING,LOW,STANDBY,0,2,1
2025-03-05 10:14:09.290,5090.881357062002,315.7395644551023,45.00621880056672,0.8316912520320756,3.42919066483773,0.8343896835784138,1.6118236064908864,0.6927930396306698,66.82916371929781,191.27483013597325,READY,13.590739996068391,True,86.38976955295003,37.23072869057146,1,82.95777558143105,WARNING,LOW,STANDBY,0,2,1
2025-03-05 10:14:09.324,5084.472698244953,316.8603774675083,45.36768515826983,0.6768118949335677,3.9071135901971052,0.8097304447538638,1.5292947073695218,0.6919561595590396,66.80712327922879,146.5116652226701,READY,13.429583665563396,True,86.54040404478823,37.13665143405318,1,82.71608911544709,WARNING,LOW,STANDBY,0,2,1
2025-03-05 10:14:09.359,5084.008282085967,315.48333120251954,45.46205327636793,0.43005478041331535,4.212075190207802,0.8433355718469262,1.4892333213235815,0.6990726914119123,66.78246330056008,178.90569830272273,READY,13.546387253481868,True,86.67531745357309,37.0495943219287,1,82.6838079585463,WARNING,LOW,STANDBY,0,2,1
2025-03-05 10:14:09.390,5090.449566954505,316.68154734282837,45.88528432234161,0.15692247481627825,4.705980165888185,0.8468040232171737,1.4042671917012337,0.6981860579232968,66.76716862697748,178.62932267693853,READY,13.395090354251362,True,86.77687730075566,36.95618316441333,1,83.03467831838877,WARNING,LOW,STANDBY,0,2,1
2025-03-05 10:14:09.422,5089.160718841496,316.4472286103061,45.47636235614257,0.42394412825412253,5.074025482522357,0.820360932925798,1.3542616554070652,0.7063564003720654,66.75589049609927,132.31318609574464,READY,13.486626381470675,True,86.77081388773242,36.89106768795202,1,82.87834348128698,WARNING,LOW,STANDBY,0,2,1
2025-03-05 10:14:09.461,5094.6090652949115,315.55545800660775,45.13024927025303,0.24998148008979149,4.942538170654305,0.7896127365440356,1.3525520251143548,0.7003637173882292,66.73794153957864,136.86225850818678,READY,13.46997801938154,True,86.80050564926594,36.79648164158226,1,82.96716038337689,WARNING,LOW,STANDBY,0,2,1
2025-03-05 10:14:09.490,5081.720792214519,317.2671200692348,44.922010783248865,0.21471398827285282,4.547175324974773,0.835742366129302,1.358086367310218,0.6936062721012424,66.69265880238692,119.50090337688272,READY,13.481480346608024,True,86.92331487715848,36.714207573279346,1,83.13057879764716,WARNING,LOW,STANDBY,0,2,1
2025-03-05 10:14:09.522,5101.717717226197,317.23575811412593,44.473046596241744,0.21546236561951032,4.1626390549132735,0.8175570010343405,1.333323256509189,0.693277364677161,66.65043230547695,147.64553383690497,READY,13.466498432775058,True,87.11066779677525,36.64772087068792,1,83.55607650224508,WARNING,LOW,STANDBY,0,2,1
2025-03-05 10:14:09.559,5084.585818594244,318.63601679206977,44.66493154439831,0.1296531676618073,4.544143928633927,0.8198772064398334,1.3277556120340035,0.6953893625089653,66.61648725191003,111.50527548552947,READY,13.343252270582253,True,87.088689748168,36.579114029544435,1,83.5573421385677,WARNING,LOW,STANDBY,0,2,1
2025-03-05 10:14:09.589,5067.329405667699,320.50361004391016,45.10800122976492,-0.15888958711569545,4.3525740205726375,0.8649969685521014,1.4248579423711383,0.7024520253636525,66.58654379787579,158.02612216156916,READY,13.219030890290878,True,86.91825353717144,36.48714408305079,1,83.7046605416908,WARNING,LOW,STANDBY,0,2,0
2025-03-05 10:14:09.621,5054.5221521455105,321.90196967791525,44.860976787621205,-0.378119608076829,4.641185472907206,0.8285261171606395,1.4353014502507804,0.7009064027092671,66.54133201424226,159.14004700486504,READY,13.35191316606716,True,86.99161595978653,36.42090531117627,1,83.38091539944159,WARNING,LOW,STANDBY,0,2,0
2025-03-05 10:14:09.653,5070.346969485252,322.5188614541471,44.77079409805797,-0.45602925645189607,4.433004007244048,0.8482622850956167,1.4463115713552133,0.6910185170409241,66.49241586153626,132.58709188018452,READY,13.515289279228353,True,87.08402381371343,36.36077353710105,1,83.45052852456539,WARNING,LOW,STANDBY,0,2,0
2025-03-05 10:14:09.690,5059.267670247288,321.0822296348624,44.934307737240445,-0.7326636152348542,4.353212619726795,0.819213710914252,1.3565780984487756,0.7001784886506599,66.44960182362675,145.86599230484512,READY,13.695603634707714,True,87.23409949317781,36.28653018518913,2,83.73591874647002,WARNING,LOW,STANDBY,0,2,0
2025-03-05 10:14:09.716,5066.973244380679,319.9193883697864,45.13781062959292,-0.9320912476181408,4.398407453842026,0.8575940358461693,1.2824250318934227,0.700948144075429,66.39987244009158,191.60009446633717,READY,13.663556354571194,True,87.03816309327877,36.233664148821205,2,84.13426907797827,WARNING,LOW,STANDBY,0,2,0
2025-03-05 10:14:09.752,5047.232583337643,321.3524216353052,45.45963094229035,-1.0964899080287198,4.715777417107573,0.8170809574111695,1.2684192109628636,0.7004269123449912,66.35577493430543,145.95505061028354,READY,13.840503357156576,True,87.08334444118267,36.178412447052644,2,84.48078935896098,WARNING,LOW,STANDBY,0,2,0
2025-03-05 10:14:09.784,5044.61246380426,322.70945804800505,45.69785355205867,-1.0376207270755589,5.066043626226528,0.8337185439027681,1.2288522675955558,0.6964901118723645,66.31859468447256,176.69865142563123,READY,13.9929898592258,True,87.25146720220958,36.07841277551574,2,84.8012350741616,WARNING,LOW,STANDBY,0,2,0
2025-03-05 10:14:09.816,5057.954983128596,324.4540243825918,45.6906956078482,-0.7685255008765699,4.715731322306097,0.7900273773345489,1.175824511424177,0.6920893213549201,66.302035623762,164.45989479060276,READY,14.039921201064109,True,87.36252545925427,36.00487295431688,2,85.21070701592951,WARNING,LOW,STANDBY,0,2,0
2025-03-05 10:14:09.853,5076.572031394875,325.77597368730443,46.08926308147076,-0.8393654849025208,5.200621394966338,0.7619500116646236,1.2587866976006452,0.7003644394554536,66.26186597049566,204.7879151798175,READY,13.985904334254021,True,87.16958689415803,35.94295719866362,2,85.08345158515428,WARNING,LOW,STANDBY,0,2,0
2025-03-05 10:14:09.885,5085.089717882179,325.8777792989389,46.04453905220408,-0.9005567141988119,5.021710516262776,0.7635938573801289,1.2125418816840479,0.6905855646114816,66.23164803603805,189.39292581765147,READY,14.121523689876541,True,87.28412040026801,35.874481665367284,2,85.53040589280931,WARNING,LOW,STANDBY,0,2,0
2025-03-05 10:14:09.912,5102.202735551621,324.64831415390336,45.93279168068001,-0.6875054620669947,5.19089756773564,0.7224288569223761,1.2510784977997207,0.6898445526089262,66.2139457811505,198.16110231866872,READY,14.101250902469673,True,87.38594539489803,35.7795680008689,2,85.84220763788299,WARNING,LOW,STANDBY,0,2,0
2025-03-05 10:14:09.946,5098.144195686074,324.99902558501384,45.51979522404315,-0.41476373507481173,5.607610787982158,0.7116236251193253,1.2475861928610104,0.6960974050875381,66.17139190686116,222.4134829117518,READY,14.116852966276037,True,87.33425579025487,35.70283375888824,2,86.05387765890151,WARNING,LOW,STANDBY,0,2,0
2025-03-05 10:14:09.978,5102.528914672042,326.4078795005676,45.163174345661105,-0.46690087098662336,5.884980720700627,0.6994206400539025,1.2220420489510988,0.7043400516292162,66.13881164101115,256.5666928740966,READY,13.943533978091608,True,87.28455977997578,35.63066018362013,2,85.61454276587482,WARNING,LOW,STANDBY,0,2,0
2025-03-05 10:14:10.022,5105.672060273792,328.37253694007444,45.4576098429521,-0.39251267965655884,5.708349474650798,0.6642785492253954,1.2882893527667147,0.6966451218897943,66.10751566950935,273.65276318184766,READY,14.0570979096476,True,87.44016627341061,35.558685019182846,2,86.04704874231876,WARNING,LOW,STANDBY,0,2,0
2025-03-05 10:14:10.055,5094.523314915684,327.9915231113215,45.45207401522748,-0.37313640401851167,5.825754531692504,0.7059036423468125,1.3849374489647812,0.6929710161693156,66.07711691077404,297.92575910102516,READY,14.203393480984037,True,87.26633943977401,35.494533799129464,2,85.96668825651189,WARNING,LOW,STANDBY,0,2,0
2025-03-05 10:14:10.079,5109.941022523139,327.7272180393915,45.2432396547497,-0.20825218110107108,5.769992538485293,0.6789579645364797,1.386430392438164,0.6936862325650486,66.06670392495563,314.0748500567997,READY,14.202598037433923,True,87.24291698206369,35.42359808292824,2,85.84112300689401,WARNING,LOW,STANDBY,0,2,0
2025-03-05 10:14:10.112,5117.156324050286,327.8592615071816,45.23330077672786,-0.1747241709472377,5.488780649391632,0.6832354535873871,1.457107849164915,0.6965982071347726,66.03232763400408,308.9804487314744,READY,14.057963562167117,True,87.11371420230526,35.333363369886854,2,85.75323807822804,WARNING,LOW,STANDBY,0,2,0
2025-03-05 10:14:10.148,5114.619065949032,327.54470999890964,45.42959096782503,-0.04024925844121646,5.1851270316356315,0.679515180602891,1.4212173365846774,0.6911639534334355,65.99053658965477,292.30075069645017,READY,13.91022964814686,True,87.22248370855424,35.278580855300014,2,85.46228082301221,WARNING,LOW,STANDBY,0,2,0
2025-03-05 10:14:10.182,5100.3856916901495,326.67419433364955,45.79851757158724,0.11805702457615308,5.532293484604208,0.7280534439964121,1.3853133006765734,0.6812155709388544,65.94668439124018,249.77712411087742,READY,13.756360870920851,True,87.1100497149787,35.22087442598425,2,85.19437430961482,CAUTION,LOW,STANDBY,0,2,0
2025-03-05 10:14:10.215,5089.938134166647,326.7990450508433,46.08834074959777,0.11853239888138722,5.228095442545115,0.7341876164720413,1.4127480367364482,0.6871285383680089,65.91295138610964,232.90937800619312,READY,13.803134800457366,True,87.24019261336068,35.128689144167915,2,85.4105243389218,CAUTION,LOW,STANDBY,1,2,0
2025-03-05 10:14:10.251,5074.138258729693,327.37348570387235,45.89379862758851,-0.09501744344781568,4.742565147599082,0.7497627793300946,1.3194967335307397,0.6786706629113345,65.89950228175218,206.16603410052022,READY,13.705987076785297,True,87.16270276015563,35.04408749521604,2,85.44425932008195,CAUTION,LOW,STANDBY,1,2,0
2025-03-05 10:14:10.282,5093.074266974533,326.7033849911671,46.24089005749376,-0.3205678799280946,4.401389786903564,0.7049613849055026,1.3831418728157345,0.6807633949453755,65.85770818900613,223.53565393201086,READY,13.564179410349917,True,87.1076432429159,34.99087474968006,2,85.08974676451,CAUTION,LOW,STANDBY,1,2,0
2025-03-05 10:14:10.315,5085.46637352017,325.4019762645337,46.67010223703368,-0.2163609943940405,3.929972183856356,0.7436207124240981,1.365416927448765,0.684365313858714,65.83655230201248,248.88629132296023,READY,13.699473474846402,True,87.25138131705162,34.9193636642851,2,84.95059581486179,CAUTION,LOW,STANDBY,1,2,0
2025-03-05 10:14:10.351,5083.956587905945,327.2555549310524,47.01744665284402,-0.33385629395960226,3.8996448402818547,0.773874119471858,1.357759257955756,0.6908582551078158,65.79200835913997,251.62962316226015,READY,13.539913588472649,True,87.26830244910741,34.847300901018095,2,85.29676653035291,CAUTION,LOW,STANDBY,1,2,0
2025-03-05 10:14:10.383,5090.226303304865,328.2652522144269,46.8215516932933,-0.4732167322229658,3.5661898623857198,0.7451241276840007,1.4401556997147114,0.7007608163276549,65.7626697945972,288.02740209063666,READY,13.614208693750552,True,87.29897705545892,34.78327788575339,2,85.69034995812562,CAUTION,LOW,STANDBY,1,2,0
2025-03-05 10:14:10.415,5105.242217200339,326.9416986878881,46.62437534294592,-0.24412550373913294,3.8186498412062875,0.6982197621356566,1.4335270446288964,0.7013582984113232,65.74344929993309,334.866159152613,READY,13.596196109701598,True,87.19047439588415,34.69884885182423,2,85.86716974348869,CAUTION,LOW,STANDBY,1,2,0
2025-03-05 10:14:10.451,5111.299104654747,327.4405300445749,46.85805973477276,-0.40033936169366446,4.056143050289386,0.6652058944987437,1.4876492843559268,0.699805077918605,65.72103358748305,315.384859090272,READY,13.629367527603916,True,87.24140536673451,34.602980744088924,1,86.15429266538447,CAUTION,LOW,STANDBY,1,2,0
2025-03-05 10:14:10.483,5118.336238886231,326.6721439964345,47.15219786623615,-0.6585586547009245,3.715767087282897,0.6924590106574469,1.4614153176195577,0.6900961587300116,65.70849734140944,333.7807895346816,READY,13.542205686364138,True,87.33427126064018,34.543362846288765,1,85.80407210627025,CAUTION,LOW,STANDBY,1,2,0
2025-03-05 10:14:10.518,5106.104578388733,325.3607211257774,46.80859403281227,-0.5447665856152437,4.087984017095464,0.6425175930832443,1.4525046024500399,0.6948974655909748,65.68084371811165,318.83391838953213,READY,13.576783161268576,True,87.14375311101907,34.491659837828195,1,86.24343126138369,CAUTION,LOW,STANDBY,1,2,0
2025-03-05 10:14:10.547,5111.394837040732,324.74790425994047,46.50184372303127,-0.44548302851688826,4.387869042822789,0.6497107042076806,1.5197404762595248,0.6890816885934271,65.65125886003915,356.303097292202,READY,13.54161285213251,True,87.21354915396165,34.41122281310937,1,86.38846945411123,CAUTION,LOW,STANDBY,1,2,0
2025-03-05 10:14:10.582,5102.081718428169,324.35301909891666,46.997698511062254,-0.7243282052487152,4.463536600554653,0.6034535433595044,1.5369972720039862,0.6892429865018807,65.60929716780032,356.0964548689331,READY,13.63078660997302,True,87.13912996789982,34.3112856147458,1,86.16493138682353,CAUTION,LOW,STANDBY,1,2,0
2025-03-05 10:14:10.609,5087.0770914976665,323.86977846814614,47.19226784172042,-0.5695492511784565,4.808119258129854,0.6447962235464759,1.5362130167019208,0.6875076033055949,65.599144779421,375.3541785586941,READY,13.65751791507508,True,87.16356925542323,34.23290766877839,1,86.40870726792606,NOMINAL,LOW,STANDBY,1,2,0
2025-03-05 10:14:10.649,5105.0301934234285,322.58606546742305,46.99580799767117,-0.5458927593351413,5.026403935498157,0.6368456565607032,1.533473938957022,0.6969785016726364,65.58074614806522,376.12208460786553,READY,13.503453589509858,True,87.24689667002072,34.152497470545676,1,86.4304495205489,NOMINAL,LOW,STANDBY,1,2,0
2025-03-05 10:14:10.689,5112.294055649783,321.00003097108214,47.16196716683356,-0.5324001927699121,5.0662418278989145,0.6124819877503044,1.551626824697269,0.6894388925351519,65.5668018488606,393.9340370185954,READY,13.670708040357137,True,87.34488281301904,34.08656726841324,1,86.36885592226477,NOMINAL,LOW,STANDBY,1,2,0
2025-03-05 10:14:10.721,5100.0505330643655,320.8810773475999,47.18471142563025,-0.3906829244458392,5.5434650641289736,0.6433750438599469,1.4967780377610682,0.6956825066248374,65.53741085444219,363.7882495305022,READY,13.590966865992984,True,87.52280543771792,34.033919280783444,1,86.77543629938707,NOMINAL,LOW,STANDBY,1,2,0
2025-03-05 10:14:10.750,5106.288812883844,321.7840130425484,47.37208721134547,-0.6199137152104597,5.923264283274942,0.6748620419741905,1.3969237860118082,0.688842523480437,65.48929768896397,378.1987200374078,READY,13.625926057836928,True,87.67979688172099,33.93890904690438,1,86.37085122707954,NOMINAL,LOW,STANDBY,1,2,0
2025-03-05 10:14:10.781,5100.4364955001765,319.8048363587085,46.972335738797426,-0.5045758912146566,6.150158120364809,0.6900640803117964,1.423774956629327,0.6966687011887216,65.45786811694913,382.2301840881664,READY,13.801037657158119,True,87.69177507515369,33.87452037390981,1,86.7597074938166,NOMINAL,LOW,STANDBY,3,2,0
2025-03-05 10:14:10.813,5099.071703307655,319.5241995679623,46.65867178975284,-0.3578818431414983,5.880340747685596,0.7257897266787388,1.4619377014993717,0.7014055843116604,65.4087752824899,356.68787923044846,READY,13.647438616084127,True,87.74249862909413,33.77642058312176,1,86.36511178698434,NOMINAL,LOW,STANDBY,3,2,2
2025-03-05 10:14:10.858,5103.704459060448,319.86464067300216,47.053482558232695,-0.08179095728569136,5.637389404368462,0.727607525751118,1.397885050883917,0.7078919620231895,65.38897079636645,387.4630891633639,READY,13.741762261006082,True,87.86101976947387,33.68618765920047,1,85.93020870512817,NOMINAL,LOW,STANDBY,3,2,2
2025-03-05 10:14:10.888,5118.205028578598,321.4948775556658,46.602191269570724,0.028925466713997927,5.981986343103785,0.7127404050250729,1.3129524352817012,0.7125743049817649,65.3500990160132,359.74383045887157,READY,13.688058130021346,True,87.67796357701313,33.604101147942394,1,85.85019165745464,NOMINAL,LOW,STANDBY,3,2,2
2025-03-05 10:14:10.916,5109.988457911444,322.9036274287963,46.17263901034949,0.3005362184865211,6.112454918248241,0.7566120874081039,1.3660246841014465,0.7137468730380716,65.3258257565441,364.40091554578146,READY,13.77463055230968,True,87.52173525280377,33.520318474534676,1,86.30325181470191,NOMINAL,LOW,STANDBY,3,2,2
2025-03-05 10:14:10.949,5106.723168518613,323.8636897213599,46.21436573890899,0.3373115773526666,6.394508687770494,0.7483548368569845,1.3580618882258286,0.7149969717039542,65.28111826858107,375.30346813718154,READY,13.77924383206768,True,87.49411563116387,33.46400763610679,1,86.64144197762816,NOMINAL,LOW,STANDBY,3,2,2
2025-03-05 10:14:10.977,5101.173297529777,324.83144467953406,46.25718089292618,0.1669033881683222,6.482275112532879,0.7230798608517417,1.379712723643255,0.7136264459998007,65.2572470877715,397.8985435478628,READY,13.700614784706294,True,87.4079876901178,33.365169398676976,1,86.84720061372312,NOMINAL,LOW,STANDBY,3,2,2
2025-03-05 10:14:11.015,5084.186886941086,324.08703947089583,46.11112918861698,0.03141644510168026,6.049991185590871,0.7570537708620939,1.3341789571473837,0.7057209899652367,65.22154601112491,391.3465806158768,READY,13.812992232646529,True,87.52520312776947,33.31444921823028,1,87.0022042891083,NOMINAL,LOW,STANDBY,3,2,2
2025-03-05 10:14:11.046,5067.67669478413,323.1507524172998,45.87667380550449,-0.07750501861102191,5.799758018013533,0.7983959356906742,1.3827210237908263,0.7113012328337761,65.1783372976159,399.34929565608525,READY,13.877766823611623,True,87.61755026093034,33.24281985420903,1,86.99098774935197,NOMINAL,LOW,STANDBY,3,2,2
2025-03-05 10:14:11.078,5052.557332256435,321.9071258340545,46.056540920007635,-0.0014690339370946603,5.9969905728854895,0.8444736350259974,1.4020570404644257,0.7206145084916187,65.1466273962507,364.79110490997635,READY,13.998681615773556,True,87.60358918739838,33.182257554461835,1,86.9752977791384,NOMINAL,LOW,STANDBY,3,3,2
2025-03-05 10:14:11.120,5067.248075252782,320.5532219211702,46.10123762928276,0.05663301737020485,6.2611023590022485,0.8906513565573835,1.3894661391531564,0.7225129439254059,65.10195474976373,340.48155346909647,READY,13.95912048796988,True,87.7981217603542,33.121109907353684,1,86.75829618384762,NOMINAL,LOW,STANDBY,3,3,2
2025-03-05 10:14:11.153,5065.803587884417,318.75799481115484,46.26238744037011,-0.013261570741674333,6.198193671565164,0.9157287731530136,1.408712862946083,0.7160864648194009,65.05894171408559,332.69655348588356,READY,13.783610997218192,True,87.6582086029546,33.06185017520844,1,87.09877277402666,NOMINAL,LOW,STANDBY,3,3,2
2025-03-05 10:14:11.184,5054.590823401837,320.20255012501065,46.262151820774086,-0.14594225398920693,6.35544164393268,0.9378561722779821,1.465104874208763,0.7177075920050907,65.023978162588,318.72460727212854,READY,13.733186899551365,True,87.79756446170796,32.969428393468206,1,86.90456148500833,NOMINAL,LOW,STANDBY,3,3,2
2025-03-05 10:14:11.222,5063.354528065757,319.29620953462216,46.73367120172379,-0.2703378608641937,6.587937045061403,0.9278295834783062,1.4877741944999068,0.7183722358727607,64.99081948292941,304.4443882096762,READY,13.646589658599746,True,87.65086255821893,32.89376121694861,1,86.78415474734047,NOMINAL,LOW,STANDBY,3,3,2
2025-03-05 10:14:11.254,5068.774571308126,320.2102998412441,47.18523228722735,-0.4322032717117047,6.913336598004923,0.9556299846032034,1.4774104524009852,0.7212916383496606,64.95442429707253,290.01186761902267,READY,13.501573591921453,True,87.63894827823736,32.8354441219829,1,87.22477580381798,NOMINAL,LOW,STANDBY,3,3,2
2025-03-05 10:14:11.282,5061.0531230495935,321.0714062844962,47.00343011815032,-0.43251816877654314,6.447928486736791,0.9496048596511365,1.4394012888205097,0.7241706990901302,64.92878824952926,310.2072032319856,READY,13.570428428304261,True,87.657978248463,32.76706649240017,1,87.30080036974512,NOMINAL,LOW,STANDBY,3,3,2
2025-03-05 10:14:11.314,5053.650448514579,321.94687471158153,46.596905482396295,-0.6626897882439651,6.089599268465799,0.8999658220930903,1.4838388778289886,0.7198590725548516,64.88024255227307,314.3200438137941,READY,13.603034965262355,True,87.5906770867377,32.68397631589615,1,87.18128277887465,NOMINAL,LOW,STANDBY,3,3,2
2025-03-05 10:14:11.347,5070.59958805002,322.19941119133847,46.83998823085989,-0.9604583975602285,5.9881844070582435,0.8777332535596809,1.3939748510003793,0.7112057507616758,64.86473628519632,345.1892702065142,READY,13.408269409636487,True,87.49051774952683,32.625373184983225,1,87.43380209868393,NOMINAL,LOW,STANDBY,3,3,2
2025-03-05 10:14:11.377,5088.54104445139,323.275540238971,46.39477055975555,-1.0977566847525273,5.540994404909022,0.9182990919075975,1.4349351308817941,0.7093893080701648,64.83142505617108,376.1873362152133,READY,13.583849004612079,True,87.51069639757304,32.529611824807304,1,87.55734004607093,NOMINAL,LOW,STANDBY,3,3,2
2025-03-05 10:14:11.414,5083.2311531240575,324.88284532790857,46.79191589297676,-1.148418731943638,5.596786131762405,0.8733859805420789,1.4207768641225933,0.702418122977552,64.80083769170768,352.3903410376605,READY,13.589327891247898,True,87.46664615911206,32.4475978272707,1,87.88167927790924,NOMINAL,LOW,STANDBY,0,3,2
2025-03-05 10:14:11.446,5084.926639356213,324.445203703347,46.39804768315281,-1.2671984114950186,5.469471480390315,0.9162709178313463,1.440904142116751,0.6985844751113995,64.782552711053,330.869954659691,READY,13.565347823947047,True,87.40398287380111,32.3837788949366,1,88.25305859470838,NOMINAL,LOW,STANDBY,0,3,2
2025-03-05 10:14:11.478,5102.729982179287,326.35940648746515,46.81633674463648,-1.26219694342673,5.790296876591173,0.9243313381799184,1.4474089339326954,0.6905270764026992,64.76785585629851,342.17321298050126,READY,13.552231236357185,True,87.59061321984778,32.292857560061364,1,88.59355371036631,NOMINAL,LOW,STANDBY,0,3,2
2025-03-05 10:14:11.516,5095.404329339288,325.0637773761201,47.042436954597,-1.1636998670005745,5.912611890765732,0.8843268969315218,1.476138802786974,0.6925777949347706,64.7370087675803,365.02028209259163,READY,13.642571015109239,True,87.61685743111735,32.229225319957784,1,88.54839582190354,NOMINAL,LOW,STANDBY,1,3,2
2025-03-05 10:14:11.547,5076.967758899849,324.89564619115646,47.14776640363869,-1.026774988541351,6.245420771413261,0.8468793157259155,1.3927291364063634,0.6929837423054338,64.69045529616128,383.26454870455007,READY,13.549354295398853,True,87.47025892708497,32.17621894486223,1,88.8899762807784,NOMINAL,LOW,STANDBY,1,1,1
2025-03-05 10:14:11.577,5088.2816199685685,323.64991550342233,46.99120972805529,-1.1380170031362493,6.278450087511594,0.8101850752780686,1.3323201483912772,0.6954687187379099,64.64302833782611,347.3297298938517,READY,13.564465096752263,True,87.5423488181096,32.10943793461072,1,89.0862352604983,NOMINAL,LOW,STANDBY,1,1,1
2025-03-05 10:14:11.614,5102.482973610365,321.82919194426785,47.381604789145435,-0.9313889019358792,6.635734242545663,0.8524617307213477,1.285140178722359,0.7007884992774621,64.60172534642278,370.59930206122647,READY,13.49245192332789,True,87.42536174852799,32.03309493273976,1,89.14700504257581,NOMINAL,LOW,STANDBY,1,1,1
2025-03-05 10:14:11.645,5083.992528637016,320.921900944508,47.37795428582615,-0.6599836031598787,7.070791449579566,0.8412938731233546,1.1859027161671987,0.6965011108821649,64.58018263243902,364.30737235309886,READY,13.593286406566175,True,87.3817133193644,31.935454805506723,1,89.11298324391811,NOMINAL,LOW,STANDBY,1,1,1
2025-03-05 10:14:11.679,5073.943621886903,322.63186197698036,47.38668975762482,-0.6612946191911623,7.382470287739985,0.8737916086246047,1.1567531440482437,0.7056295856590802,64.54231510597104,386.1030031109989,READY,13.411387938488181,True,87.31562264402424,31.85159519990996,1,89.02786356230783,NOMINAL,LOW,STANDBY,1,1,1
2025-03-05 10:14:11.715,5079.1870463882615,323.5179221206698,47.357377941936356,-0.8152336749851811,7.314167806598583,0.8933830229440338,1.2373064272316714,0.7105598572840143,64.49480086295377,356.97169771299764,READY,13.546444154500874,True,87.13527746510489,31.776544375300197,1,88.58015430038007,NOMINAL,LOW,STANDBY,1,1,1
2025-03-05 10:14:11.751,5087.516650073805,324.73995607784485,47.216738865461636,-1.0566311252061675,7.028963103790626,0.8846366796052494,1.1541073148199152,0.7102926418377024,64.47121142092338,351.03229277346924,READY,13.659286666671095,True,87.05661910384892,31.697377022100472,1,88.66611308718466,NOMINAL,LOW,STANDBY,1,1,1
2025-03-05 10:14:11.783,5085.10995578035,325.5912882364581,47.60873967212064,-1.1654659350133687,6.776783803431497,0.8684015390222907,1.1102713442270262,0.7109426388441809,64.42465980240011,323.07076411722636,READY,13.626359992824604,True,87.14169419823244,31.63200760266101,1,88.95265860185116,NOMINAL,LOW,STANDBY,1,1,1
2025-03-05 10:14:11.820,5088.505851933032,326.1753477939676,47.271272444051824,-1.3333434535705382,6.469904630463459,0.8584500653874507,1.1808679085618055,0.720021389846477,64.39609355280041,301.74719608198666,READY,13.588808839421867,True,87.11821952559953,31.53296629235759,1,89.37716067578387,NOMINAL,LOW,STANDBY,1,1,1
2025-03-05 10:14:11.854,5094.4279069929125,324.359721550676,47.17541185699173,-1.5375917382400393,6.192666240456742,0.8624319823161072,1.1458032680304178,0.7238984199904163,64.3618628740255,265.4816491664302,READY,13.693184402735467,True,87.25052031509081,31.471272263419387,1,89.857776451306,NOMINAL,LOW,STANDBY,1,1,1
2025-03-05 10:14:11.883,5107.444441667483,323.93229631805434,47.14418082765209,-1.4829790916609675,6.312819662822423,0.8634781293297474,1.1213533642318771,0.7145550013477897,64.32881842411435,302.57487289614124,READY,13.80491082083086,True,87.2796444315777,31.40694357804747,1,89.43969154176206,NOMINAL,LOW,STANDBY,1,1,1
2025-03-05 10:14:11.921,5117.298821467692,322.89477793598337,47.47468014378369,-1.3780946618136334,6.460318955052545,0.8446628535751611,1.1587845925672862,0.7226433752505738,64.3078766096445,275.5394933757994,READY,13.736342313040188,True,87.10962821486444,31.334286225367727,1,89.55169843077762,NOMINAL,LOW,STANDBY,1,1,1
2025-03-05 10:14:11.947,5123.404254642554,324.6341829543618,47.649941843255405,-1.5769464738300045,6.072424512374302,0.8813430924921327,1.2050177782448754,0.723998575454063,64.2613926591242,323.7014011163836,READY,13.69398278542673,True,87.10026707006921,31.253454295088872,1,89.65707412429437,NOMINAL,LOW,STANDBY,1,1,1
2025-03-05 10:14:11.979,5113.163691646454,324.04218322028817,47.697905697633864,-1.8485136996707436,5.766677726944425,0.8543200571685466,1.1789765359989108,0.714078807246337,64.22697259233367,286.06088084341735,READY,13.510204675978269,True,87.15032956626798,31.18432244996294,1,90.09257925077601,NOMINAL,LOW,STANDBY,1,1,1
2025-03-05 10:14:12.021,5094.008926740882,322.7099656544596,47.93837143222175,-1.6777547384189242,6.120095754319818,0.8088451926936315,1.1805432639841604,0.7230736363405452,64.20654860512822,247.192182348507,READY,13.539032379581045,True,87.13177323055905,31.110422746750814,1,90.35696766076019,NOMINAL,LOW,STANDBY,1,1,1
2025-03-05 10:14:12.053,5082.382311860795,323.4305156875253,48.274703069429115,-1.8663902429170287,6.375389523553525,0.8330168174121895,1.1004292616836828,0.7198092435368473,64.19357976162044,203.6934733135904,READY,13.488464311630649,True,87.01462525722803,31.023144486958028,1,90.64594917215055,NOMINAL,LOW,STANDBY,1,1,1
2025-03-05 10:14:12.079,5077.7026656221915,323.1236564334376,47.91297103420587,-2.0944968034365643,6.733321416084611,0.8820701130890096,1.1506319296591803,0.7283422681738075,64.14881145278254,186.18019483404404,READY,13.63931289222008,True,87.11843726750666,30.942080275802088,1,90.96796391992459,NOMINAL,LOW,STANDBY,1,2,1
2025-03-05 10:14:12.115,5081.713012981523,322.5520526792793,47.53761308447015,-1.9032263712485953,6.33935594006504,0.8985738567730639,1.0756523522898918,0.7332210370382042,64.12159813019197,190.8261067654529,READY,13.518001698711906,True,87.06882402815535,30.866795700989424,1,90.98455726326283,NOMINAL,LOW,STANDBY,1,2,1
2025-03-05 10:14:12.147,5087.589104861506,324.2282752755029,47.55407029050057,-1.6443601119937763,6.766802596355684,0.9310374717890095,1.1551992609111552,0.7257199696648242,64.07658921024519,203.67224733125772,READY,13.420705834699723,True,86.90038764614988,30.794418604472042,2,90.71543419109457,NOMINAL,LOW,STANDBY,1,2,1
2025-03-05 10:14:12.184,5100.830713630599,323.70560770593954,47.553904270651586,-1.522159535285481,6.317434542198859,0.9565350341324357,1.2319524528993053,0.7187785206680851,64.06390467644877,185.5235466845722,READY,13.529874008791868,True,86.87126719557804,30.6964704348125,2,90.69539680376018,NOMINAL,LOW,STANDBY,1,2,1
2025-03-05 10:14:12.227,5106.449664046528,322.34096887691254,47.21337033460988,-1.69399383494972,6.778727466317847,0.9864176931227203,1.2711309685628431,0.7195534893473335,64.02158499480576,178.89491546025442,READY,13.6449200229403,True,86.99553455384812,30.616180348168076,2,90.88461452487923,NOMINAL,LOW,STANDBY,1,2,1
2025-03-05 10:14:12.257,5100.4199633389,324.27103404316307,46.90926425871761,-1.7151999485832843,6.868431762726947,0.9570062215428055,1.1742499655813767,0.7221428488816952,64.01022422108338,148.46523682492275,READY,13.781977385625412,True,86.91208416128936,30.5483862318611,2,90.7218487943005,NOMINAL,LOW,ACTIVE,1,0,1
2025-03-05 10:14:12.281,5083.645212815954,325.93212028172286,47.003717546541296,-1.946356168730367,6.867631122963075,0.9451550547449039,1.1134637526915552,0.7164199821424085,63.99225110937803,114.62457682192942,READY,13.77531881452763,True,87.05782495836411,30.489899996171122,2,90.81666171826313,NOMINAL,LOW,ACTIVE,1,0,1
2025-03-05 10:14:12.318,5075.195364064491,325.2196339814647,47.125959574146336,-2.1594657519009646,6.6814804208888425,0.9773697070927151,1.1132979205382896,0.7259057008073425,63.94856812160058,75.90758760173057,READY,13.839254003542464,True,86.89759580047892,30.39619427574231,2,90.56488440424195,NOMINAL,LOW,ACTIVE,1,0,1
2025-03-05 10:14:12.349,5062.11249364603,323.35986190793056,47.06291953831223,-2.1498990719814364,6.887490110486999,0.9305501795529516,1.109783168693146,0.7279818577076725,63.93462324472084,116.44753849419513,READY,13.769778503839019,True,86.91312538932802,30.331029133894315,2,90.79604927187458,NOMINAL,LOW,ACTIVE,1,0,1
2025-03-05 10:14:12.381,5063.914946060847,321.731616318407,46.77139498758278,-2.026463907719707,6.9035654758614555,0.8994440649092186,1.1779963514098362,0.7277187315238838,63.917967903061154,162.71262041780255,READY,13.8253789113487,True,86.85670732122692,30.2605984840619,2,91.21235380185324,NOMINAL,LOW,ACTIVE,1,0,1
2025-03-05 10:14:12.421,5072.726467996443,322.33896938101753,46.30372549704895,-1.793664581778242,7.1684248765508185,0.9374768022481811,1.1971015539483871,0.7214278784458876,63.897548274822036,131.85366361145051,READY,13.711949757179912,True,86.68678085365764,30.196566059249395,2,91.20383951128345,NOMINAL,LOW,ACTIVE,1,0,1
2025-03-05 10:14:12.446,5081.187047130943,323.4199106182499,46.258454901851586,-1.6591432310096303,7.5028844604807,0.924898334673343,1.200206848507758,0.7226707148751303,63.84933731031879,104.04614970120736,READY,13.58083798050026,True,86.74097006083755,30.145113200902742,2,91.07553749500867,NOMINAL,LOW,ACTIVE,1,0,1
2025-03-05 10:14:12.478,5087.7885836167825,322.8145183476098,46.49462033551464,-1.5812734618743458,7.485931610194619,0.9540130744414165,1.170721146423168,0.7186656352750476,63.83743893008223,105.47132449739323,READY,13.779353720637996,True,86.67230845175911,30.063879704566986,2,91.0140436057571,NOMINAL,LOW,ACTIVE,1,0,1
2025-03-05 10:14:12.514,5086.787761036472,323.1096577048191,46.77369600172749,-1.547748243948532,7.451205759378562,0.9128537928184383,1.1654045971632603,0.7193915814323474,63.81497772086868,153.6554943114125,READY,13.654003023499211,True,86.70500489792074,29.96519975697258,2,91.23311855973687,NOMINAL,LOW,ACTIVE,1,0,1
2025-03-05 10:14:12.545,5070.273868223029,322.55880702077013,47.22584567424236,-1.4584989895620293,6.9684991077576965,0.8840835721520085,1.078261453139048,0.7101927941095395,63.7924518546038,178.8403538026243,READY,13.699078805454413,True,86.9037274666406,29.867558940526923,2,90.9441483417532,NOMINAL,LOW,ACTIVE,1,0,1
2025-03-05 10:14:12.584,5073.810816006275,320.9797242388263,46.79183181915009,-1.2981578810240237,7.0639334168114765,0.8687559622307731,1.119313148774965,0.703747636388665,63.742865459061925,173.2862695598785,READY,13.543091039258735,True,87.04624517839534,29.81259456548558,2,91.39199414228253,NOMINAL,LOW,ACTIVE,1,0,1
2025-03-05 10:14:12.616,5083.528994796917,321.1321270435134,46.63127896560069,-1.3615384176527383,6.755912491623913,0.8552402601721901,1.0768763977404583,0.6990189402382111,63.71826045653784,164.86353651680818,READY,13.65424502505658,True,87.24236676984827,29.713388285341377,2,91.18071310378801,NOMINAL,LOW,ACTIVE,1,0,1
2025-03-05 10:14:12.646,5094.720105991225,321.9022381089411,46.87073956407922,-1.5912581301682998,6.644544440265069,0.8678418562633179,1.0502190754485685,0.7068023988053884,63.688848450305706,184.49578235747552,READY,13.791609896760463,True,87.17702842192273,29.625368796989473,2,90.9730334152245,NOMINAL,LOW,ACTIVE,1,0,1
2025-03-05 10:14:12.679,5111.36635836018,322.04905849844715,46.573068507052035,-1.5575574084100514,7.1175443819077095,0.8412015158621913,1.0723259429030807,0.7123752328792425,63.67580261704951,210.34188828333322,READY,13.963582694882323,True,87.18886883352049,29.53105422382625,2,90.4939602246421,NOMINAL,LOW,ACTIVE,1,0,1
2025-03-05 10:14:12.726,5123.47972571824,321.3541756670361,46.8279089750598,-1.6573524217641287,7.558490489895833,0.8323210177825957,1.0676768893439328,0.7092812079918065,63.65846012554709,189.11362555487636,READY,13.9408009875687,True,87.36246287476683,29.43774239847831,2,90.31006673257905,NOMINAL,LOW,ACTIVE,1,0,1
2025-03-05 10:14:12.749,5142.522375892537,321.24182356538654,46.43963292140472,-1.9184018575420636,7.32630484548655,0.8109828114795173,1.1631982144308168,0.7104386410035053,63.62672727371525,231.4084258535715,READY,13.835523034585794,True,87.29991095251027,29.37887794175312,2,90.14648594161648,NOMINAL,LOW,ACTIVE,1,0,1
2025-03-05 10:14:12.777,5128.1241274414215,320.3950137675301,46.459180770543355,-1.751764135831767,7.556580866578097,0.8481812195216961,1.077126021656746,0.7061485818253336,63.60491114188921,244.19732230106428,READY,13.883639191860896,True,87.45799493210104,29.31220474637516,2,89.70746891981644,NOMINAL,LOW,ACTIVE,1,0,1
2025-03-05 10:14:12.815,5112.774172039153,319.70396801645336,46.32025275769474,-1.669975410773409,7.455401078885739,0.838970867793314,1.1613133029809053,0.7161259346371991,63.57115914675407,233.93387602847756,READY,14.078453391771719,True,87.39317077090195,29.21723521670639,2,89.62035204154634,NOMINAL,LOW,ACTIVE,1,0,1
2025-03-05 10:14:12.853,5124.509629393761,321.25973981331435,46.06597636100823,-1.9256703177369632,7.644897282856524,0.8455432459487137,1.1721334215569335,0.719763806061757,63.555145712808255,209.79095986778975,READY,14.218052973107822,True,87.24011706229116,29.143493181171408,2,90.09085655884594,NOMINAL,LOW,ACTIVE,1,0,1
2025-03-05 10:14:12.885,5113.574077067262,322.0530739606223,45.70460394626604,-2.0944602311329477,8.034829598111859,0.8246096996803687,1.2044016339655605,0.7151047036171968,63.508392436791766,200.02755978447482,READY,14.11160038289985,True,87.32468690855478,29.047383430915556,2,90.29022068371434,NOMINAL,LOW,ACTIVE,1,0,1
2025-03-05 10:14:12.917,5100.272039758423,323.99809611581156,46.19786286912768,-2.199066239025049,7.770430401321956,0.8128862148461814,1.238459724697509,0.7119551527492518,63.458393732241014,242.43265576938114,READY,14.051731626789786,True,87.33326586115851,28.97538275901341,2,90.64973321720264,NOMINAL,LOW,ACTIVE,1,0,1
2025-03-05 10:14:12.948,5095.6174231433215,323.67354096952613,46.55346192492824,-2.2695197624621675,8.151296398467782,0.7646936366755666,1.2368659716852923,0.7105952358036023,63.416238163728046,265.0910414660974,READY,14.183296792542231,True,87.23028798030114,28.921794511333363,2,90.44627640451921,NOMINAL,LOW,ACTIVE,1,0,1
2025-03-05 10:14:12.985,5089.883298637906,323.5788661378987,46.426001329631596,-2.1534233278684116,7.6702401019598465,0.7870107553144154,1.3159615295326885,0.7150378599785602,63.40180481615698,217.18565047582794,READY,14.003216635847906,True,87.35869484163348,28.822319379159858,2,90.08954731985476,NOMINAL,LOW,ACTIVE,1,0,1
2025-03-05 10:14:13.018,5085.273087184961,323.73799920257557,46.41350377606846,-2.2958067695016187,7.492522618223378,0.7516499663275829,1.2539402287409274,0.7135612375783239,63.372580573473755,216.12940528443423,READY,14.058284214363436,True,87.39866467816559,28.737303890642004,2,90.3007791285429,NOMINAL,LOW,ACTIVE,1,0,1
2025-03-05 10:14:13.049,5104.743987427557,321.9181407170691,46.6358861924329,-2.530627454185781,7.458983111599329,0.7471276918022995,1.2309356666311848,0.7144162889898319,63.33495855430987,172.6839713728907,READY,13.87926539307067,True,87.21522664128373,28.65665592465546,2,90.05197638586054,NOMINAL,LOW,ACTIVE,1,0,1
2025-03-05 10:14:13.086,5123.998298900719,322.9241828689395,46.68474211624479,-2.2335947924036508,7.675424500884719,0.7863164603577891,1.2826399710567082,0.7110590677467007,63.315772209402276,195.93100620860298,READY,13.96086314377031,True,87.3263571595447,28.574035153796412,2,90.20899412365866,NOMINAL,LOW,ACTIVE,1,0,1
2025-03-05 10:14:13.119,5118.954029826894,324.0461792628804,47.145233649145766,-2.357443882318136,7.929294598701957,0.7460206786886487,1.27818552914863,0.7182024996076032,63.29554434780053,167.31496137330586,READY,13.985018121311754,True,87.34849920257416,28.48433337672311,2,90.57986453011448,NOMINAL,LOW,ACTIVE,1,0,1
2025-03-05 10:14:13.158,5108.14336697567,322.6145459774408,47.63339546500804,-2.155627503618751,7.67687574167635,0.7059169337197955,1.3192466001786334,0.7197976648920917,63.27374899484657,118.58891437092414,READY,14.053565013358126,True,87.50350587134191,28.39462859761723,2,90.39397320920757,NOMINAL,LOW,ACTIVE,1,0,1
2025-03-05 10:14:13.190,5106.415246635339,321.99564421276443,47.56743637829776,-2.0959704185079646,7.197420857416839,0.672409828276188,1.4038441772890924,0.7175450162172388,63.258704854477585,86.23361047689204,READY,14.024818000248498,True,87.54251499623037,28.32462444566993,3,90.58921398086318,NOMINAL,LOW,ACTIVE,1,0,1
2025-03-05 10:14:13.221,5115.470668122636,322.7798567429562,47.673118941253186,-2.0311055265256845,7.443606969084864,0.6802561852997443,1.3134294729234388,0.7120236898582041,63.228249525576125,134.64837089559612,READY,14.179189107153396,True,87.73291853320542,28.230903137183443,3,90.59872706985531,NOMINAL,LOW,ACTIVE,1,0,1
2025-03-05 10:14:13.246,5120.013565321871,322.84147060555915,47.630548582070055,-2.2431105865542507,7.369994155335398,0.6592016439483054,1.325439927456155,0.7185437302293964,63.21569258299037,156.88045981069047,READY,14.070559723206594,True,87.92028372185133,28.136160853483595,3,90.95294864379737,NOMINAL,LOW,ACTIVE,1,0,1
2025-03-05 10:14:13.282,5132.726251586701,322.6104867644309,47.89935618048547,-2.3019930853394555,7.391094345298627,0.659781206182186,1.344124754085226,0.7218888982323178,63.18157406846983,148.79609670421263,READY,14.186742964979704,True,87.97927218873345,28.0645296462729,3,90.79059971439908,NOMINAL,LOW,ACTIVE,1,0,1
2025-03-05 10:14:13.318,5137.692572229826,323.392982923656,47.75115338172825,-2.4464481732400247,7.059217364844482,0.6531703056914134,1.2950372597114579,0.7167448035032669,63.13161638801059,152.85197556723747,READY,14.14236733633551,True,88.15799629941672,28.0034450678674,3,91.08357036973607,NOMINAL,LOW,ACTIVE,1,0,1
2025-03-05 10:14:13.352,5132.716734105829,323.8655842807859,47.976744744602215,-2.687160310108674,6.884730516062886,0.6296616969046034,1.3936832655428313,0.7074416012995237,63.119623861315716,130.88958529291412,READY,14.045826719514782,True,88.15897153338412,27.948760135979107,2,91.1014549898246,NOMINAL,LOW,ACTIVE,1,0,1
2025-03-05 10:14:13.387,5139.037342334831,322.58301263904383,48.07189355602681,-2.494312727546176,6.5957531803257075,0.6113785325262523,1.39192313365904,0.7105550873311933,63.09136870340607,151.62095791884997,READY,14.01305044679172,True,88.00476554764379,27.87817054029993,2,91.25550422275064,NOMINAL,LOW,PASSIVE,1,0,1
2025-03-05 10:14:13.417,5137.250996870422,321.66887285508346,48.02869165801471,-2.3573947778624373,6.903236910541365,0.5940277602792194,1.310529966430792,0.7021639773145395,63.07165078051197,108.00886878607876,READY,14.100893443361505,True,87.93639247548955,27.78383458279003,2,91.52601076870424,NOMINAL,LOW,PASSIVE,1,0,1
2025-03-05 10:14:13.447,5150.392697542903,320.4311435848301,48.04095721261432,-2.5031424539373877,7.183958908730665,0.5791649853619475,1.319174711901729,0.7093812613960653,63.04244965744753,155.9429317314901,READY,13.93187919312865,True,87.8644039213817,27.725550299326002,3,91.8106729393625,NOMINAL,LOW,PASSIVE,1,0,1
2025-03-05 10:14:13.482,5144.810001289373,318.5155522696892,47.7045895504441,-2.497495269373284,7.000394008744538,0.5351822172305299,1.3256720929395465,0.7045414656160355,63.030876045882295,173.53118150049022,READY,14.123012016967488,True,87.98158169543899,27.63248363118761,4,91.40496324274851,NOMINAL,LOW,PASSIVE,1,0,1
2025-03-05 10:14:13.518,5126.884273070612,320.17723457255494,47.557902112359216,-2.3934876362791133,7.1534656092100635,0.5320227813394848,1.3463840401016454,0.7047358232270226,62.99184324599312,187.74655214244663,READY,14.198600600070291,True,88.03472404900604,27.533563209583864,4,91.17375193025836,NOMINAL,LOW,PASSIVE,1,0,1
2025-03-05 10:14:13.551,5124.326687470391,321.2162917823874,47.458365285466286,-2.638440632336191,7.087091992155487,0.556670108594712,1.39379245149967,0.7145450416261646,62.97999411313731,188.91173389096608,READY,14.257444509689247,True,88.01295511193287,27.454329118250854,4,91.25920980654826,NOMINAL,LOW,PASSIVE,1,0,1
2025-03-05 10:14:13.582,5123.08342389198,319.56696784358456,47.04419319359908,-2.8683756696239926,7.210723343882573,0.5496748463971114,1.4542604690087138,0.7220914349549337,62.962637984609046,178.81471758237382,READY,14.414729594980903,True,87.82885199590255,27.37862817165322,4,90.98825574752018,NOMINAL,LOW,PASSIVE,1,0,1
2025-03-05 10:14:13.614,5110.511955175216,320.30774077542026,46.823770844204226,-2.9272540591336162,6.965902727076889,0.5218869714610153,1.5472851785396666,0.7159249013407581,62.91654961811951,209.35093357734291,READY,14.539152857496354,True,87.65538813362583,27.279274146480898,4,90.68180775802105,NOMINAL,LOW,PASSIVE,1,0,1
2025-03-05 10:14:13.646,5092.3088461507705,318.6133700044854,46.85902346065871,-3.070072185855331,6.933553421253721,0.520671249934318,1.590627601878286,0.724853109410141,62.896540693182445,220.3603703964244,READY,14.385638821232602,True,87.53336908291917,27.208381576098276,4,90.282821084841,NOMINAL,LOW,PASSIVE,1,0,1
2025-03-05 10:14:13.682,5092.979512514653,317.3121132068694,46.899169528228164,-3.1786399382607717,6.484827427997646,0.5215560749649057,1.5597970496800533,0.720116565091087,62.858383753664164,218.43234280461024,READY,14.452591824425738,True,87.62267183939963,27.119137527800227,4,90.4238796019072,NOMINAL,LOW,PASSIVE,1,0,1
2025-03-05 10:14:13.714,5091.159514560114,318.2938622395371,47.10123261228058,-2.880148531346323,6.927022906280252,0.4977848632968807,1.5077861879483472,0.7211850412099561,62.81498220920286,175.7766312721957,READY,14.292119007017124,True,87.6889258424161,27.036949504945046,4,90.68752541680513,NOMINAL,LOW,PASSIVE,1,0,1
2025-03-05 10:14:13.746,5084.107372788532,319.9548264808782,46.808686093752854,-2.835587388189995,6.7549006409494545,0.4954309895277645,1.600303593073756,0.7224509776275556,62.774274935267634,130.2188169150814,READY,14.37074953445054,True,87.81492515773274,26.959192627978204,4,90.4531043905478,NOMINAL,LOW,PASSIVE,1,0,1
2025-03-05 10:14:13.782,5065.175640209799,319.6239538891875,47.01761434805773,-2.653141666280714,7.253938171681344,0.5316216838147858,1.5526951790298713,0.7200693474991385,62.76183533617441,170.23091222784356,READY,14.338413271927257,True,87.91041999414092,26.899516566538132,4,90.09769365087477,NOMINAL,LOW,PASSIVE,1,0,1
2025-03-05 10:14:13.815,5058.425387168174,321.18457693080046,46.72755241173437,-2.43346975860209,6.846244653579361,0.5458357487877625,1.513242404600074,0.7132849769180839,62.72401035980802,196.65687371448217,READY,14.378653026906003,True,87.76276149603456,26.8234784408272,4,89.97811517180466,NOMINAL,LOW,PASSIVE,1,0,1
2025-03-05 10:14:13.849,5052.891208455071,321.44616357865993,46.72423913394495,-2.4036015846254184,7.110002713089871,0.512034319883329,1.5485971037665813,0.7038372953555347,62.67523211182026,229.00500760702147,READY,14.460646079905212,True,87.57754784158799,26.74801839422614,4,89.7918922388001,NOMINAL,LOW,PASSIVE,1,0,1
2025-03-05 10:14:13.892,5063.866918056255,322.0652670175283,46.93925316167396,-2.299780848646575,6.746023588217175,0.5088042056246472,1.4515892375922075,0.7090207795667062,62.654485703252256,219.65823798612536,READY,14.349568105525645,True,87.51356557842556,26.656837568107974,4,90.28893589416452,NOMINAL,LOW,PASSIVE,1,0,1
2025-03-05 10:14:13.915,5071.5824438983755,322.0887898085999,47.33919009871973,-2.0236241043994236,6.635367686076179,0.5341844346059081,1.3789379057715636,0.7011764228028893,62.636593539241126,184.04771415363723,READY,14.182622330019276,True,87.61353127182231,26.564652726645235,4,90.71020531075341,NOMINAL,LOW,PASSIVE,1,0,1
2025-03-05 10:14:13.948,5069.074748103084,320.2599725040915,47.33547262224727,-2.231677693706814,6.498736529170382,0.5808924160695823,1.4192093338535114,0.6919060525109625,62.611686232967884,207.4694389996422,READY,14.250276375684868,True,87.48807800045255,26.489576498319924,4,90.60405937390814,NOMINAL,LOW,PASSIVE,1,0,1
2025-03-05 10:14:13.982,5066.097998296882,320.3032038201455,47.59896135854232,-2.2711708700147293,6.79569433519676,0.5382839785011039,1.5120463822800947,0.6828822380389504,62.584553317184266,255.1561866246022,READY,14.12286280170885,True,87.34706101281984,26.42084686990593,4,90.39219751360633,NOMINAL,LOW,PASSIVE,1,0,1
2025-03-05 10:14:14.015,5054.14709847734,319.19414814305986,47.45846927515233,-2.509291063728708,7.066681990942563,0.5589796747241849,1.611369358253723,0.6759843446267464,62.53563335440644,289.61325906858747,READY,14.267687747003558,True,87.27035135568815,26.324943468552455,5,89.99529462815711,NOMINAL,LOW,PASSIVE,1,0,1
2025-03-05 10:14:14.046,5058.995442803769,318.7171365793092,47.28115946270036,-2.6818489412144024,7.315881306905284,0.5464155083991061,1.5943551442862611,0.6831174618642984,62.51484319911239,288.38428225767524,READY,14.202383411022595,True,87.34626472246282,26.263035815513685,5,89.68141127232177,NOMINAL,LOW,PASSIVE,1,0,1
2025-03-05 10:14:14.082,5058.553486208781,317.24877825729965,47.59831773411987,-2.8898903659400808,7.749940652855483,0.5518709854284236,1.667988509173348,0.6831981979490639,62.47372819683414,267.16728054924664,READY,14.28554898585459,True,87.53306098533098,26.16305916416188,5,90.08781456284333,NOMINAL,LOW,PASSIVE,1,0,1
2025-03-05 10:14:14.114,5065.8275578502635,319.1921076287573,47.917160272732275,-3.0068867444396483,7.686050879044745,0.553535312506013,1.7506268469895616,0.6857713395697373,62.44633973315088,230.9963160516197,READY,14.318078515670418,True,87.43924203144475,26.1061384272052,5,90.3244423369561,NOMINAL,LOW,PASSIVE,1,0,1
2025-03-05 10:14:14.146,5074.743638177846,318.14376694356815,47.75045672463079,-3.0850655593293346,8.084672994601794,0.5052835223796955,1.6548119831518238,0.6828421699345919,62.43193406980445,213.59256209055667,READY,14.369510955147552,True,87.39130899878177,26.00720309917506,5,90.66757639620052,NOMINAL,LOW,PASSIVE,1,0,1
2025-03-05 10:14:14.182,5092.841955615093,316.52519864418457,48.01489237451546,-2.906501023520133,7.814628829769051,0.5100706192077361,1.614259955687946,0.6823231696411325,62.39116612692233,222.77123379352673,READY,14.297804065705717,True,87.55992669791921,25.930198924201964,5,90.38869186182346,NOMINAL,LOW,PASSIVE,1,0,1
2025-03-05 10:14:14.218,5106.345073440917,316.58144298727325,47.76537935816082,-2.993578980954496,7.881501087392854,0.5114664262640993,1.688460192420306,0.6837391429800952,62.374628228262026,215.44712383326984,READY,14.460649579614225,True,87.69473346611777,25.838916214329146,5,90.41644619602687,NOMINAL,LOW,PASSIVE,1,0,1
2025-03-05 10:14:14.246,5100.794704419502,315.65423574459186,47.54772462224474,-3.0010057250768254,8.204036905913979,0.5196173998940476,1.7241645333119409,0.6782242165670377,62.34628884962325,246.63209151377362,READY,14.51258692564861,True,87.49851760731084,25.772503816727387,5,90.50040907856368,NOMINAL,LOW,PASSIVE,1,0,1
2025-03-05 10:14:14.294,5110.048063917057,315.1601806256752,47.80007492822687,-2.9037096067065926,7.898448174406859,0.5353470755637173,1.7757078854559893,0.6750997061719256,62.31572261816057,226.13838421639005,READY,14.415967088176027,True,87.30190097453891,25.677137068503317,5,90.2637133922585,NOMINAL,LOW,PASSIVE,1,0,2
2025-03-05 10:14:14.317,5119.688756573058,314.0831053541487,48.19254935787617,-2.7493431083601454,8.384263012609967,0.5622676393394219,1.834844939611839,0.6663163038514983,62.27886522666384,211.94944592885287,READY,14.341240911924823,True,87.12086942866217,25.62312315128949,5,90.76177503817652,NOMINAL,LOW,PASSIVE,1,0,2
2025-03-05 10:14:14.348,5116.893475477563,313.47717369077714,47.818917420194744,-2.7559413176701577,8.124197334513337,0.5241080885365894,1.7992361622109667,0.6732748101144701,62.240502382415585,209.36400549695855,READY,14.302443427288729,True,86.98750724494843,25.52466232671669,5,90.85631637769869,NOMINAL,LOW,PASSIVE,1,0,2
2025-03-05 10:14:14.385,5098.309949476489,312.50413755868334,48.17687076442314,-2.855051898635237,8.512716097864674,0.5204217968670829,1.7957143473373385,0.6685508948800698,62.19788850397576,248.62379954592197,READY,14.324631277865828,True,86.81536290011204,25.424665159515833,5,90.67394302267616,NOMINAL,LOW,PASSIVE,1,0,2
2025-03-05 10:14:14.419,5098.591600580077,310.7392503345003,47.966319480772334,-2.774253903659906,8.469653000461847,0.473970557083812,1.852779363656261,0.6780399696384838,62.15439395977431,246.7971976886777,READY,14.394846889894083,True,86.84328664452606,25.330486443870843,5,90.88837383228153,NOMINAL,LOW,PASSIVE,1,0,2
2025-03-05 10:14:14.449,5113.2095970714445,312.54020193213194,48.24246086803164,-3.003603664980363,8.768849450220085,0.45723853665150793,1.9166266099645188,0.6682199552277235,62.130837126278365,224.2743469776508,READY,14.476012540074759,True,87.0205683756277,25.26530188972082,5,90.40202236503555,NOMINAL,LOW,PASSIVE,1,0,2
2025-03-05 10:14:14.486,5109.48584358074,313.5940621153916,47.77363573437085,-2.913881662585214,9.260000839643082,0.4235501881999939,1.8709259642059397,0.6674495416903804,62.083759457327,268.41559811587206,READY,14.607482913043428,True,87.21832592231158,25.192130282619004,5,90.45485942094301,NOMINAL,LOW,PASSIVE,1,0,2
2025-03-05 10:14:14.519,5115.0731676358955,313.56023220787677,48.11199863979758,-3.1644619617157974,9.11426322027052,0.47353488351089607,1.7744411873262127,0.6575284270333583,62.07315185582108,218.88180351260502,READY,14.555711851375513,True,87.2337994399753,25.09501626885795,5,90.52507248782142,NOMINAL,LOW,PASSIVE,1,0,0
2025-03-05 10:14:14.552,5113.41438610162,315.3204696959189,48.245078359632856,-2.9563219022183445,8.860640136927111,0.43696609177075046,1.7998768890197632,0.6500745924552873,62.0299957111684,244.40429133538575,READY,14.612466490132523,True,87.34993990790463,24.997477717594727,5,90.5891003252141,NOMINAL,LOW,PASSIVE,1,0,0
2025-03-05 10:14:14.594,5126.398925153758,317.2102180262595,48.16261500475664,-2.6699889528488203,8.6617265169333,0.4421849918159932,1.7444550959969138,0.6412998097904108,62.00532800022134,195.23008099375915,READY,14.63259679642898,True,87.34214724096417,24.93732001893232,5,90.61123277293869,NOMINAL,LOW,PASSIVE,1,0,2
2025-03-05 10:14:14.615,5110.409711307971,318.54353010976735,47.68115845108297,-2.935379993104784,8.702891869590184,0.468666380886408,1.781908025464287,0.6424292530772687,61.97867010460528,187.11880106435837,READY,14.714133664683285,True,87.31813612854123,24.870986348947802,5,90.92660715240548,NOMINAL,LOW,PASSIVE,1,0,2
2025-03-05 10:14:14.646,5097.320082091401,319.61916782860897,47.518074414355645,-2.7959631326286196,8.473498878583301,0.443180832886395,1.731696730298003,0.6356587202405074,61.95668101089041,158.0463325178858,READY,14.802900801221822,True,87.27751993902903,24.780179294304876,5,91.02704889352137,NOMINAL,LOW,PASSIVE,1,0,2
2025-03-05 10:14:14.683,5087.51313873009,318.812329665197,47.63763317827608,-2.8715629572116064,8.542280555667531,0.48836270885158534,1.6438829996156974,0.6451760512033976,61.9352955223538,156.44806397032855,READY,14.646734400917499,True,87.16894249444458,24.701911597083736,5,91.51428324107636,NOMINAL,LOW,PASSIVE,1,0,2
2025-03-05 10:14:14.715,5097.402807810252,318.1164312687169,47.33234258225435,-2.6469026008673606,9.021045441511731,0.45503233952104283,1.7078485058022286,0.6449490390130526,61.90595511949629,155.20728989503155,READY,14.712988600223213,True,87.08873687171018,24.609180666243414,5,91.9643361837486,NOMINAL,LOW,PASSIVE,1,0,2
2025-03-05 10:14:14.749,5087.4830196492385,316.51421850809044,47.20370895737728,-2.3739431254423944,9.334961835308212,0.4347347052167546,1.7528677118456089,0.6457047341782153,61.89426780826509,201.85731611893124,READY,14.875140962637055,True,87.12900683191214,24.556715223467698,5,91.6688107793613,NOMINAL,LOW,PASSIVE,1,0,2
2025-03-05 10:14:14.791,5091.4817730313725,315.7585503279067,47.609467892312644,-2.2456395091285115,8.949861981650312,0.4774900972068454,1.6869636371057852,0.6457503378062747,61.84518797509055,210.7114421278264,READY,14.881659737159119,True,87.27540384693523,24.49051763456298,5,91.52194911974394,NOMINAL,LOW,PASSIVE,1,0,2
2025-03-05 10:14:14.823,5096.065880477218,315.06964264451295,47.16918023778291,-2.3325873577400387,9.222442825896481,0.5274614163418532,1.595911223965401,0.6396573974780504,61.82699680470061,222.17115807826502,READY,14.93457041564977,True,87.44453123111101,24.394528887011333,5,91.5276761597352,NOMINAL,LOW,PASSIVE,1,0,2
2025-03-05 10:14:14.848,5115.868846749244,313.7281996907836,47.62937279045177,-2.579932299710671,9.26819503396463,0.520728126659487,1.5307383711208669,0.6354026253638557,61.79747080485281,255.33861502296793,READY,14.854049626884821,True,87.45008225256854,24.328036745758315,5,91.66007454580108,NOMINAL,LOW,PASSIVE,1,0,2
2025-03-05 10:14:14.881,5115.174967903959,312.55330412658725,47.57582067267178,-2.6000855495772806,9.542448915845537,0.5153254009969793,1.4603166624993655,0.6329600053060853,61.78359867773608,299.5263664209035,READY,14.735653757882204,True,87.25747379729842,24.261723279424906,5,92.05977494130104,NOMINAL,LOW,PASSIVE,1,0,2
2025-03-05 10:14:14.917,5127.391913944746,313.1345130179619,47.139320886934705,-2.842866245526329,9.04882963493269,0.48795928082405127,1.4905673156378834,0.6289771507935882,61.74929418329763,303.07832624618715,READY,14.613363818502156,True,87.35276996490613,24.17957692299954,5,91.5796841699733,NOMINAL,LOW,PASSIVE,1,0,2
2025-03-05 10:14:14.952,5126.179203637739,313.04475018277134,47.13224440301479,-3.109884901298141,8.671656372854228,0.5086369082762391,1.5648868796534128,0.6249307449267446,61.7074950051825,275.6454482765255,READY,14.659064378765395,True,87.26568830791173,24.121723627105663,5,91.5019083634814,NOMINAL,LOW,PASSIVE,1,0,2
2025-03-05 10:14:14.983,5143.202406817416,314.2948529252327,47.47314742417299,-2.905322313142816,8.486874209282762,0.49718193140704914,1.6615299222265418,0.6190254180053424,61.65942314516174,310.4077613193716,READY,14.67561226914695,True,87.45517538667836,24.065208767831717,5,91.65025262895577,NOMINAL,LOW,PASSIVE,1,0,1
2025-03-05 10:14:15.017,5152.901320825343,312.4245375374347,47.51963772067781,-2.840756880047792,7.987827538372776,0.5330256210855955,1.5913097623352361,0.6127630632154376,61.64162977386468,295.89261267431505,READY,14.515882502519327,True,87.59016768628321,23.98864496859215,5,91.48075187316606,NOMINAL,LOW,PASSIVE,1,0,1
2025-03-05 10:14:15.053,5155.935382812657,311.2790667786723,47.093507897279665,-2.8707673116579207,7.501108692275928,0.5659469757353515,1.643105249951822,0.6047406191535623,61.59554986333134,277.4922532933612,READY,14.372965678191798,True,87.3945767986508,23.93073973590941,5,91.26505181803904,NOMINAL,LOW,PASSIVE,1,0,1
2025-03-05 10:14:15.084,5158.090112176435,311.41413291023855,47.27589880821606,-3.010418315493605,7.50285410525319,0.5776936395029213,1.732386469465312,0.5964880172427042,61.58442732895164,274.3832769321395,READY,14.375199332431906,True,87.56423210129935,23.874720318740707,4,91.57611976163058,NOMINAL,LOW,PASSIVE,1,0,1
2025-03-05 10:14:15.117,5142.4590511407805,311.3591205450708,47.44321787552185,-2.9714091423900415,7.750986434254611,0.6025471147413544,1.772482137989499,0.6025697573035944,61.549339026726756,265.5121233855961,READY,14.281479326463396,True,87.505367307282,23.78308086738202,4,92.02049854100616,NOMINAL,LOW,PASSIVE,1,0,1
2025-03-05 10:14:15.162,5142.264929868198,312.5822599628735,47.02610100771588,-3.147191205016761,8.242036104756224,0.5713956465807182,1.7262588633753382,0.5970041720255965,61.527850674860915,244.2645791860487,READY,14.264598589964027,True,87.58310907188302,23.684035472679117,4,91.9657185666324,NOMINAL,LOW,PASSIVE,1,0,1
2025-03-05 10:14:15.192,5155.421683944141,310.7962569895982,47.47593766594561,-3.0371879223251756,8.09371184462974,0.5711576682310636,1.8093091720266532,0.591477264321687,61.50261560533149,198.2803305860849,READY,14.150661112194662,True,87.49306590953717,23.585069368072716,4,92.04741468004102,NOMINAL,LOW,PASSIVE,1,0,1
2025-03-05 10:14:15.218,5155.690424832839,309.9135974280361,47.4492555725637,-2.8715994206510334,7.8988156876654605,0.617951046401222,1.819254464854723,0.5904308927361895,61.47295962116486,242.72341712752356,READY,14.252380017015636,True,87.6522347272021,23.496439748805017,4,92.09690905400358,NOMINAL,LOW,PASSIVE,1,0,1
2025-03-05 10:14:15.254,5153.013005857948,311.8202515721321,47.72056872378678,-2.6945760523508793,8.062356395553673,0.5827646927792488,1.8726866457585334,0.5983645606114312,61.444413359977034,247.08780639103688,READY,14.241546168455256,True,87.59210420083812,23.40060952014729,4,92.46791468351373,NOMINAL,LOW,PASSIVE,1,0,1
2025-03-05 10:14:15.286,5141.929376432605,311.03121915718475,47.55365515034475,-2.847135485195427,7.898702735767209,0.6051421210770402,1.820155775019492,0.5956077029159944,61.41393594478093,266.78925079960896,READY,14.441219217112902,True,87.60679036717966,23.34218809816712,4,92.5284677219279,NOMINAL,LOW,PASSIVE,1,0,1
2025-03-05 10:14:15.317,5136.404074982539,312.1963000727926,47.64182565892514,-2.9081327834382047,7.8123130714940165,0.5975058449527779,1.8780363846250996,0.5954765610492257,61.369484396967344,253.13330962185336,READY,14.395447484626871,True,87.43080842968152,23.266637446693377,4,92.1012031773975,NOMINAL,LOW,PASSIVE,1,0,1
2025-03-05 10:14:15.353,5117.454364253431,314.11456661520253,47.71724300418307,-2.857391929623095,7.829187667915434,0.550292725389828,1.8771815074018847,0.5932689779691986,61.32452644654609,298.255319227648,READY,14.395447484626871,False,87.35892991090297,23.191186703585977,4,92.5932856866347,NOMINAL,LOW,PASSIVE,1,0,1
2025-03-05 10:14:15.385,5099.4704799426945,312.12145922802745,47.54170197235724,-3.096999531089687,7.8715249210512495,0.5702167955400594,1.9281432555416362,0.5881310445239811,61.29749369524758,299.6281146340941,READY,14.395447484626871,False,87.25412368115794,23.093159238353355,4,92.27277014310152,NOMINAL,LOW,PASSIVE,1,0,1
2025-03-05 10:14:15.419,5094.174687550125,310.7113520410558,47.0786047122115,-3.3680874375325645,8.161569807316791,0.5865776925988319,1.8644335350379162,0.5892118090278532,61.25918877997537,257.6196678386707,READY,14.395447484626871,False,87.27041597161087,23.011007148049373,4,92.04150531611121,NOMINAL,LOW,PASSIVE,1,0,1
2025-03-05 10:14:15.454,5101.902332148464,309.47131634446527,47.289217798886625,-3.494272830749748,8.493759225070875,0.5985758229486332,1.8522021870213057,0.5834085877633443,61.23706662745683,298.9616850017095,READY,14.395447484626871,False,87.104599408072,22.922853275170343,4,92.00143381474214,NOMINAL,LOW,PASSIVE,1,0,1
2025-03-05 10:14:15.485,5121.298922280791,310.31547225132294,47.6730325362497,-3.2968335610671486,8.983586245521009,0.6259054425711094,1.8974613428633385,0.5885258338868042,61.1877467178617,298.2729579417338,READY,14.395447484626871,False,87.04190178849149,22.857185107226133,4,92.09284244537808,NOMINAL,LOW,PASSIVE,1,0,1
2025-03-05 10:14:15.518,5121.297062470043,309.3121327138552,47.62039688555997,-3.0334152508220957,9.418704931153265,0.5821748583470584,1.897061282086867,0.5845029032183655,61.14725178290254,250.66758454572204,READY,14.395447484626871,False,86.8636708614947,22.789318592763603,4,92.11519015615997,NOMINAL,LOW,PASSIVE,1,0,1
2025-03-05 10:14:15.557,5130.0824967594035,310.89973368916475,47.25569343500189,-2.7967008636380113,9.259496324671552,0.5431410039236065,1.8765786802190232,0.583793186342926,61.13044043017456,219.24343094655364,READY,14.395447484626871,False,86.73280332048859,22.693991175525678,4,92.53365867774262,NOMINAL,LOW,PASSIVE,1,0,1
2025-03-05 10:14:15.588,5144.441743424763,312.08952837684774,47.6376953793111,-2.7587160616466377,9.48379998522575,0.5633679290784238,1.7927476751638203,0.5804509808854454,61.119348726951735,201.03862756856213,READY,14.395447484626871,False,86.68657162263523,22.618978517413332,4,92.0689981900768,NOMINAL,LOW,PASSIVE,1,0,1
2025-03-05 10:14:15.614,5132.389712938337,313.6207980178857,47.83096021897458,-2.7368359091686627,9.3268135237979,0.5964996219449028,1.707265204219828,0.5712957037827632,61.08656207794589,250.91561831421234,READY,14.395447484626871,False,86.80374583769377,22.54158764150416,4,92.55501548977067,NOMINAL,LOW,PASSIVE,1,0,1
2025-03-05 10:14:15.651,5124.255026931479,314.1756243336054,47.651887873757424,-2.460604576164524,9.381377268123394,0.6370036510155546,1.629572057652669,0.5641678915258088,61.03790875437302,267.3942808249888,READY,14.395447484626871,False,86.94685670729858,22.487854991013013,4,92.41400534674452,NOMINAL,LOW,PASSIVE,1,0,1
2025-03-05 10:14:15.684,5117.657629644414,312.2824661425742,47.588861385994676,-2.317913240261435,9.796728694584324,0.66787025897652,1.6283256786339642,0.573139511061052,61.017065173343724,309.76904664267784,READY,14.395447484626871,False,86.78714505768968,22.423905654842663,4,92.17082625388086,NOMINAL,LOW,PASSIVE,1,0,1
2025-03-05 10:14:15.717,5105.763898625987,311.5297388758856,47.126322792973454,-2.4270465527480964,10.249589728427358,0.7143813882956661,1.5445536096035424,0.5701036423765327,60.98049421804325,290.50046471409087,READY,14.395447484626871,False,86.93701832759035,22.344274699814076,4,91.83664678592613,NOMINAL,LOW,PASSIVE,1,0,1
2025-03-05 10:14:15.754,5086.783925955974,311.2471359113665,47.35518565268073,-2.435590480030327,10.490226056831355,0.7298246097299723,1.5404281369137458,0.5667254604850965,60.96738763614701,311.59259653920486,READY,14.395447484626871,False,86.83817852624652,22.279568990473802,4,91.9945434020581,NOMINAL,LOW,PASSIVE,1,0,1
2025-03-05 10:14:15.787,5091.692224751492,311.3090334932053,46.92202804694473,-2.2075341490877762,10.783288612627539,0.6828546799309996,1.507837669953,0.5758681455048118,60.934750968255045,298.81249349737675,READY,14.395447484626871,False,86.71586169721431,22.228016192470506,4,91.7835346828852,NOMINAL,LOW,PASSIVE,1,0,1
2025-03-05 10:14:15.818,5077.86282829709,313.1711252500017,46.67234936184206,-2.0604779485370397,10.358890630179214,0.6812908673956336,1.530467921337208,0.5724753769269557,60.9161811015747,251.41224213360542,READY,14.395447484626871,False,86.6320948779535,22.151104445635095,4,92.20661388913679,NOMINAL,LOW,PASSIVE,1,0,1
2025-03-05 10:14:15.855,5087.09939386575,311.40158015878336,46.40565641164454,-2.030118967583194,9.864980383460344,0.7143826314223761,1.5061146808364811,0.5649126234548864,60.90484250490968,236.7344488807867,READY,14.395447484626871,False,86.77364052334374,22.059385421240663,4,92.09159841872278,NOMINAL,LOW,PASSIVE,1,0,1
2025-03-05 10:14:15.886,5105.431385467211,312.74846610797346,46.223090107165675,-1.9937457197722812,10.341926274110216,0.6787336916591431,1.5572338592336537,0.5690081265789538,60.85676808213139,203.73699135926185,READY,14.395447484626871,False,86.6871811979055,21.97821251114023,4,92.58651683211174,NOMINAL,LOW,PASSIVE,1,0,1
2025-03-05 10:14:15.919,5087.612157939705,313.82963910988565,46.14469491005906,-1.7396454087400317,10.827728284065502,0.6527581510321256,1.5198352632499772,0.5617948909531305,60.81547786447258,185.4933282921406,READY,14.395447484626871,False,86.68196986126463,21.906877893589026,4,92.28743499505336,NOMINAL,LOW,PASSIVE,1,0,1
2025-03-05 10:14:15.955,5070.288526743297,313.99899117101364,45.954630057993796,-1.8298783900348492,11.079934403237866,0.6497224645310266,1.600426595480178,0.5592649946309844,60.770619602180574,174.6060657585188,READY,14.395447484626871,False,86.81697373205438,21.812569076711007,4,92.15445272536594,NOMINAL,LOW,PASSIVE,1,0,1
2025-03-05 10:14:15.987,5071.205693386357,312.38670409562025,46.053320281246805,-1.6986945626954786,11.303281078521714,0.6484005047154471,1.6267870612140038,0.556202064175328,60.75914406360022,137.30934817261726,READY,14.395447484626871,False,86.63053127089715,21.729491916892506,4,91.86778253147554,NOMINAL,LOW,PASSIVE,1,0,1
2025-03-05 10:14:16.019,5080.541701238279,311.8231042310856,45.7824222499666,-1.6196368948085098,11.54960288935669,0.6179220296014113,1.68411306790126,0.5618688554970486,60.712967728418285,182.15401616972315,READY,14.395447484626871,False,86.55348578942204,21.64328036545005,4,91.63917000578714,NOMINAL,LOW,PASSIVE,1,0,1
2025-03-05 10:14:16.051,5082.237998454143,311.2383076097536,45.75864530534573,-1.8333084849816565,11.630979691218709,0.5737516586576915,1.725807129450551,0.5541657723518105,60.67715688625632,146.33557167840232,READY,14.395447484626871,False,86.7235086827055,21.56067677111463,4,91.14217193359977,NOMINAL,LOW,PASSIVE,1,0,1
2025-03-05 10:14:16.083,5092.020571965437,312.051741045678,46.09267801107467,-1.8358541490232696,11.962250485293744,0.5577718282780247,1.6458090376462426,0.544464428713811,60.65944124840942,125.90878687339134,READY,14.395447484626871,False,86.86503094564371,21.473090612014943,4,90.83771762032082,NOMINAL,LOW,PASSIVE,1,0,1
2025-03-05 10:14:16.115,5093.300781685377,310.5923390967343,46.39725932745453,-1.9528631863296306,11.561942097673722,0.5561690906172142,1.5509161422576132,0.5374165203774847,60.62878283211142,98.79708227331787,READY,14.395447484626871,False,87.02089680042701,21.404793642011533,4,91.31572142075575,NOMINAL,LOW,PASSIVE,1,0,1
2025-03-05 10:14:16.161,5074.680055518957,312.41999039257655,46.36413880436718,-1.8318483792613212,11.509398065941292,0.5200778929330262,1.4524869693864655,0.5373872253799316,60.609024850039425,147.53196964270177,READY,14.395447484626871,False,87.14787519281626,21.348322078795615,4,91.15812752358626,NOMINAL,LOW,PASSIVE,1,0,1
2025-03-05 10:14:16.189,5091.369480562931,314.1618055041648,45.98749259608208,-1.5912385401830489,11.225137063810072,0.4757587454584899,1.53627208898096,0.5392045984175031,60.58192510433175,197.25143239242803,READY,14.395447484626871,False,87.17827829798924,21.292304685057562,4,90.88954284450222,NOMINAL,LOW,PASSIVE,1,0,1
2025-03-05 10:14:16.217,5106.273175130524,313.34306012518164,45.870697996994835,-1.8569810652904726,10.987424969949814,0.4388152510676552,1.6001743580133185,0.5386873044484777,60.553259096047086,213.4874006510703,READY,14.395447484626871,False,87.31810305923607,21.221892444170827,4,90.70844181072124,NOMINAL,LOW,PASSIVE,1,0,1
2025-03-05 10:14:16.254,5121.32669074926,312.98582603976587,45.57141884603469,-1.8235557316298863,11.330821098671091,0.4290278357548079,1.562196204742584,0.5419243016159985,60.5278043662346,214.8878038699262,READY,14.395447484626871,False,87.45898878150282,21.14535277743991,3,90.76930837865171,NOMINAL,LOW,PASSIVE,1,0,1
2025-03-05 10:14:16.285,5130.496744133188,312.04679040498627,45.398544779836016,-2.105744896741575,11.453985253969758,0.4750642329689529,1.543551392825059,0.5336008857062051,60.48089483463702,168.52153349423287,READY,14.395447484626871,False,87.4257487143523,21.061979231179,3,90.66680319677164,NOMINAL,LOW,PASSIVE,1,0,1
2025-03-05 10:14:16.324,5149.443791539319,311.2450690224432,45.70730654711987,-2.123002437763097,11.759840301435482,0.4324437636953491,1.612617464578614,0.5414781638140996,60.4358850939245,160.61229766263145,READY,14.395447484626871,False,87.3866329830348,20.988947710018767,3,90.30698696932977,NOMINAL,LOW,PASSIVE,1,1,1
2025-03-05 10:14:16.357,5130.358475903388,310.98000278114847,45.823663959559745,-2.315485885404788,12.04575114018833,0.4139829795898776,1.699007123566479,0.5394425504888906,60.412386130193134,161.0348966559361,READY,14.395447484626871,False,87.33720317926141,20.893087054843797,3,90.71429959703728,NOMINAL,LOW,PASSIVE,1,1,1
2025-03-05 10:14:16.383,5145.699010961575,311.06540667640314,45.79451024301794,-2.1479028942374305,12.039227125282778,0.40385548399593973,1.739577489444775,0.5448906261186363,60.372168879611216,123.21642620606352,READY,14.395447484626871,False,87.29462038015062,20.839754798177523,3,90.78997191984368,NOMINAL,LOW,PASSIVE,1,0,1
2025-03-05 10:14:16.417,5157.5240738983075,311.4666690604305,45.40079244232417,-2.347760645481303,12.525516056623447,0.3964852201822857,1.8206222760695578,0.5500617977538204,60.3470368813855,89.44823820786299,READY,14.395447484626871,False,87.33963691774365,20.78702743986449,3,90.70227911564577,NOMINAL,LOW,PASSIVE,1,0,1
2025-03-05 10:14:16.450,5176.169222894398,312.52128050962506,44.95031689553319,-2.485955420716706,12.678206896760324,0.3985292692523243,1.7784074444152078,0.5492254854892007,60.33100004903174,97.53238560870597,READY,14.395447484626871,False,87.21099000679304,20.68719516435663,3,91.17940518275195,NOMINAL,LOW,PASSIVE,1,0,1
2025-03-05 10:14:16.482,5164.628073183474,311.5305758061944,45.353783649760864,-2.484815673075929,12.389691634060593,0.35482449712771646,1.8486784794760351,0.5527906352630245,60.30319000808576,139.45131593987105,READY,14.395447484626871,False,87.22876635602796,20.635094966541182,3,90.87859933505422,NOMINAL,LOW,PASSIVE,1,0,1
2025-03-05 10:14:16.515,5181.133937700425,309.83541852558056,45.15201261902258,-2.3463453634366105,12.405991508712349,0.39076086369958923,1.930649171691244,0.5530886035018757,60.29063735899024,148.70261253803244,READY,14.395447484626871,False,87.04133079798063,20.549727763172342,3,90.79085934395056,NOMINAL,LOW,PASSIVE,1,0,1
2025-03-05 10:14:16.550,5180.60332130295,311.59251879976983,44.983919849983174,-2.574085473680569,12.119543121827103,0.39769348328617493,1.9154799777644549,0.5464093445225574,60.25624479973675,117.32397384496244,READY,14.395447484626871,False,86.84150572760913,20.462329490688465,3,90.45452460423269,NOMINAL,LOW,PASSIVE,1,0,1
2025-03-05 10:14:16.584,5194.285115670671,312.0029316939989,45.3056823000333,-2.5197967506557823,12.604905609660456,0.4457478704844821,1.847015447617001,0.5534505287979816,60.211546831725066,122.07711626624811,READY,14.395447484626871,False,86.86352574788016,20.387669956470436,3,90.6909589128108,NOMINAL,LOW,PASSIVE,1,0,1
2025-03-05 10:14:16.614,5203.6599825809735,312.34425006988664,45.319382586598934,-2.4836494653145067,12.31178782927769,0.4886272273663493,1.7696697950143352,0.5496737329396983,60.17133637312758,144.89420071564572,READY,14.395447484626871,False,86.94901200907341,20.29079462754348,3,91.02432738676117,NOMINAL,LOW,PASSIVE,1,0,1
2025-03-05 10:14:16.651,5191.94205130697,312.5159845269503,45.3122270966589,-2.2223666047982977,12.127977386572685,0.5373893941619472,1.8006844687201946,0.5480526885039707,60.159006734767026,124.4005596249736,READY,14.395447484626871,False,87.11058598161752,20.19893669360195,4,91.34074374104549,NOMINAL,LOW,PASSIVE,1,0,1
2025-03-05 10:14:16.684,5197.183140672876,314.2706851294056,45.28921837078322,-2.4315497302426468,12.167276469328812,0.5220731888674004,1.7061862069348912,0.5515437889931115,60.1106668594987,93.90980893606522,READY,14.395447484626871,False,87.27687494995723,20.143708148030992,4,91.6554540416336,NOMINAL,LOW,PASSIVE,1,0,1
2025-03-05 10:14:16.714,5195.559208608685,314.61737777482404,44.797666696181125,-2.547776407294857,12.417937449300751,0.5112110677357751,1.6385689656921287,0.5558810964753276,60.06954837171072,112.41780456568868,READY,14.395447484626871,False,87.26915082312091,20.074454786810737,4,91.20376256591366,NOMINAL,LOW,PASSIVE,1,0,1
2025-03-05 10:14:16.749,5205.345992979178,316.5680873113389,44.89999903312975,-2.7655657404436207,12.292679790335907,0.5055449209546582,1.6085655085795034,0.5605733601187801,60.04150085383391,82.82112637299801,READY,14.395447484626871,False,87.32884676798778,19.981279433307066,4,91.09489559928834,NOMINAL,LOW,PASSIVE,1,0,1
2025-03-05 10:14:16.781,5204.867072285353,317.07676896085053,44.51236030114758,-3.02861994425145,11.809446227136688,0.5328959587759199,1.5801078458367983,0.5656708026283848,59.99579153787159,99.32873135986996,READY,14.395447484626871,False,87.25426855913429,19.89487452774616,5,91.22016464455875,NOMINAL,LOW,PASSIVE,1,0,1
2025-03-05 10:14:16.814,5216.875883532044,317.1244902332336,44.07250644292322,-3.186059729029291,11.645318708295825,0.514531143537853,1.5802507932378211,0.5663498789462309,59.94925876544198,56.56620222850928,READY,14.395447484626871,False,87.35655903580627,19.819961893906815,5,90.9565494841143,NOMINAL,LOW,PASSIVE,1,0,1
2025-03-05 10:14:16.849,5213.884337051527,315.7815653279084,43.99447400895616,-2.942141085835423,11.600672080231273,0.5560358259748301,1.6414749194313054,0.5596909261294647,59.91075135628258,80.98412461791139,READY,14.395447484626871,False,87.32205652112219,19.72611117416425,5,91.24840059333911,NOMINAL,LOW,PASSIVE,1,0,1
2025-03-05 10:14:16.881,5215.5895636165105,316.56534608501653,44.29410993173422,-2.7245699607736555,11.820220226901114,0.5277174619106705,1.688566578664656,0.5679569717829691,59.894597681923095,106.69901820944241,READY,14.395447484626871,False,87.42124428965138,19.659286498955304,5,91.40855229572794,NOMINAL,LOW,PASSIVE,1,0,1
2025-03-05 10:14:16.917,5232.069185458561,318.1263226316017,44.446246539230245,-2.8123967602070628,11.987447452638426,0.5063183348489705,1.737915636119399,0.5772746737562403,59.86240227288978,102.92142919122249,READY,14.395447484626871,False,87.6084799665488,19.591398818730845,5,91.47842257532781,NOMINAL,LOW,PASSIVE,1,0,1
2025-03-05 10:14:16.951,5227.931432358956,319.80317298135566,44.116753612141075,-2.721369063904052,11.586967182051195,0.4873547149135565,1.649560568672899,0.5850139881152316,59.852202234121854,125.95530023895978,READY,14.395447484626871,False,87.44780496765141,19.538204387975828,5,91.78652357754872,NOMINAL,LOW,PASSIVE,1,0,1
2025-03-05 10:14:16.983,5211.477126090434,317.8935306057168,44.556799492838756,-2.6661898606588554,11.88362078757267,0.5079648776990925,1.6908446384513143,0.5949515086278749,59.803384134210326,80.85259145250217,READY,14.395447484626871,False,87.26106723838431,19.46443712853492,5,91.76510756314862,NOMINAL,LOW,PASSIVE,1,0,1
2025-03-05 10:14:17.019,5224.946860853075,317.8057464281697,44.09566498311322,-2.9224611783893484,11.758876138517582,0.5488553223583341,1.7243076505662478,0.60112583926712,59.76031362118115,129.0947815440923,READY,14.395447484626871,False,87.35333467607447,19.374026859411813,5,91.39004989244367,NOMINAL,LOW,PASSIVE,1,0,1
2025-03-05 10:14:17.062,5238.734855839318,318.7374901425843,44.46256126824598,-3.145319959480071,11.514958853588839,0.545006007133303,1.7183904210158996,0.5984914135170121,59.71785855693018,83.35222158536621,READY,14.395447484626871,False,87.55311118540922,19.32158612915852,5,91.86442483674792,NOMINAL,LOW,PASSIVE,1,0,1
2025-03-05 10:14:17.093,5253.365866330655,318.4156875627033,44.90166307760469,-2.921742659641127,11.952546858738838,0.5420611895819529,1.7506827541396177,0.6008364637992281,59.68653952638305,133.24455324514162,READY,14.395447484626871,False,87.70581147552485,19.258265956712815,5,91.4746258933716,NOMINAL,LOW,PASSIVE,1,0,1
2025-03-05 10:14:17.121,5241.323587763505,317.0034447264206,44.7505004648957,-2.8796449231411074,11.494393025869869,0.5867938367141738,1.8232712751660836,0.6070004403338972,59.66165870909868,118.97883004816552,READY,14.395447484626871,False,87.53112429823271,19.205774779448785,5,91.31499504516779,NOMINAL,LOW,PASSIVE,1,0,1
2025-03-05 10:14:17.153,5233.389681252974,316.15979831205476,45.093900266471934,-3.1441744427300113,11.968561559816745,0.6204420042789626,1.8687027128719138,0.6137894327757837,59.6476971225275,96.50266702941136,READY,14.395447484626871,False,87.59542537057442,19.10603500660596,5,91.27026325773153,NOMINAL,LOW,PASSIVE,1,0,1
2025-03-05 10:14:17.185,5249.530667000405,315.9553095353587,44.82483669544245,-3.2761255382999717,11.830553404746968,0.587270332830257,1.8842142595256512,0.6188032205025642,59.598321997807226,144.03387904967678,READY,14.395447484626871,False,87.70906106918197,19.055938373832518,5,91.07333485398797,NOMINAL,LOW,PASSIVE,1,0,1
2025-03-05 10:14:17.224,5263.610526585502,315.58265214908675,44.69892382037531,-2.9830524608773863,11.567441051724545,0.6199733281586923,1.9341432126747264,0.6224743022722246,59.54861143999165,139.361786995382,READY,14.395447484626871,False,87.53854044327906,18.957636837088018,5,91.15872409078924,NOMINAL,LOW,PASSIVE,1,0,1
2025-03-05 10:14:17.256,5279.151251539642,315.25166422218166,45.185124241433165,-2.771052473339685,11.661499783802018,0.5777855175841412,2.0333298486312477,0.6249351699055846,59.521474081909105,186.07148728063098,READY,14.395447484626871,False,87.53493935943531,18.891657237205198,6,91.41015026073117,NOMINAL,LOW,PASSIVE,1,0,1
2025-03-05 10:14:17.288,5283.900142943774,313.6958288149775,45.42158372589867,-2.909915696806298,11.469448279648294,0.5370883143354721,2.032909499718478,0.6269376849341043,59.47731869204507,218.0072132421809,READY,14.395447484626871,False,87.6210138518503,18.81357105256211,6,91.1485335892374,NOMINAL,LOW,PASSIVE,1,0,1
2025-03-05 10:14:17.324,5272.175808283252,314.84825147835124,45.16556966355739,-2.6148040804792103,11.169669702340128,0.5569654909800473,2.0930990847320468,0.6195946188896256,59.44419098755593,176.3606639134577,READY,14.395447484626871,False,87.69820596776643,18.753875496914493,6,90.78754053585195,NOMINAL,LOW,PASSIVE,1,0,1
2025-03-05 10:14:17.351,5289.820306179419,315.2911971770104,45.01750405349782,-2.7206442438956886,10.727257107756605,0.5093957495617757,2.1455532507695247,0.6270329263279472,59.42724772185321,170.6069462419183,READY,14.395447484626871,False,87.7631066591675,18.691760962537746,6,90.66890387109898,NOMINAL,LOW,PASSIVE,1,0,1
2025-03-05 10:14:17.382,5278.513051852329,313.59688900556927,44.87503022067375,-2.8364186798019824,10.36275816553448,0.5552478316487062,2.056292080831375,0.6333653402226788,59.38449223504349,219.89564673813896,READY,14.395447484626871,False,87.74281701751501,18.603490371082636,6,90.75449234490095,NOMINAL,LOW,PASSIVE,1,0,1
2025-03-05 10:14:17.420,5298.150409924211,315.3427574136341,44.703945711100886,-2.7825737367248973,10.120848660168498,0.5109320248911114,2.0621224589270684,0.6381220097652286,59.37203302357854,246.1731569029706,READY,14.395447484626871,False,87.84804762698899,18.510254393382382,6,90.59061781226747,NOMINAL,LOW,PASSIVE,1,1,1
2025-03-05 10:14:17.451,5312.506411907475,315.4957918511292,44.620495188881485,-3.055391196373496,9.855887181600181,0.5471074302797208,2.1351506443942534,0.6294155454256999,59.3371126645987,254.164587579248,READY,14.395447484626871,False,88.00389260705572,18.421463069768734,6,90.40725587578471,NOMINAL,LOW,PASSIVE,1,1,1
2025-03-05 10:14:17.490,5332.369872855899,316.68330652811375,44.870796311073,-2.9409275734653377,10.013509065998973,0.5949262842770886,2.1230039470684137,0.6332079006468194,59.31604629330867,280.473661731634,READY,14.395447484626871,False,88.13905296712743,18.351042533687828,6,90.72879128071152,NOMINAL,LOW,PASSIVE,1,1,1
2025-03-05 10:14:17.526,5341.012199238796,315.65962499810746,45.00996810120494,-3.1951111954268514,9.94842755142239,0.5546548791965787,2.0272879597919817,0.6370934934321822,59.28571043238979,280.90935537922314,READY,14.395447484626871,False,88.33555545516671,18.296424479292522,6,90.40650934767251,NOMINAL,LOW,PASSIVE,1,1,1
2025-03-05 10:14:17.558,5348.752818967531,315.37250263386727,44.90714710036173,-3.113074782274873,10.305592833234721,0.558615715244893,2.0632552430340687,0.6435722775257576,59.258323259487334,322.680051327158,READY,14.395447484626871,False,88.46121622617632,18.242461157571054,6,90.03396850346269,NOMINAL,LOW,PASSIVE,1,1,1
2025-03-05 10:14:17.590,5338.4879735955565,316.86423916528736,44.46339969128421,-3.406573417261449,10.371466516262124,0.5200531042590834,2.135469426885638,0.6369408668259229,59.24751764698818,361.7222613558281,READY,14.395447484626871,False,88.31594139275394,18.16940485848944,6,89.75586783040262,NOMINAL,LOW,PASSIVE,1,1,1
2025-03-05 10:14:17.627,5347.792481360404,318.6411907287121,44.235966600546206,-3.5571984888628276,10.38920898898604,0.5312816857930298,2.2249700349362995,0.6320869050532512,59.23697391208038,354.1538985364816,READY,14.395447484626871,False,88.16805982116296,18.10276778358113,6,89.80309734566671,NOMINAL,LOW,PASSIVE,1,1,1
2025-03-05 10:14:17.654,5333.884916984633,319.34432312818893,44.3701197427777,-3.7077354252289028,10.52721614866881,0.48264960613705415,2.161719746303161,0.6405413892652201,59.22420367736136,348.4754354238412,READY,14.395447484626871,False,88.02326166739317,18.034893303251124,6,89.98604357293092,NOMINAL,LOW,PASSIVE,1,1,1
2025-03-05 10:14:17.687,5330.084173146899,320.24195924494865,44.286570923498644,-3.7155952330695583,10.813372174641222,0.4873821280155905,2.16271604351873,0.640029040688478,59.19472045926832,378.90934046447,READY,14.395447484626871,False,88.05748333489132,17.95487641794353,6,90.02512277965937,NOMINAL,LOW,PASSIVE,1,1,1
2025-03-05 10:14:17.723,5312.143841052989,320.22433924762396,43.97778599397884,-3.7863320804465417,11.145584046986286,0.4511614295370611,2.2599890273340026,0.6449504759682223,59.15943550194555,364.9644601331082,READY,14.395447484626871,False,87.8689039585144,17.867039041106995,6,89.82429791151634,NOMINAL,LOW,PASSIVE,1,1,1
2025-03-05 10:14:17.750,5313.25061915631,319.85627633960377,43.59241899882253,-4.062232679573651,11.62722125289003,0.4208015102351723,2.1766761007384923,0.6548076918745449,59.1396449585083,374.57864353825255,READY,14.395447484626871,False,87.94589632050092,17.81559785542421,6,89.78696442023283,NOMINAL,LOW,PASSIVE,1,1,1
2025-03-05 10:14:17.790,5309.75155807304,318.43996932991,44.028512223008434,-4.351696454551664,11.424479114589788,0.3819838219001302,2.1856040641303274,0.6495737284981629,59.11599775414361,389.0341964416715,READY,14.395447484626871,False,88.01525621939273,17.726439736051784,6,89.60991896816878,NOMINAL,LOW,PASSIVE,1,1,1
2025-03-05 10:14:17.821,5317.156485075266,317.1587275378387,43.9335079037486,-4.608987407961922,11.757227308213338,0.39711805714181864,2.150895025046456,0.6484278230258363,59.10528138045781,348.8295635720649,READY,14.395447484626871,False,87.82111049531633,17.64469367334085,6,89.29868622422929,NOMINAL,LOW,PASSIVE,1,1,1
2025-03-05 10:14:17.851,5327.994738540057,316.8525086691666,44.22351756722839,-4.881104444562173,11.531197272591566,0.4036582323279412,2.138225956293148,0.6406843366479529,59.06067372479581,340.38322354496984,READY,14.395447484626871,False,87.78270871397474,17.559789083553294,6,89.35135992279527,NOMINAL,LOW,PASSIVE,1,1,1
2025-03-05 10:14:17.895,5341.271753366602,315.57086806035784,43.97490381977177,-4.982148256103023,11.836712159416802,0.43149083640630115,2.188051348739664,0.6456621814507322,59.026150066991256,296.3187555744689,READY,14.395447484626871,False,87.81557956551538,17.497849112698084,6,89.53824419010239,NOMINAL,LOW,PASSIVE,1,1,1
2025-03-05 10:14:17.930,5327.774951527106,313.7849210433556,43.80687743774601,-5.212114913827932,11.577540916528365,0.48112655888687095,2.1041505397900373,0.6395904019459565,58.97929320611655,321.6998580908366,READY,14.395447484626871,False,87.67898423105886,17.43121529908058,6,89.3145681266903,NOMINAL,LOW,PASSIVE,1,1,1
2025-03-05 10:14:17.952,5309.982246928355,314.3429371559186,43.41558884060144,-5.232334359777444,11.94347498744824,0.5256826156592428,2.108018707830203,0.645110198439072,58.951834100827774,321.9378542163275,READY,14.395447484626871,False,87.74838958447413,17.356573539365346,6,89.24231195549481,NOMINAL,LOW,PASSIVE,1,1,1
2025-03-05 10:14:17.982,5318.662914087459,312.6078558280561,43.58065079063064,-5.21178809659898,11.653897334107885,0.5379546320502255,2.162784481695575,0.6352952415510169,58.92449833878062,302.66882406873196,READY,14.395447484626871,False,87.94432663166346,17.268714176100115,6,89.05084431384695,WARNING,LOW,PASSIVE,1,1,1
2025-03-05 10:14:18.019,5330.931072391117,311.89231026485754,43.191593096941205,-4.964169059498587,11.878642649762776,0.4987928992537416,2.198261426829345,0.6321701437224315,58.91401691343408,315.647155684821,READY,14.395447484626871,False,87.86767066463189,17.199842587065444,6,89.24915606219668,WARNING,LOW,PASSIVE,1,1,1
2025-03-05 10:14:18.062,5313.157472026612,313.02181296416217,43.49943247700217,-4.872796764903015,12.316068440490708,0.5453807338674976,2.1318489372665548,0.6225492777375681,58.87537798621239,270.7061254515701,READY,14.395447484626871,False,87.99708427651078,17.130966174990917,6,89.32050808764804,WARNING,LOW,PASSIVE,1,1,1
2025-03-05 10:14:18.102,5306.887907797542,311.61518681751704,43.28544184562673,-5.060569088718028,12.538854489106011,0.5658438449887622,2.173973363075308,0.6300030242415187,58.828530452710275,319.1889144080782,READY,14.395447484626871,False,87.87061197098312,17.049862189635437,6,89.08654701327704,WARNING,LOW,PASSIVE,1,1,1
2025-03-05 10:14:18.125,5317.130545984138,310.94060015747,43.08734398711995,-4.851005479170817,12.344958685320867,0.5994983279889301,2.0745204482046327,0.6340652010113418,58.80859921159709,358.79265819770114,READY,14.395447484626871,False,88.01812148501445,16.98891541168195,6,89.03765945112954,WARNING,LOW,PASSIVE,1,1,1
2025-03-05 10:14:18.152,5308.357800231898,309.3954136887329,42.639483255626445,-4.872718893059134,11.888410977888636,0.5503591825777904,2.1194178874858185,0.6432073419285786,58.75874627397028,406.83734691889356,READY,14.395447484626871,False,88.13451857299832,16.93006886038746,6,89.00385726467697,WARNING,LOW,PASSIVE,1,1,1
2025-03-05 10:14:18.195,5311.922127123222,309.4149248175631,42.18200382197968,-4.651829229984859,11.848418382046184,0.5801894815010163,2.212210438482125,0.6403612468369382,58.71933229028242,415.78436036905356,READY,14.395447484626871,False,88.11541079049675,16.835016218841048,6,89.44330275602734,WARNING,LOW,PASSIVE,1,1,1
2025-03-05 10:14:18.229,5294.707310746887,308.4691619277572,41.73608729785468,-4.80757429171242,11.479670460560923,0.5523563837164731,2.266671196249476,0.6475565945002326,58.670602358759716,438.64048780723954,READY,14.395447484626871,False,88.02694765115473,16.75760896694033,6,89.88904153082397,WARNING,LOW,PASSIVE,1,1,1
2025-03-05 10:14:18.264,5303.432584808162,309.5784147822012,41.863576426847786,-4.995575173381319,11.761824410136878,0.5616434168375823,2.261561533652055,0.6549016703820543,58.63435893519832,410.6286072839365,READY,14.395447484626871,False,87.87592668655896,16.70366683058076,6,89.85743945656044,WARNING,LOW,PASSIVE,1,1,1
2025-03-05 10:14:18.293,5292.696414268614,308.3864755426436,42.33151572379703,-4.985894441019444,11.494059165367839,0.5823947389060888,2.3361446587106682,0.6507153792795498,58.58592925146444,422.75788645104046,READY,14.395447484626871,False,87.68348662520164,16.642898537796835,6,90.21082142382909,WARNING,LOW,PASSIVE,1,1,1
2025-03-05 10:14:18.324,5283.050994136623,308.04962479889934,42.02911197294246,-4.749818484504346,11.4612956023153,0.5718597605455127,2.3660940212817696,0.6498434739962229,58.56234051422519,407.6787978248404,READY,14.395447484626871,False,87.73866556887481,16.56824131377262,6,89.95147526562505,WARNING,LOW,PASSIVE,1,1,1
2025-03-05 10:14:18.356,5282.835780371578,308.80236685119644,42.16713293929094,-4.669264721835297,11.223410360307822,0.6097254976962937,2.4402271271822165,0.6463542864607701,58.55103375829249,387.705346243553,READY,14.395447484626871,False,87.66751352184238,16.49612756356242,6,90.0559475976932,WARNING,LOW,PASSIVE,1,1,1
2025-03-05 10:14:18.388,5265.275410868679,309.84494631435433,42.484132746520515,-4.788062906164663,11.442231198953353,0.5730973775082834,2.3430166560250716,0.6394767866246207,58.515421167414296,387.58779625374837,READY,14.395447484626871,False,87.84313270121403,16.435173527130257,6,89.88109695437205,WARNING,LOW,PASSIVE,1,1,1
2025-03-05 10:14:18.426,5268.862796602146,307.96043033050023,42.59838402375959,-4.616645681086849,10.972512466650546,0.6180873253127989,2.3167172607166426,0.6335601174869406,58.46706663460261,418.1873026798057,READY,14.395447484626871,False,87.91433217761089,16.351851711132614,6,89.42356838683358,WARNING,LOW,PASSIVE,1,1,1
2025-03-05 10:14:18.454,5264.348962054193,307.67262257560776,42.28079790787143,-4.379360415961932,11.15184197039171,0.6270404917279138,2.286109931839752,0.6396701123120028,58.43279919459294,456.8539055009104,READY,14.395447484626871,False,87.83665168700358,16.298332953530842,6,89.2555501764541,WARNING,LOW,PASSIVE,1,1,1
2025-03-05 10:14:18.485,5261.571733977321,307.0148163943064,42.136958315040104,-4.142354298280219,10.717533420822146,0.6151496821476661,2.374648165848889,0.6460154744129435,58.411691131316786,495.3905043840292,READY,14.395447484626871,False,87.86251480207595,16.21828335142294,6,89.09337552005874,WARNING,LOW,PASSIVE,1,1,1
2025-03-05 10:14:18.519,5270.60772443311,308.6037894320297,42.00337509581107,-3.9018652545032406,10.978517265000708,0.6021432255890388,2.3988520716516173,0.6414063292129863,58.38604099567481,533.6451331950781,READY,14.395447484626871,False,87.68489027101438,16.157905926273987,6,88.81288928333136,WARNING,LOW,PASSIVE,1,1,1
2025-03-05 10:14:18.550,5287.60019653676,308.43524421816414,41.557709952164316,-3.9412213977647284,11.039207947238989,0.5719743499770655,2.472309733094546,0.6459528374020441,58.33890345717886,521.2071380628,READY,14.395447484626871,False,87.52777186621832,16.10217274552507,5,88.55485124784049,WARNING,LOW,PASSIVE,1,1,1
2025-03-05 10:14:18.585,5305.058575736354,308.07288906264876,41.878018538595086,-3.684751057441395,10.952236028417792,0.5415762839431092,2.4877430007103216,0.6498209710081038,58.28963190557668,477.15641758953404,READY,14.395447484626871,False,87.3672669522098,16.011000699455977,5,88.11152012973527,WARNING,LOW,PASSIVE,1,1,1
2025-03-05 10:14:18.619,5323.728476311768,306.6259170468906,42.18308898028162,-3.7236749426257085,10.925332515603932,0.5305745308981603,2.5684849928747364,0.6417779723905738,58.258421136087875,486.35105778705514,READY,14.395447484626871,False,87.27201304896332,15.956759547028073,5,88.5211017272549,WARNING,LOW,PASSIVE,1,1,1
2025-03-05 10:14:18.651,5314.590154018107,305.2965617406967,42.03078531624735,-3.8993164506935254,10.989323066050469,0.48469053460170797,2.6599653954560156,0.6393321219016862,58.22665536250922,528.7433704931088,READY,14.395447484626871,False,87.14419987016124,15.867384729911153,5,88.4907101590201,WARNING,LOW,PASSIVE,1,1,1
2025-03-05 10:14:18.687,5325.34858600457,306.0983959609871,42.258573016115434,-3.9414403414044257,10.64425042339332,0.5152521187738281,2.5779770088663976,0.633864712927696,58.19363514962858,531.5176798348932,READY,14.395447484626871,False,87.30959318512951,15.801104289648361,5,88.84794346348282,WARNING,MEDIUM,PASSIVE,1,1,1
2025-03-05 10:14:18.724,5321.538261991885,307.7973597261038,42.59674829067471,-3.914459126946066,10.23725271755228,0.4779231391010972,2.538135942662709,0.6352571445110143,58.18312203296702,532.581402677311,READY,14.395447484626871,False,87.35813707518149,15.701675680391501,5,89.15763872750281,WARNING,MEDIUM,PASSIVE,1,1,1
2025-03-05 10:14:18.756,5338.777300743509,308.144173916849,43.09414694422563,-3.7695931535754688,10.381574534597586,0.48441753814014793,2.5508792958915625,0.6383793477614861,58.1727614433565,513.2673752183435,READY,14.395447484626871,False,87.39490697359389,15.63024350877525,5,89.24677793955738,WARNING,MEDIUM,PASSIVE,1,1,1
2025-03-05 10:14:18.788,5332.434762963638,308.15059047472323,43.43397297009207,-3.843113785888649,10.5937403828707,0.48277422040397383,2.503321774256829,0.6446195681209237,58.159632687103276,485.15569731478547,READY,14.395447484626871,False,87.533325317124,15.556115703444943,5,88.75993623980182,WARNING,MEDIUM,PASSIVE,1,1,1
2025-03-05 10:14:18.824,5330.182897772226,308.2929184480627,42.94257001701186,-4.113259770556419,10.86005048769082,0.4841997876534766,2.5909993729959973,0.6429902280500187,58.127777953895006,446.83061456755615,READY,14.395447484626871,False,87.6156560574516,15.462826249488735,5,88.30546466710696,WARNING,MEDIUM,PASSIVE,1,1,1
2025-03-05 10:14:18.856,5336.2313426301935,307.0165669393565,42.45206264743341,-4.012091549952954,10.3648264035396,0.4582953615438895,2.545842129444487,0.6347877556223362,58.11139270950478,488.06821817388425,READY,14.395447484626871,False,87.4947145921411,15.369131032637512,5,87.98016225031452,WARNING,MEDIUM,PASSIVE,1,1,1
2025-03-05 10:14:18.893,5324.054058456646,305.7032224698071,42.26686518843157,-4.25102630980511,10.106651096663603,0.4997680751928865,2.5440832877562487,0.6397286430626445,58.08264635363846,464.4131820665997,READY,14.395447484626871,False,87.68739916095511,15.284661653913847,5,88.12341303174877,WARNING,MEDIUM,PASSIVE,1,1,1
2025-03-05 10:14:18.921,5312.045591207133,307.166909436638,42.45633785903838,-4.550000358968994,10.276505608782342,0.5384819269911383,2.541016547564041,0.6411183743421628,58.05318818990239,463.0902497468351,READY,14.395447484626871,False,87.75161119791821,15.188270919303804,5,87.9623219671235,WARNING,MEDIUM,PASSIVE,1,1,3
2025-03-05 10:14:18.949,5305.799550716857,308.16339373358926,42.94311792414094,-4.632998893096597,10.596397644684258,0.5076084114335844,2.5142303669793327,0.647291142461927,58.006938650143034,420.2274607340603,READY,14.395447484626871,False,87.79158314011637,15.13062474912167,5,87.77108989151569,WARNING,MEDIUM,PASSIVE,1,1,3
2025-03-05 10:14:18.985,5306.6922431036655,309.24061205042227,42.495599908437306,-4.932982635652682,10.550894787047355,0.5415872912683127,2.529955739580069,0.6568392387183033,57.96141670695823,401.4585391159003,READY,14.395447484626871,False,87.608617487779,15.0558048513275,5,87.41508821667801,WARNING,MEDIUM,PASSIVE,1,1,3
2025-03-05 10:14:19.018,5312.30772688427,310.72419478778176,42.55735795247606,-5.1883375931026805,10.799280045087146,0.5612706866151526,2.5413007184927676,0.6469427428706932,57.916325812612854,368.57365801891274,READY,14.395447484626871,False,87.60086094824862,14.96773738109299,5,87.86846723644277,WARNING,MEDIUM,PASSIVE,1,1,3
2025-03-05 10:14:19.050,5298.617889613785,309.364366883609,42.76027475973811,-5.395284094680382,11.019238338178608,0.5534605273242269,2.620028138386381,0.653880951674404,57.89499809473734,368.73860358228825,READY,14.395447484626871,False,87.62105578542952,14.917027320503506,5,87.83784727091134,WARNING,MEDIUM,PASSIVE,1,1,3
2025-03-05 10:14:19.092,5287.96495074,311.3253825836511,42.78199235738865,-5.104654928034267,10.66451189905561,0.5692863497410936,2.61061434782361,0.6477263481231035,57.874780554622035,383.9391663316519,READY,14.395447484626871,False,87.77042804796149,14.847536040506153,5,87.67527120687917,WARNING,MEDIUM,PASSIVE,1,1,3
2025-03-05 10:14:19.120,5277.6411779784785,312.79792566216423,42.33199584357709,-5.062352806155216,10.534934542529955,0.607914822817905,2.597063356035153,0.654066591590594,57.863610332379416,396.80236132279987,READY,14.395447484626871,False,87.57728123600661,14.769798221823809,5,88.07321350710484,WARNING,MEDIUM,PASSIVE,1,1,3
2025-03-05 10:14:19.150,5273.309456807829,310.93858302576797,42.64190679463313,-5.086955739627423,11.002691785742282,0.6104831334608531,2.6572135738148646,0.6575808434144378,57.84648746633476,388.6990808216257,READY,14.395447484626871,False,87.51171009067723,14.676639033727863,5,87.62068230332193,WARNING,MEDIUM,PASSIVE,1,1,3
2025-03-05 10:14:19.186,5284.879191684141,311.1244750101929,42.2240549578274,-4.826251786916377,10.849880561119083,0.5892670187703135,2.6303312644156187,0.6542695295544538,57.814867630532454,399.5762432084284,READY,14.395447484626871,False,87.49841069327424,14.622067014012432,5,87.69649791518772,WARNING,MEDIUM,PASSIVE,1,1,3
2025-03-05 10:14:19.221,5271.285998832702,310.15828385020626,42.65724137365822,-4.585102792239155,10.909094948026642,0.6108021571172088,2.6033100551433885,0.6458816366044476,57.77210856235727,368.7652941233743,READY,14.395447484626871,False,87.63006847764122,14.5469455013084,5,87.64245883176962,WARNING,MEDIUM,PASSIVE,3,1,3
2025-03-05 10:14:19.263,5272.4735893148,311.0721263256214,42.61169588329642,-4.816848930732216,11.257888377144912,0.577847720576397,2.6203095047205673,0.6557967732765958,57.73577502931473,366.21831048281217,READY,14.395447484626871,False,87.64484419180013,14.482854951778158,5,87.23486799588434,WARNING,MEDIUM,PASSIVE,3,1,3
2025-03-05 10:14:19.298,5290.084344751801,312.9696945201513,42.4791885694738,-4.811206002486752,11.648364056563823,0.5784285274461447,2.5778584922055217,0.646323273226497,57.70603596401431,384.38526550105877,READY,14.395447484626871,False,87.65099140127094,14.413355398987441,5,86.94957325987328,WARNING,MEDIUM,PASSIVE,3,1,3
2025-03-05 10:14:19.329,5296.972412604489,314.33971535449143,42.37038457225841,-4.9399787055913755,11.32465141722152,0.531367250279803,2.482419639393841,0.6484827622269594,57.65875792144027,349.28314949147335,READY,14.395447484626871,False,87.52643062902256,14.33510597597343,5,87.16613265472259,WARNING,MEDIUM,PASSIVE,3,1,3
2025-03-05 10:14:19.352,5299.310074342077,314.2153887529939,42.29894313389559,-5.174593203018367,11.25547367940329,0.539945176192149,2.431441747391277,0.6477724593824203,57.61439053249012,342.32359252744686,READY,14.395447484626871,False,87.40444034145462,14.239309945196101,5,86.72244125387651,WARNING,MEDIUM,PASSIVE,3,1,3
2025-03-05 10:14:19.388,5287.911730836897,314.571400298434,42.42636529805294,-4.988954646811968,11.183802973678759,0.5008465976579144,2.3518289386133313,0.6390579987641565,57.59795438651908,361.9439071406823,READY,14.395447484626871,False,87.26617411666557,14.173605294268285,5,86.79376667349011,WARNING,MEDIUM,PASSIVE,3,1,3
2025-03-05 10:14:19.423,5305.326733084657,313.36513220979197,41.99674990037924,-4.80856376221199,11.268639898225906,0.4978019852759425,2.294055434784315,0.6451513403720327,57.58570266618731,354.45691024923264,READY,14.395447484626871,False,87.10589377458936,14.113272749791802,5,87.26365727974924,WARNING,MEDIUM,PASSIVE,3,1,3
2025-03-05 10:14:19.451,5310.975578738576,312.7857397066548,42.15540358409508,-4.9854362519480055,11.081106522298239,0.5450577066033784,2.242694926108745,0.6534284373905123,57.56052428377025,305.6292244250888,READY,14.395447484626871,False,87.1670641344212,14.060625273218157,5,87.41419097559113,WARNING,MEDIUM,PASSIVE,3,1,3
2025-03-05 10:14:19.501,5323.097851458408,311.75778982106453,41.73722995734594,-5.059825790958458,11.42429100069925,0.5201202063451559,2.164069390110226,0.6510897974633935,57.53968348418528,281.7715131521153,READY,14.395447484626871,False,87.30007982523864,13.974239313712182,5,87.78435268005727,WARNING,MEDIUM,PASSIVE,3,1,3
2025-03-05 10:14:19.524,5317.953077881141,310.5845293825422,41.905834321503505,-5.018243473962266,11.245744067713124,0.524614952731003,2.156243126872236,0.6541659485770865,57.5175086991767,306.0369643971304,READY,14.395447484626871,False,87.3988095552441,13.897397782779782,5,87.36556431867508,WARNING,MEDIUM,PASSIVE,3,1,3
2025-03-05 10:14:19.553,5316.290420375599,308.80457144366045,42.270477170345046,-4.914950235689418,11.26018095100339,0.47739643568058093,2.0922400468221904,0.6554246764611691,57.46840465597592,268.60794088195604,READY,14.395447484626871,False,87.31633205215543,13.843227152112524,5,87.81247660561533,WARNING,MEDIUM,PASSIVE,3,1,3
2025-03-05 10:14:19.589,5323.459277266318,308.3496835637882,42.306082085195406,-5.067317726136101,11.14066852424704,0.5250573911386789,2.0481539829071886,0.647832303457306,57.43611265982465,298.0560795361887,READY,14.395447484626871,False,87.157434838635,13.765427522772171,5,87.9333899108395,WARNING,MEDIUM,PASSIVE,1,1,3
2025-03-05 10:14:19.621,5325.868775613868,308.51810907472293,42.23717915437376,-4.97746147297226,11.267832369504932,0.5092573194464014,2.0820542119282943,0.6475209876398104,57.3867498656864,322.38674279692725,READY,14.395447484626871,False,87.16435150091452,13.670100184779448,5,87.46118950608847,WARNING,MEDIUM,PASSIVE,3,1,3
2025-03-05 10:14:19.654,5328.207879983305,306.96230630252484,42.55228468382921,-5.1764333853953115,11.716179686542459,0.5144126808018559,2.061692394088241,0.655422764241311,57.364748534626,288.74926743479364,READY,14.395447484626871,False,86.97016976316873,13.575448307729019,5,87.92534584563653,WARNING,MEDIUM,PASSIVE,3,1,3
2025-03-05 10:14:19.690,5308.836513936366,308.70500173689123,42.62734455967023,-5.101594323300122,12.077898529941715,0.5211301980783964,1.9896975813422877,0.6605629635574949,57.33266284775883,276.4583996638519,READY,14.395447484626871,False,86.9343185874844,13.504752421202534,5,87.65504371467713,WARNING,MEDIUM,PASSIVE,3,1,3
2025-03-05 10:14:19.721,5321.149436176314,307.29737864529017,43.09925512798877,-5.2488802182067555,12.560807114704177,0.5248367158804589,1.9260371880082152,0.6687749692346989,57.31989892602098,250.3161940468057,READY,14.395447484626871,False,87.06830016088708,13.437951897792164,5,87.85534164679758,WARNING,MEDIUM,PASSIVE,3,1,3
2025-03-05 10:14:19.762,5322.3944574764055,307.12532139478316,43.480727871866456,-5.371753381134756,12.919393691676627,0.5304639607929477,1.8689079793807963,0.6721895245255417,57.277804110001135,209.94399088929384,READY,14.395447484626871,False,86.93995987606752,13.342184359785755,5,88.0484685202628,WARNING,MEDIUM,PASSIVE,3,1,3
2025-03-05 10:14:19.793,5341.095731903341,308.7183505737194,43.72018739434181,-5.237626095664195,12.603677029043489,0.5485688591106226,1.815770940300552,0.6811372801242933,57.243724883725996,213.6948711246161,READY,14.395447484626871,False,87.00232053550158,13.249227963531162,5,88.3712333008621,WARNING,MEDIUM,PASSIVE,3,1,3
2025-03-05 10:14:19.824,5329.984922420839,308.5158343543272,43.441222033071384,-5.177330937897324,12.170794846900558,0.5570671933861334,1.8192888081418015,0.6727084977729154,57.2118956192017,240.84922236491587,READY,14.395447484626871,False,86.83148811653251,13.152405414623203,5,88.16488092732449,WARNING,MEDIUM,PASSIVE,3,1,3
2025-03-05 10:14:19.867,5318.648425683736,307.7795520702712,43.050946213714134,-5.009628053353248,12.089980132413501,0.5086694764234191,1.903831469152307,0.6779770503815892,57.17947910019012,232.12922227213218,READY,14.395447484626871,False,87.00242914470316,13.067665500251056,5,88.03033710650841,WARNING,MEDIUM,PASSIVE,3,1,3
2025-03-05 10:14:19.888,5323.58326412597,309.6547006429158,42.95181686310858,-4.7963356654257785,12.340060517339873,0.4990967842603303,1.971537076817631,0.6865919414858139,57.151000090244224,277.89908972874775,READY,14.46434604854701,True,87.18929428496789,12.988944903451197,5,88.25861438603762,WARNING,MEDIUM,PASSIVE,3,1,3
2025-03-05 10:14:19.918,5327.166364060634,310.24423812598354,42.8586696710798,-4.8633733840579465,12.60122681529547,0.5194580256476463,1.948775226982395,0.6955933335196207,57.10382348070086,229.51738711482275,READY,14.364209565028432,True,87.1633845524211,12.897210243388988,5,87.84917564529262,WARNING,MEDIUM,PASSIVE,3,1,3
2025-03-05 10:14:19.950,5331.552032878509,312.0807310480254,42.60996016624025,-5.149862714740149,13.011646778106714,0.5574655471919855,1.975980779530194,0.7026093784537318,57.068611214087696,274.43611993734885,READY,14.556767853082516,True,87.1960775616261,12.798130620056726,5,88.34091028330681,WARNING,MEDIUM,PASSIVE,2,1,3
2025-03-05 10:14:19.988,5345.304098578739,310.12469196870643,42.98202166075876,-5.171960184367611,13.142038823517503,0.5460880844937096,2.0338557432543034,0.6980367656034713,57.05285202191685,299.2387986627539,READY,14.750175742375516,True,87.29018611217538,12.743627708630203,5,87.86483157053509,WARNING,MEDIUM,PASSIVE,2,1,3
2025-03-05 10:14:20.019,5342.793374030679,309.248799786572,43.02421814675197,-5.150667786741237,13.408597072892356,0.5700062037467137,1.9498280782306683,0.7031819591050668,57.03314775225965,282.4494258100243,READY,14.680676665337586,True,87.23633242782402,12.677748773704105,5,88.12654240494717,WARNING,MEDIUM,PASSIVE,2,1,3
2025-03-05 10:14:20.054,5325.542785544427,307.82854810070046,43.3456589469639,-4.867573852319054,13.054373710754586,0.5857197824168896,1.9524199463365357,0.6934669901471596,57.0097224747264,287.35735825771854,READY,14.737712808455925,True,87.26277956010486,12.5825908252384,5,87.89488407520808,WARNING,MEDIUM,PASSIVE,0,1,3
2025-03-05 10:14:20.090,5336.442311690948,307.7092943128824,43.461744424419635,-4.7527274081736355,12.746595202525414,0.5386601318346418,2.040464843493043,0.6999793411565651,56.98586156922602,256.69175186762186,READY,14.790809725514249,True,87.44125453005624,12.52103627413406,5,87.86687264969362,WARNING,MEDIUM,PASSIVE,0,1,3
2025-03-05 10:14:20.118,5327.641059698414,307.7482829843936,43.158559057484624,-4.73808383279851,12.58374709405621,0.5202013571798021,1.9564876026827103,0.7010113633883324,56.96801377778827,255.9545650972649,READY,14.78084084211263,True,87.55864386157543,12.46107820916641,5,87.9539446207063,WARNING,MEDIUM,ACTIVE,0,1,3
2025-03-05 10:14:20.149,5344.774406040997,309.0075995984439,43.17672096550413,-4.45587775712908,12.696916340048865,0.5308873226277583,1.9236980336771519,0.6933135116642737,56.943334679308606,250.58809615508653,READY,14.935969435851568,True,87.65124880873883,12.380460961247742,5,87.63208284492171,WARNING,MEDIUM,ACTIVE,0,1,3
2025-03-05 10:14:20.190,5336.892590093963,310.41226493968276,43.13659254070112,-4.2469937843418375,12.929271510411597,0.5415481598943684,1.9790858304437726,0.6911532283459713,56.89644196672541,286.7985179487683,READY,15.067008668506713,True,87.5909311535736,12.286928671939194,5,87.32223282171911,WARNING,MEDIUM,ACTIVE,0,1,3
2025-03-05 10:14:20.223,5345.986745316455,309.4015334614351,43.34751031999586,-4.4874108543435005,12.82369750141051,0.5571318486063439,1.9822272085124848,0.681329943798366,56.85058995544357,259.6610745128853,READY,15.137313859196539,True,87.73294256557948,12.235943431058459,6,87.55308233678147,WARNING,MEDIUM,ACTIVE,0,1,3
2025-03-05 10:14:20.255,5359.171115570137,311.1248095291244,43.0794993951772,-4.428117070177719,13.184879210740956,0.6050326425245244,1.9774833452852285,0.677646531479661,56.83628095954558,295.78452610553796,READY,14.9400886977557,True,87.6835055674705,12.176126796509212,6,87.3219455596524,WARNING,MEDIUM,ACTIVE,0,1,3
2025-03-05 10:14:20.291,5343.341290693782,311.8858014284415,42.85179746687508,-4.390140888988983,13.117354954259996,0.564650879283212,2.060747395824694,0.6863413060899549,56.81294668353031,247.35410974690046,READY,15.116631207032686,True,87.59475383230033,12.109769159581843,6,87.19270303052043,WARNING,MEDIUM,ACTIVE,0,1,3
2025-03-05 10:14:20.331,5347.829910269839,311.4270146715721,43.302861016648556,-4.286579970840913,13.172253563698897,0.5859848512448139,1.9722316525326455,0.6828946606622066,56.77827343386026,197.37579988049038,READY,14.921770887437159,True,87.54333299544683,12.016256676886087,6,86.81878257065961,WARNING,MEDIUM,ACTIVE,0,1,3
2025-03-05 10:14:20.356,5336.815434702094,312.92330535161926,43.57094616169507,-4.428899578560233,13.548386723715653,0.6119595416580138,1.9768975431920799,0.6909283015302179,56.746280559336476,174.44788607344816,READY,15.116339958253402,True,87.53778404647424,11.948527041469617,6,86.33957013488374,WARNING,MEDIUM,ACTIVE,0,1,3
2025-03-05 10:14:20.390,5353.084018405749,313.6365563505806,43.42679068947348,-4.5671143331212685,13.193043723157102,0.5730951972343191,1.9769408007785216,0.6913653792532312,56.70867444241258,175.32132167468515,READY,14.933220661493595,True,87.68979070280703,11.89726407872547,6,86.6546118303402,WARNING,MEDIUM,ACTIVE,0,1,3
2025-03-05 10:14:20.421,5368.659417989806,311.7029392277065,43.737575981125914,-4.6144624430837755,12.953292862797028,0.536305647127461,1.9426687800110047,0.6903942834180398,56.670788083412866,219.91159351415376,READY,14.855866138088883,True,87.86469294518892,11.809583613797182,6,86.96589790497514,WARNING,MEDIUM,ACTIVE,0,1,3
2025-03-05 10:14:20.450,5375.757053510783,313.488234866431,44.00390475205805,-4.617844899144353,13.450130756959618,0.5066787458142081,1.9628576093622954,0.6951128981991299,56.63974352023742,184.08494362694995,READY,15.041131425713559,True,87.67992760161027,11.719423695539957,6,87.11901737034106,WARNING,MEDIUM,ACTIVE,0,1,3
2025-03-05 10:14:20.487,5373.888604628492,312.7708802691959,44.07625310659025,-4.853829232450943,13.711751042317388,0.5080623419111439,1.8714652406501937,0.6854992746852758,56.62820740066989,172.0338329244879,READY,14.938647721645678,True,87.52295250034193,11.640131723019817,6,86.91702875706909,WARNING,MEDIUM,ACTIVE,0,1,3
2025-03-05 10:14:20.523,5386.830745837266,311.47310578298,44.51976630738282,-4.732464790999161,13.5098282638438,0.4720532455466248,1.87269697829297,0.6901764164721478,56.6096935224552,189.87617228903247,READY,15.04351190857168,True,87.40754255449673,11.577708722909774,6,87.34748571878883,WARNING,MEDIUM,ACTIVE,0,1,3
2025-03-05 10:14:20.564,5396.765253155544,313.0192403308688,44.47171919560775,-4.450413889251338,13.707597086460122,0.4928302238610208,1.967617192189701,0.6909737924386513,56.5675048115813,183.1681278954262,READY,15.10354676215584,True,87.21171526665363,11.483657426457269,6,87.04260246423186,WARNING,MEDIUM,ACTIVE,0,1,3
2025-03-05 10:14:20.593,5400.352566695312,313.5889814968284,44.53724616642138,-4.551129457256407,13.444926559264113,0.5129860161652143,2.043821228949923,0.6967650952377217,56.55031697230564,217.40603664120687,READY,15.14328218106029,True,87.08259727096882,11.408037526245389,6,86.659616336148,WARNING,MEDIUM,ACTIVE,0,1,3
2025-03-05 10:14:20.620,5412.889281763016,315.45364108573165,44.37553281296819,-4.399418970632234,13.011448878439364,0.5251437841512931,2.106823434544386,0.6900112879622143,56.540067799456025,260.4867994748722,READY,14.97802987368092,True,87.06606183184432,11.336357051408134,6,86.31833198264047,WARNING,MEDIUM,ACTIVE,0,1,3
2025-03-05 10:14:20.652,5422.334308029245,316.14507024181256,44.61984274373746,-4.649474795784485,12.585392288858518,0.5285563828618001,2.0913752174863847,0.6948180380563873,56.511478160591516,234.42244247448505,READY,14.978450137751283,True,87.21944121534256,11.271300483384168,6,86.64008866034976,WARNING,MEDIUM,ACTIVE,0,1,3
2025-03-05 10:14:20.686,5413.930234155458,315.8896613014642,45.112935157480905,-4.6112355902818845,12.200757139214753,0.5772995620922267,2.074790485034277,0.6884367371755579,56.493277365264206,244.0079830260102,READY,15.074429203492638,True,87.10146071845192,11.175579165769452,6,86.2226914996509,WARNING,HIGH,ACTIVE,0,1,3
2025-03-05 10:14:20.718,5402.849127588282,313.9984816170809,44.80040753972328,-4.343340867237724,11.854386965194259,0.6064465066698916,2.1682431381798724,0.6796151086769968,56.479191024899826,228.3461458214553,READY,14.962805732337234,True,87.07931868791601,11.084888171281492,6,86.39029820222336,WARNING,HIGH,ACTIVE,0,1,3
2025-03-05 10:14:20.750,5414.287557044471,314.4650749964687,44.36500483977677,-4.047831066046483,11.407642562250054,0.6234358711369328,2.1816093649029122,0.6778712160582707,56.45029189472973,244.472598245633,READY,15.097226874870262,True,87.20917383562725,11.004810105983756,6,86.64580294211675,WARNING,HIGH,ACTIVE,0,1,3
2025-03-05 10:14:20.789,5426.314451098381,313.602102096411,44.850553591394906,-4.108562423403983,11.038727894688682,0.65096313310545,2.270684854788925,0.6829710765732508,56.40055505127526,253.34070933640498,READY,15.11183362276696,True,87.38287493266215,10.906957466520367,6,86.65969087154237,WARNING,HIGH,ACTIVE,0,1,3
2025-03-05 10:14:20.821,5441.630863576907,312.9198228002294,44.41972296546841,-4.326721104044348,11.04883706865888,0.6993384499032541,2.2588026099245972,0.6840478212491858,56.35781085252759,231.69582478038325,READY,15.283137940640245,True,87.52269253635454,10.84392813029149,6,87.03092213808664,WARNING,HIGH,ACTIVE,0,1,3
2025-03-05 10:14:20.855,5456.493081051154,311.04412988738676,44.182382604081894,-4.383714350446382,10.690978345187276,0.6799408223261192,2.2879073945893857,0.68835582588823,56.34631473617464,243.39483623535904,READY,15.35832583217239,True,87.64277803843716,10.791034553176273,6,87.24255031273127,WARNING,HIGH,ACTIVE,2,1,3
2025-03-05 10:14:20.895,5461.058153279552,309.1468726961568,44.41354100959332,-4.405468349094674,10.905335049683009,0.7231487485976806,2.2995946003792707,0.6932259497797216,56.312818444397685,227.22981661844767,READY,15.199055159744521,True,87.62192309377971,10.715874119195114,6,87.19652622829048,WARNING,HIGH,ACTIVE,2,1,3
2025-03-05 10:14:20.925,5477.6717702479455,310.07514859121125,44.25336243542501,-4.613734134576093,10.91627501213075,0.6826161676092211,2.2049295502458146,0.6949271762950721,56.289873330050796,226.9347367106084,READY,15.032250731999557,True,87.75669531253969,10.643268380835972,6,87.29957092632581,WARNING,HIGH,ACTIVE,2,1,2
2025-03-05 10:14:20.954,5462.374804077119,311.56251746535656,44.47133634068052,-4.818844046325951,11.075162272576117,0.6685345646242963,2.2012441610104934,0.6988626000274547,56.26162408775936,198.2989153677372,READY,15.183999977204659,True,87.66996472923482,10.581329538065742,6,87.34288042130514,WARNING,HIGH,ACTIVE,2,1,2
2025-03-05 10:14:20.986,5449.833482588994,312.9425246534781,44.317386150131895,-4.959467192879856,10.812196844516793,0.6824776912990684,2.189283518394145,0.691855252951009,56.24045329804965,179.15947452096285,READY,15.135919995770147,True,87.77153660663807,10.491618048999134,5,87.28752557301083,WARNING,HIGH,ACTIVE,2,1,2
2025-03-05 10:14:21.017,5433.670459061781,314.7705842361398,44.63822566637044,-4.690351285682636,11.211718022941014,0.7125651211622966,2.2145488647351015,0.6870115816273952,56.20497171517091,214.83307722354567,READY,14.985064559755084,True,87.85330094484058,10.427412720257125,5,87.5877005767083,WARNING,HIGH,PASSIVE,2,1,2
2025-03-05 10:14:21.062,5435.0668640085405,316.5259687249878,44.15895666259289,-4.489644097608762,10.98691440763721,0.7125589805735182,2.1737662089563594,0.6824673699096473,56.190256468521454,223.81863532668066,READY,15.10098520393558,True,87.8803418321519,10.374803296333512,5,87.6410531240956,WARNING,HIGH,PASSIVE,2,1,2
2025-03-05 10:14:21.096,5423.278444756344,318.2639457868086,44.37911560160763,-4.2321650081860716,11.473550027190367,0.7097550732768536,2.1498710990929557,0.6912175089740245,56.17287666446192,215.73560947401307,READY,15.035930542389877,True,87.98760208802496,10.30779687004715,5,88.07339111886922,WARNING,HIGH,PASSIVE,2,1,2
2025-03-05 10:14:21.130,5404.16464994132,319.6993593100032,44.41522443069589,-4.273537922172856,11.26006789879591,0.7470261894949043,2.0837790192572982,0.6951699200584723,56.13386470546659,178.4311379060909,READY,14.931726281583806,True,88.02510037684041,10.247336098155731,5,87.86230539858254,WARNING,HIGH,PASSIVE,2,1,2
2025-03-05 10:14:21.154,5386.911836525017,319.7167847495231,44.66700707564106,-4.396000135746713,11.10535529494953,0.7368648736781993,2.0243181691814573,0.6974094514705435,56.11539777317174,164.66681901612733,READY,14.897139819827903,True,88.21549287764853,10.17083678963255,5,87.39972828456004,WARNING,HIGH,PASSIVE,2,1,2
2025-03-05 10:14:21.186,5378.978538689655,320.79381436264936,45.12807286875813,-4.227709510780651,10.979497012861877,0.6998515803165809,2.0881574764626745,0.7018318494322044,56.09065070621677,153.48652256823416,READY,15.096401170352507,True,88.39033178083578,10.112299758647918,5,87.7855098801794,WARNING,HIGH,PASSIVE,2,1,2
2025-03-05 10:14:21.217,5369.547317593697,319.26202104048775,44.798859829310594,-4.245674833741931,11.073145052383435,0.6786268175272043,2.186779396981719,0.7086548910371903,56.054769395861214,126.641544025343,READY,15.215697066428447,True,88.37681241928742,10.023611826428922,5,88.09679397382628,WARNING,HIGH,PASSIVE,2,1,2
2025-03-05 10:14:21.255,5368.179178313978,318.78322995367785,44.36038298652139,-4.309470353407954,11.247632348069308,0.6720869086164428,2.146191375740079,0.7130776143707683,56.010630357563635,166.9845645640815,READY,15.025389813099986,True,88.38308138964834,9.964582678212507,5,88.02672891954145,WARNING,HIGH,PASSIVE,2,1,2
2025-03-05 10:14:21.286,5381.054481158352,319.54677167258444,43.932095353816536,-4.285540273978033,10.947497661208244,0.7042477245898545,2.066628142475088,0.7202519629575164,55.970968414286105,144.91692422394658,READY,15.070031513102553,True,88.27519017846629,9.864688470167929,5,87.86053727742379,WARNING,HIGH,PASSIVE,2,1,2
2025-03-05 10:14:21.330,5400.173421618448,319.57960799421085,43.73610295379532,-4.302531100792823,11.192741398013416,0.7479693474510187,2.0762857767688745,0.7173776233809103,55.946015645082255,110.97250801912045,READY,15.086757688928461,True,88.39389102920478,9.767827168766548,5,87.66684793639565,WARNING,HIGH,PASSIVE,2,1,2
2025-03-05 10:14:21.366,5417.505546821482,320.8366213713083,43.79633217105664,-4.352483890871268,11.464829886082141,0.7738868552236888,2.0745360527940746,0.7090869107316533,55.92349163634359,137.21460491638157,READY,15.16016980871774,True,88.45180647803095,9.676384630639964,5,87.78599411710846,WARNING,HIGH,PASSIVE,2,1,2
2025-03-05 10:14:21.389,5431.348933680124,321.08489003532395,43.76961746360497,-4.114972469328609,11.167108696107315,0.7508706515708595,2.047322458658452,0.7089847432425912,55.901546457341574,92.8554647287373,READY,15.02313243547025,True,88.31286626222771,9.584031829450947,5,87.62164423994673,WARNING,HIGH,PASSIVE,2,1,2
2025-03-05 10:14:21.421,5412.084607766257,320.70038394664874,43.628538801411224,-4.292665395600673,10.915302734451648,0.791741561205336,1.9913254788110413,0.7037518884797364,55.85774744567926,57.292981946167984,READY,15.109720474809471,True,88.12058223437546,9.497838130994497,5,88.102178737929,WARNING,HIGH,PASSIVE,2,1,2
2025-03-05 10:14:21.456,5426.648081214347,322.0391199225538,43.342564658002786,-4.022751306971543,11.337523743942011,0.752426135278468,1.991641080530994,0.70148065257459,55.81581908693403,71.01776771569945,READY,14.975048277323964,True,88.24243116906594,9.402991028784642,5,88.31863020024106,WARNING,HIGH,PASSIVE,2,1,2
2025-03-05 10:14:21.487,5416.169771259085,323.3607956960818,43.52899101388451,-3.762221522710964,11.141156514308717,0.7217455064106912,2.091297534780456,0.6990086262223251,55.80193795684919,113.52115209981895,READY,14.85434854641034,True,88.11995168306568,9.323434628044573,5,88.72497554818499,WARNING,HIGH,PASSIVE,2,1,2
2025-03-05 10:14:21.524,5428.43825401842,322.75796614305636,43.36324000640138,-3.9109410698548874,11.624949939742553,0.692290929787651,2.0738778479240096,0.6905561889436701,55.7706555612648,101.79996007945428,READY,14.888153555147623,True,88.00995062682068,9.25150549229197,5,89.01758882086004,WARNING,HIGH,PASSIVE,2,1,2
2025-03-05 10:14:21.562,5414.984923077926,321.7833227290774,43.55206921619903,-3.661299258618934,11.796246537079869,0.6857811361618998,2.0308610366699127,0.6826134845643917,55.74076348889529,144.44493476785416,READY,14.85096098055049,True,88.17724949117816,9.199035789374738,5,88.99194186556372,WARNING,HIGH,PASSIVE,2,1,2
2025-03-05 10:14:21.600,5419.991926355903,321.7167921300045,43.76462713956928,-3.4770977864217185,11.756642959339645,0.6396804172048154,2.0074742241363324,0.6783811675124636,55.72212454969147,121.5177897344276,READY,14.967877552921951,True,88.04232524453523,9.115312953288988,5,88.54074016767382,WARNING,HIGH,PASSIVE,2,1,2
2025-03-05 10:14:21.618,5430.672369618089,323.05433447684425,43.94243384691524,-3.300409163241354,12.110307071815768,0.6715167799288524,2.0917581029720114,0.6738837927771975,55.68610766123335,136.34983985430046,READY,14.961323411557643,True,88.09815021570476,9.063431610179329,5,88.9038034064344,WARNING,HIGH,PASSIVE,2,1,2
2025-03-05 10:14:21.654,5411.001530567277,322.64414883861025,44.15491813482722,-3.495239955167013,11.89891743320897,0.6500795545022164,2.1620330436356063,0.6705805319460987,55.65956689879981,147.6308339596107,READY,14.797273136136768,True,88.1360238356777,8.969998710333238,5,88.58832800187528,WARNING,HIGH,PASSIVE,2,1,2
2025-03-05 10:14:21.686,5397.647260592493,324.4832650445002,43.69362648253291,-3.287729406209311,11.522544464158432,0.6203079861588598,2.142842993992849,0.6779697309164263,55.62169223857609,160.82295151978772,READY,14.90504872226026,True,87.9602934545751,8.874529041001296,5,88.89839381326316,WARNING,HIGH,PASSIVE,2,1,2
2025-03-05 10:14:21.729,5379.805591628294,325.44956449650533,43.41414348381188,-3.17746218726928,11.238039609473237,0.6310384966385586,2.1606901859128618,0.6721672809533711,55.57487794266464,148.69135010303307,READY,14.721764007454146,True,88.05499067218663,8.812382593169522,5,88.86678494598651,WARNING,HIGH,STANDBY,2,1,2
2025-03-05 10:14:21.768,5392.896380273149,324.9778032843992,43.22500616485019,-3.2338584747222656,11.572120229461028,0.6687542611291546,2.177906140718717,0.6654705022379498,55.54406564840862,151.59197063887055,READY,14.778960138079732,True,87.85864544114077,8.751621545958072,5,89.09803410510168,WARNING,HIGH,STANDBY,3,1,2
2025-03-05 10:14:21.789,5391.7358939606365,323.2137596355079,43.44346802147582,-3.28078541474187,11.079496075964185,0.6552559886802769,2.173704239905542,0.672073281922795,55.49910268783783,131.96411141336887,READY,14.712369985414274,True,87.68173383706892,8.688485072960207,5,89.54971557673463,WARNING,HIGH,STANDBY,3,1,2
2025-03-05 10:14:21.820,5405.091926970455,323.90974299449067,43.003509946166325,-3.291610870469058,11.57926258549716,0.6313280636767851,2.1025672276057836,0.6788963407869955,55.475005948539575,106.27886971346983,READY,14.763660937635656,True,87.52235789813288,8.589966196906726,5,90.03279160028691,WARNING,HIGH,STANDBY,2,1,2
2025-03-05 10:14:21.856,5390.597061217329,323.37453714724376,42.73440790467659,-3.151043033931709,12.042668398773179,0.6742155130740795,2.0383078778408805,0.6804411769417463,55.434741312565016,97.55724477295905,READY,14.725189449526969,True,87.59736826330341,8.493878887804572,5,90.21422646879677,WARNING,HIGH,STANDBY,2,1,2
2025-03-05 10:14:21.888,5381.427429818934,323.55288434482594,43.049580862044564,-3.2257468797827746,12.408184089775544,0.712431328561116,2.0124507450645797,0.6823496487849214,55.42004578677449,61.5493071597617,READY,14.684226203901412,True,87.42022062824664,8.431422113413912,5,90.46455923282595,WARNING,HIGH,STANDBY,2,1,2
2025-03-05 10:14:21.920,5366.621804933067,322.9159042247511,43.11468057086407,-3.2171820143313887,12.05694639868658,0.6782687465756976,1.9821459831323562,0.6876868905719158,55.388065710732164,49.263268335496214,READY,14.866387352603516,True,87.39938934546946,8.354881984926493,5,90.805271536864,WARNING,HIGH,STANDBY,2,1,2
2025-03-05 10:14:21.953,5362.512606767262,321.7126797011381,42.89161637014337,-3.075435395121542,11.626875683156046,0.6396077305086396,1.9573202979912565,0.6798476329648351,55.367569546435874,22.566895584852908,READY,15.066254414700557,True,87.48949778973338,8.303275624729546,5,91.22110141897761,WARNING,HIGH,STANDBY,2,1,2
2025-03-05 10:14:21.985,5357.556784295676,319.94888753385914,42.9530006182096,-2.8709838703170987,11.182463604681317,0.6752999050560591,1.927428723524888,0.6826245277628706,55.326728565405375,19.095197890400584,READY,15.246849155588366,True,87.34249801552785,8.233467238972652,5,91.5748875368959,WARNING,HIGH,STANDBY,2,1,2
2025-03-05 10:14:22.021,5340.53127454407,320.8683148904855,42.87235808075696,-2.6191488864108434,11.028531764963121,0.641153166484579,1.977919687573545,0.6764616452768807,55.300181302162876,-13.762228128436625,READY,15.119686318981406,True,87.42877967347654,8.147997116239882,5,91.64894949776075,WARNING,HIGH,STANDBY,2,1,2
2025-03-05 10:14:22.054,5350.841491989277,322.5700168346289,43.08621104093693,-2.8548617158757805,10.991022904173562,0.6551607288556508,2.004305985235694,0.6801044456576466,55.26973754838171,23.88268023371281,READY,15.095939356330934,True,87.29468725848366,8.093505459638187,5,91.44169165132088,WARNING,HIGH,STANDBY,2,1,2
2025-03-05 10:14:22.085,5335.2108768768685,323.1676311428269,43.371690480748015,-2.846115601276076,10.934032460173588,0.6060739925173748,1.9144501948541761,0.6732226941223773,55.25325726680049,-7.404365573999797,READY,14.95073748541001,True,87.291056990478,8.034758934442284,5,91.646685779363,WARNING,HIGH,STANDBY,2,1,2
2025-03-05 10:14:22.117,5319.28625847571,324.13451109965786,43.44184448161586,-2.665740094434243,11.230719332372182,0.5880819954529862,1.9884259540103473,0.6718110365727434,55.215479951073625,-2.3222862655770697,READY,15.134948220301947,True,87.34350844977291,7.952317765617213,5,91.41274863851753,WARNING,HIGH,STANDBY,2,1,2
2025-03-05 10:14:22.154,5314.624930114533,325.4574375556203,42.94750317361957,-2.5256228372497036,11.00795844255575,0.5497736250950017,2.0770223014850786,0.6669312056913405,55.18425766958838,30.050629676200295,READY,15.172693717319108,True,87.27613467260761,7.8795162413376305,5,91.839831870875,WARNING,HIGH,STANDBY,2,1,2
2025-03-05 10:14:22.192,5324.378709634968,324.9912886453397,43.0792876333839,-2.6971646975504244,10.840847606049767,0.5834477502031774,2.1486975289343544,0.6755683252224851,55.135235767421065,20.947863058356887,READY,15.348978624850847,True,87.09942067248971,7.784607345432202,5,91.71722639403708,WARNING,HIGH,STANDBY,2,1,2
2025-03-05 10:14:22.224,5329.0613752208965,326.04005956969604,42.89213397547572,-2.8841154523437065,10.622540654159195,0.549804105411579,2.129786899595794,0.6712550171547081,55.08531467510595,53.37692027276306,READY,15.316533610676604,True,86.90612721932568,7.706530005101246,5,91.46119252650715,WARNING,HIGH,STANDBY,2,1,2
2025-03-05 10:14:22.259,5329.693968575021,326.6778163016144,42.944578332939564,-2.9745103091591334,11.094290576998501,0.5412339472890468,2.1639658115215403,0.6651290747262513,55.06037724972287,34.491534132140075,READY,15.440951480778887,True,87.01026363760549,7.6513909883426825,5,91.78584662813417,WARNING,HIGH,STANDBY,2,2,2
2025-03-05 10:14:22.291,5317.6943096899595,327.1535024710234,42.66475631630763,-2.754283225917428,11.314758962332931,0.5086700980326796,2.1858374910167258,0.6650037196117878,55.02824522621535,0.9053610655504087,READY,15.29050400213,True,86.90655317030833,7.595295108670491,5,91.71784182874096,WARNING,HIGH,STANDBY,1,2,2
2025-03-05 10:14:22.323,5306.063627200592,328.8101701477224,42.44936951151502,-2.7801552708359303,11.20697360693589,0.5063224710539093,2.2160945453661514,0.6603906125007389,55.00231856432852,-3.673320703128809,READY,15.379277233508677,True,87.07639787684211,7.526108404621915,6,91.7933069794789,WARNING,HIGH,STANDBY,1,2,2
2025-03-05 10:14:22.359,5302.817509653109,328.5379436657859,42.1624955697146,-2.9556963179642626,10.752603677926302,0.54048442643938,2.20875802384536,0.6551640166045264,54.99030534103768,-1.5002827271719141,READY,15.54869505699451,True,86.98300989677084,7.4753315584241555,6,91.5986428415639,WARNING,HIGH,STANDBY,1,2,2
2025-03-05 10:14:22.392,5295.576938926606,327.62254104341105,41.687990510347724,-3.1557906654245214,11.213165936743053,0.5671057043742592,2.1981019258165446,0.6476053936060027,54.941373039157845,-2.653539544393972,READY,15.565701037603855,True,86.8989778074937,7.387432042840369,6,91.91615669803575,WARNING,HIGH,STANDBY,1,2,2
2025-03-05 10:14:22.423,5277.589793176965,328.9790827946144,41.6053705401921,-3.3990640177809874,10.91421267618112,0.5977913302277609,2.160358908450588,0.6467497244715599,54.92688823447749,24.145678366474236,READY,15.625074587567077,True,86.99080516606298,7.3027854598049915,6,91.54400258727097,WARNING,HIGH,STANDBY,1,2,2
2025-03-05 10:14:22.459,5272.426935872256,328.2240748762722,41.28806618883855,-3.245772592898716,11.39961807866798,0.6394998262235727,2.2494069365482545,0.6507122216274822,54.89397161977791,-18.575525748420915,READY,15.659961875553172,True,86.8857752352733,7.251506382989275,6,91.76969086763651,WARNING,HIGH,STANDBY,1,2,2
2025-03-05 10:14:22.493,5291.911961994956,328.8625414814927,40.97347724993345,-3.494400875588028,11.747305296612348,0.6004691760027999,2.2964138719850373,0.6566742376299317,54.87124389633895,-42.24844840709396,READY,15.658518314485285,True,86.83362507310807,7.159724459515479,6,92.08517048861063,WARNING,HIGH,STANDBY,1,2,2
2025-03-05 10:14:22.521,5307.41282432064,328.7278354321371,41.341045063545735,-3.3055853788608918,11.39841708594928,0.5547752265235224,2.323915866406262,0.6628394304911727,54.85939916390879,-45.148212784938096,READY,15.794214747566597,True,86.97441809944085,7.094297092010924,6,92.12172506538263,WARNING,HIGH,STANDBY,1,2,2
2025-03-05 10:14:22.557,5317.318381709456,328.3452168742233,41.13694407818622,-3.3706534029172004,10.930455751558242,0.6022017939009495,2.3371750414515375,0.6541951137179219,54.813325403285475,-49.05725943085202,READY,15.897178823811531,True,87.0947398640928,7.028660806760585,5,92.61796927110429,WARNING,HIGH,STANDBY,3,2,2
2025-03-05 10:14:22.590,5320.580140070337,326.41967293619916,41.25787859996956,-3.072820344274135,11.222659878769173,0.5961442601091979,2.394127158782871,0.6467922655356961,54.7884819455525,-26.76748126098527,READY,16.055786846960686,True,87.07510206362485,6.976808120215705,5,92.45577365093996,WARNING,HIGH,STANDBY,3,2,2
2025-03-05 10:14:22.621,5330.956428798753,325.19806504233844,40.87695226690654,-2.8269893194518394,11.06088679846621,0.5970437834010899,2.330195844984817,0.6423900051174911,54.74121765713524,-9.196065760933841,READY,16.110941761131723,True,87.14640619631054,6.890718735071797,5,92.4835451266194,WARNING,HIGH,STANDBY,3,2,2
2025-03-05 10:14:22.655,5340.003241134663,323.92138504314374,40.800241509893105,-2.727218721773638,11.00588683443311,0.5938359065682842,2.278478149010538,0.6419978958378904,54.71920164344542,-45.27746505145242,READY,16.119714747426315,True,87.32527314817463,6.811622237565644,5,92.31844436873808,CHECK,HIGH,STANDBY,0,1,2
2025-03-05 10:14:22.686,5330.677342941687,324.1037907355412,41.18239049071534,-2.482597928007088,10.821131552845081,0.5682767609783625,2.2134257488006672,0.6446266431935073,54.69692982191967,-49.816045004667586,READY,16.132119377966124,True,87.34841346329029,6.745580399056977,5,92.57457089208151,CHECK,HIGH,STANDBY,0,1,2
2025-03-05 10:14:22.721,5346.226657612872,323.1522199507405,40.950500520204805,-2.292833462159018,10.993565620693163,0.524713098483288,2.275809129975549,0.6511261702488514,54.67825615684664,-31.31443683900264,READY,16.060433678435654,True,87.36075187456959,6.646940848579451,5,92.89435228462014,CHECK,HIGH,STANDBY,0,1,2
2025-03-05 10:14:22.767,5357.412876081558,321.4601336253132,40.93462914768417,-2.5100539772154606,11.303518335814342,0.48028897690604405,2.246274483393621,0.6467039427965844,54.649260274144716,-38.52639543376476,READY,15.900676202946448,True,87.38672288499338,6.559630354630326,5,92.90281800811411,CHECK,HIGH,STANDBY,0,1,2
2025-03-05 10:14:22.798,5358.33758787216,320.00338169356667,41.34999826929473,-2.6983755355021692,10.999058510394972,0.47057742943538733,2.184132958386127,0.652107998044485,54.632883195937225,-75.48992829861844,READY,15.820377994637697,True,87.24534360615523,6.491645235571414,5,92.68467881800102,CHECK,HIGH,STANDBY,0,1,2
2025-03-05 10:14:22.825,5349.609689450891,318.0408391635599,40.97254941986276,-2.550837049301652,10.652607920489709,0.4468310818207135,2.1037693667541846,0.6541167610045004,54.58538131942664,-76.29134872556949,READY,15.626305458752302,True,87.31667163763281,6.426483572149931,5,92.83593130756829,CHECK,HIGH,STANDBY,0,1,2
2025-03-05 10:14:22.854,5351.429943651193,317.54553856484415,41.35512201333433,-2.442793054101762,11.116011282747907,0.4959820046470784,2.1600613533954434,0.6489739222495022,54.54392514230247,-109.88027657469851,READY,15.581518754301506,True,87.39001244763966,6.337214469001262,5,93.1799411072864,CHECK,HIGH,STANDBY,0,1,2
2025-03-05 10:14:22.886,5347.303329945673,318.6334647635088,41.71154797346905,-2.423478016664448,10.62110841209651,0.5390184933023916,2.102385952929003,0.6565331205320063,54.522508688759515,-150.4999217940425,READY,15.645958714628843,True,87.5298108127387,6.258742123316848,5,92.91347510817968,CHECK,HIGH,STANDBY,0,1,2
2025-03-05 10:14:22.928,5336.428974795786,318.89844417467395,41.79502856280195,-2.711022208449575,10.52268220865957,0.49060516308430124,2.1137164173276615,0.6525777790206969,54.473602651875204,-116.54695922091712,READY,15.623274688021901,True,87.38898846120544,6.18174824653531,5,92.84228389653913,CHECK,HIGH,STANDBY,0,1,2
2025-03-05 10:14:22.957,5345.466622334906,319.76518183084335,41.5834819580983,-2.642054790419728,10.301521578400243,0.45711168402731883,2.2102747966591862,0.6478494561226522,54.424780991109564,-73.24682344490206,READY,15.554036679260856,True,87.5145941929621,6.125253311478011,5,93.01026783177169,CHECK,HIGH,STANDBY,0,1,2
2025-03-05 10:14:22.988,5345.984700030214,320.76743991209605,41.8420530315459,-2.6991851148975217,10.560995779305648,0.4258014271745141,2.1595541562055165,0.6487187360251787,54.37581658643084,-76.95249020701279,READY,15.638345233316791,True,87.4725192632744,6.072953869416732,5,93.04659194621192,CHECK,HIGH,STANDBY,0,1,3
2025-03-05 10:14:23.023,5338.174335452789,319.0541756285705,41.66406833336627,-2.6922601984682215,10.501150340924458,0.41939273004483213,2.1034973842371647,0.6433924963485508,54.35118794997956,-66.99224898091845,READY,15.65069575514741,True,87.4292946512722,6.015384085524534,5,93.49045898591476,CHECK,HIGH,STANDBY,0,1,3
2025-03-05 10:14:23.058,5351.716874979272,317.0930269558682,41.69053468736331,-2.8932976009467923,10.258841837420574,0.3711338311798035,2.1944929805513875,0.6419345715820487,54.34096854132456,-113.7144983802307,READY,15.712439451453552,True,87.29682799107881,5.952055575775561,5,93.1872323278623,CHECK,HIGH,STANDBY,0,1,3
2025-03-05 10:14:23.091,5334.7700792738015,318.340833095728,41.71839447349358,-2.8808443627673417,10.615686515819268,0.3917800229235945,2.1445811387691456,0.642220184288883,54.29461156376278,-91.06630127450578,READY,15.777626974673721,True,87.4194279620174,5.884101341304157,5,92.82718335341862,CHECK,HIGH,STANDBY,0,1,3
2025-03-05 10:14:23.126,5337.958465753048,316.3850365070296,41.270880659638664,-2.68836958038695,11.082095253095341,0.3632010737813822,2.194412267918514,0.645078249160569,54.255477744699085,-123.69482045915744,READY,15.605928987830062,True,87.33864816244818,5.823713386877347,5,92.99729492837739,CHECK,HIGH,STANDBY,0,1,3
2025-03-05 10:14:23.167,5333.933212806793,314.87331382537394,41.54330712547783,-2.7037061582797897,10.952396632566016,0.39346452313967384,2.263214697127094,0.652562245589494,54.207826379634305,-164.4414364609621,READY,15.510173463130641,True,87.26370751181834,5.746294876616596,5,92.73200256019209,CHECK,HIGH,STANDBY,0,1,3
2025-03-05 10:14:23.185,5349.783639778329,315.46192277375576,41.36986299668417,-2.447971408663964,11.39615426462684,0.42739702304631744,2.285539096179161,0.6567899173900048,54.160836293104566,-208.77026301105485,READY,15.554052737016848,True,87.23520479049847,5.65893550760755,6,92.92681316416132,CHECK,HIGH,STANDBY,0,1,3
2025-03-05 10:14:23.237,5361.142448894872,313.9802632798423,41.14399556397389,-2.370631350826457,11.367866218470573,0.39299301283028015,2.3086641941600705,0.6562200670248911,54.148981124384605,-199.85046810872666,READY,15.58421540659,True,87.35594295787178,5.576695549700313,6,93.33474727745768,CHECK,HIGH,STANDBY,0,1,3
2025-03-05 10:14:23.273,5351.584364485319,313.2890504724258,41.45226869274758,-2.516527921443382,11.466759872071005,0.3663392436244361,2.395745635379307,0.6572973421058425,54.11980322227602,-175.17879180299866,READY,15.721019783120532,True,87.41183781407159,5.523316130876722,6,93.58506723557818,CHECK,HIGH,STANDBY,0,1,3
2025-03-05 10:14:23.302,5353.133973875875,312.4098869482679,41.770036320226154,-2.748534336139526,11.954093427561302,0.3320224473739225,2.4941224110060443,0.6619642410781152,54.07240863686131,-146.37138843550355,READY,15.580853453086403,True,87.40529567940192,5.465225962281188,6,93.85745369734595,CHECK,HIGH,STANDBY,0,1,3
2025-03-05 10:14:23.335,5370.793768540522,311.75232146346286,41.31038885432716,-2.745462830571311,12.238840866027783,0.3581511543478976,2.4163515877927226,0.6521498324545334,54.04831863874786,-150.21132646010958,READY,15.475992384378825,True,87.5227684141972,5.382804775480901,6,93.58536902610427,CHECK,HIGH,STANDBY,0,1,3
2025-03-05 10:14:23.366,5373.028713779323,310.5731610320781,41.78001545738406,-2.7063125181182226,12.50963328396283,0.3419502415546425,2.4342874525869647,0.6574313670802753,54.00654473655222,-131.08763377410315,READY,15.479809243908136,True,87.623122986507,5.303537650466418,6,94.0152239531927,CHECK,HIGH,STANDBY,0,1,3
2025-03-05 10:14:23.406,5376.2777324150875,311.8770141741253,41.65803495197995,-2.861568164561833,12.47966282019805,0.37430997847673364,2.3412531467759945,0.6531908697168409,53.99274089560084,-158.34253390181217,READY,15.515249198096747,True,87.72869890522742,5.227128585705765,6,93.88141530888025,CHECK,HIGH,STANDBY,0,1,3
2025-03-05 10:14:23.439,5372.124740313853,312.9229283669528,41.29503104188664,-2.8595995786509842,12.413183895351517,0.40562930781835893,2.2582787919880603,0.6448538142801682,53.959788117070104,-152.3991319225094,READY,15.408334846998871,True,87.67655088405833,5.170134048593642,6,93.83742381699044,CHECK,HIGH,STANDBY,0,1,3
2025-03-05 10:14:23.469,5387.6118802157935,312.6286644190226,41.73313861929436,-3.1275215094998132,12.741567902704762,0.39147850678007184,2.307023548835596,0.6497922410639426,53.934273470371785,-163.960448997662,READY,15.52498772735621,True,87.75637670528552,5.0703163981740715,6,93.89789042368874,CHECK,HIGH,STANDBY,0,1,3
2025-03-05 10:14:23.502,5378.506307723039,313.3980346107524,41.413383962010315,-2.9678960553414315,13.023976850890387,0.4053981666592811,2.220395793551893,0.6572460884790182,53.88771792904176,-173.40784869790167,READY,15.633344763205326,True,87.695289955538,4.9828742479020836,6,93.77386574830682,CHECK,HIGH,STANDBY,0,1,3
2025-03-05 10:14:23.545,5380.438664996127,315.2225056846604,41.366567828905396,-3.136269080731996,12.988623208684492,0.4021505025730435,2.1541644537946154,0.6645678732258014,53.8480127371103,-156.58464535045948,READY,15.611474179249923,True,87.7718003910355,4.905463793887639,6,93.7247509090904,CHECK,HIGH,STANDBY,0,1,3
2025-03-05 10:14:23.575,5396.977090415474,314.1242085233212,41.438378473773135,-3.0166899199762276,13.323073652985904,0.3696425097422587,2.21907700610168,0.6666568388640141,53.83063700728194,-201.7820432676175,READY,15.759254544214494,True,87.74178806521478,4.842267864017025,6,93.37659246912112,CHECK,HIGH,STANDBY,0,1,3
2025-03-05 10:14:23.594,5395.500970377355,315.406850295682,41.155030422682046,-2.727560962449163,13.655100011768983,0.4071971231266244,2.2253975476182384,0.6682719579564489,53.81197343726904,-249.60298515957263,READY,15.697877494312113,True,87.68585333079778,4.746492499793408,6,92.88676651000587,CHECK,HIGH,STANDBY,0,1,3
2025-03-05 10:14:23.628,5378.119021927955,314.6953677176522,41.121725349838925,-2.478006716986845,13.15589771113912,0.4236027689334725,2.300867619421006,0.6708192787666287,53.76443807693662,-278.73597827566743,READY,15.728350537436103,True,87.53357120125729,4.690437241040937,6,92.58266628085836,CHECK,LOW,STANDBY,0,1,3
2025-03-05 10:14:23.660,5396.719964607982,316.5308695208722,40.68772644961502,-2.555016860604762,13.296902706228488,0.39086425462458285,2.288268142583093,0.6755492776083836,53.73732483327606,-304.68911263183793,READY,15.764927718328902,True,87.58139024688388,4.606477464874427,6,92.95409748926333,CHECK,LOW,STANDBY,0,1,3
2025-03-05 10:14:23.693,5379.929424747217,315.66717412054567,40.682508854397305,-2.480400376906654,13.784346236536699,0.42395869181139173,2.2733893192883845,0.6838419618372746,53.69734306877065,-325.92952593959626,READY,15.7041794861019,True,87.53688143390467,4.531934359411008,6,92.6696075866879,CHECK,LOW,STANDBY,0,1,3
2025-03-05 10:14:23.728,5366.131758420679,317.55693815755416,41.16755519325905,-2.3808688517097343,13.551760700505316,0.433681700905244,2.274732294397352,0.6830579139849842,53.667156434057134,-323.0767527791983,READY,15.825675775974503,True,87.46881882846097,4.449238695850805,6,93.00129108328008,CHECK,LOW,STANDBY,0,1,3
2025-03-05 10:14:23.763,5361.8247410984,316.137543891872,41.013642017758805,-2.134497122896675,13.531842168929,0.431777310124594,2.3526450617703194,0.6776815782561555,53.631292823394766,-345.3648597302684,READY,15.966227702239458,True,87.52731538735208,4.358034703250261,6,92.81449928035109,CHECK,LOW,STANDBY,0,1,3
2025-03-05 10:14:23.793,5369.752520523503,315.49803142516157,40.81537792430555,-2.176395645128009,13.36006298992659,0.4730180628778059,2.3176266543728086,0.6850541809180013,53.60052023598266,-365.75761355958633,READY,16.141708164311307,True,87.61968702947752,4.298176830874438,6,93.06189944926156,CHECK,LOW,STANDBY,0,1,2
2025-03-05 10:14:23.828,5351.911153467854,315.29121295986573,40.61741811555246,-2.2683722278158562,12.925690229785301,0.4795134935570632,2.329124683553254,0.688687275132438,53.56889886407661,-413.344121472255,READY,16.283543683279518,True,87.43701460241074,4.214861130812407,6,92.90942749544284,CHECK,LOW,STANDBY,0,1,2
2025-03-05 10:14:23.860,5350.727943518953,315.83665097732273,40.961876220763024,-2.0294099553708125,12.961404658489661,0.5188779353612742,2.2446399416875757,0.6898257630408942,53.52014827842393,-410.94526924066076,READY,16.256978204860285,True,87.30944123812773,4.139109598796652,6,93.3591828851505,CHECK,LOW,STANDBY,0,1,2
2025-03-05 10:14:23.893,5345.985994442366,315.46242005712196,41.03999423481006,-1.918386652850006,13.031235076318787,0.5454999897290044,2.1478701718637745,0.6846046198661774,53.489448577078285,-368.0127245538459,READY,16.325989568339747,True,87.18559681205788,4.0627918079024585,6,93.58219552900029,CHECK,LOW,STANDBY,0,1,2
2025-03-05 10:14:23.928,5328.291136972842,317.23102633818553,40.63092979463154,-2.1016286616132684,13.320409248777977,0.5317780065851669,2.0578439728039486,0.6844752908879007,53.46205978879843,-364.8348203418504,READY,16.363169785977952,True,87.24759954507991,3.9803981521341574,6,93.52624838478123,CHECK,LOW,STANDBY,0,1,2
2025-03-05 10:14:23.961,5322.098160670831,316.24181529145045,41.10870348984224,-2.0137822822505504,13.144047401717302,0.5284294736459456,2.0017687971382125,0.6745939610031306,53.41445175252698,-316.49353951968385,READY,16.330482285102697,True,87.15787758338121,3.8946738821480515,6,93.24248750847583,CHECK,LOW,STANDBY,0,1,2
2025-03-05 10:14:23.997,5328.137783410217,317.1642839062065,40.999406227059495,-2.2116909036534644,13.249534360810067,0.5574531379373613,1.9489280812621455,0.6702559166451171,53.365233505892945,-316.2274016158102,READY,16.245712963837107,True,87.10588975619119,3.8321483066671953,6,92.93345858675542,CHECK,LOW,STANDBY,0,1,2
2025-03-05 10:14:24.032,5312.287823066931,316.3106009064062,41.48254593598321,-2.4577955870364496,13.11959169661405,0.5825983186609517,2.0100119354970385,0.6700695035401402,53.353556373696186,-292.8995796107472,READY,16.354001820283646,True,86.95844463537154,3.7703773281117225,6,92.63991246676295,CHECK,LOW,STANDBY,0,1,2
2025-03-05 10:14:24.075,5305.671556386624,316.6606855749638,41.962699834464786,-2.525283483777159,13.043814933874742,0.5347657475933053,1.9392593833627474,0.6738824825530321,53.31573734043201,-258.63552310625414,READY,16.190252039610805,True,86.77465814164042,3.6761613561839446,6,92.75353764227913,CHECK,LOW,STANDBY,0,1,2
2025-03-05 10:14:24.087,5293.359682990998,318.45655560405044,41.56507542199257,-2.436084982450249,12.640932204076845,0.5014415416687735,1.8615977910364343,0.6794451948361597,53.27311154909174,-263.7888441913545,READY,16.37296775485532,True,86.66284466491334,3.6099881704293644,6,92.72653675546451,CHECK,LOW,STANDBY,0,1,2
2025-03-05 10:14:24.122,5296.120594313916,316.6969574063564,41.7088457941737,-2.2271327065467865,12.531601693263765,0.4597595337627845,1.917625808355189,0.6807539510021392,53.24136212449049,-298.56366279948793,READY,16.50798359424358,True,86.67872459503666,3.5405834217515397,6,92.82381633825992,CHECK,LOW,STANDBY,0,1,2
2025-03-05 10:14:24.156,5284.300733550243,315.1880482170263,41.2388914944843,-2.3255839450579865,12.11443856512355,0.45487189363145364,1.8604403010882573,0.6899040948030236,53.20378166074832,-276.52467664786695,READY,16.480792137592545,True,86.67181463916249,3.4693075867581578,6,92.64134579872079,CHECK,LOW,STANDBY,0,1,2
2025-03-05 10:14:24.186,5301.981685722262,315.0114352049955,41.68505157263774,-2.5284153819192325,12.556099052340759,0.45865035264016113,1.9517712823214601,0.6961473118218147,53.16367395567925,-311.6902361619419,READY,16.611020944609557,True,86.82834157701319,3.404715143633489,6,92.62368628996465,CHECK,LOW,STANDBY,0,1,2
2025-03-05 10:14:24.223,5312.870369306521,315.67140344451695,41.21588572846302,-2.2587247816201854,12.367368698416007,0.45321512791896623,2.0366419388018193,0.6968836365149514,53.14464112888374,-277.7822883431136,READY,16.44141248177153,True,86.64328771757485,3.3442135984535857,6,92.73268304225283,CHECK,LOW,STANDBY,0,1,2
2025-03-05 10:14:24.257,5327.495030601122,313.76419282760804,41.18012646851532,-2.1327967558116163,12.481037859755144,0.4368040781471276,2.006569483403269,0.7001034973856165,53.129120665778345,-228.71792106459722,READY,16.497999347453764,True,86.6867761421606,3.2690471058272994,6,92.85071246206188,CHECK,LOW,STANDBY,0,1,2
2025-03-05 10:14:24.291,5342.806632797787,313.12048782988256,41.14588960898884,-2.082860409847741,12.305192153066802,0.4651863369354997,2.053465535887387,0.7100716586858515,53.083079079362605,-240.13445388213108,READY,16.45890770782146,True,86.58047740076451,3.216149620218037,6,92.612028760809,CHECK,LOW,STANDBY,0,1,2
2025-03-05 10:14:24.327,5359.328329972871,314.0750777404579,40.77517354812099,-1.9937193269751283,12.620383226373203,0.46745941921823736,2.134030443324152,0.7190456762655966,53.06864967399928,-275.69154144840377,READY,16.537379372707736,True,86.63734641628209,3.1609360686135304,6,93.04704924896959,CHECK,LOW,STANDBY,0,1,2
2025-03-05 10:14:24.359,5363.9271073638765,314.705255050713,41.228993277934265,-1.7311446067847316,12.560850417144712,0.5056414106750727,2.175155977948128,0.7258026485158801,53.04292917400837,-271.5486574973541,READY,16.626046067487255,True,86.78322212316851,3.105306134719632,6,92.73174098047188,CHECK,HIGH,STANDBY,0,1,1
2025-03-05 10:14:24.392,5355.479985236229,313.5072968989716,41.4440179870637,-2.010527459478123,13.004955729269705,0.5013954699846082,2.1161063647985854,0.7259695690967836,53.01713115668679,-273.5299168545239,READY,16.524057370051707,True,86.97187737427069,3.0395460181798,6,93.13404845185633,CHECK,HIGH,STANDBY,0,1,1
2025-03-05 10:14:24.428,5369.579076861875,314.93913400189683,41.80916769284562,-2.081768540085335,13.309942888122894,0.5379910472339416,2.075606043914531,0.7202640752841026,53.00400514407548,-286.29748316541554,READY,16.610607644826057,True,87.02311331867791,2.9444421224671116,6,92.63819143472365,CHECK,HIGH,STANDBY,0,1,1
2025-03-05 10:14:24.460,5374.194882453322,315.51119487937655,42.06016024661347,-2.080349469095352,13.601295100919618,0.533444683888613,1.987403006061427,0.7114121811249751,52.97883195100364,-241.46556514087183,READY,16.562984465420982,True,86.95657510474312,2.8829861328758737,6,92.22135884662417,CHECK,HIGH,STANDBY,0,1,1
2025-03-05 10:14:24.487,5363.308287551778,314.68218117427966,42.014444564077586,-2.305155347116669,13.416225923637802,0.5212380874701535,1.9819348629210924,0.7152337405166325,52.937693259729414,-215.0492733767756,READY,16.64406285203131,True,86.85913118266484,2.7912655884135678,7,91.76627667520388,CHECK,HIGH,STANDBY,0,1,1
2025-03-05 10:14:24.524,5364.683368889398,314.2915161723191,41.587607957855894,-2.4979181665057566,13.394197624967276,0.5654202244511115,2.003488956590164,0.7226351744615335,52.923415219879764,-235.5698197450668,READY,16.69925288552464,True,86.8937709157027,2.7230346973451165,7,91.54396012900976,CHECK,HIGH,STANDBY,0,1,1
2025-03-05 10:14:24.562,5382.78275654463,316.1922598180156,41.26419245491767,-2.571178875988292,13.200283751711044,0.5476945289294417,1.9764491930226504,0.7292100261394135,52.88295630621726,-217.46646086392445,READY,16.499330176988206,True,86.98585549577531,2.6514880188418863,7,91.83801119187643,CHECK,HIGH,STANDBY,0,1,1
2025-03-05 10:14:24.598,5399.11850455998,317.5571270698833,41.63860784252949,-2.6981670512710196,13.271971087558772,0.5125053687569163,1.9202733468370567,0.7269501903344352,52.842787327792394,-173.7372428105793,READY,16.56490717155683,True,86.96661950003359,2.5914012287097714,7,91.3666277935031,CHECK,HIGH,STANDBY,0,1,1
2025-03-05 10:14:24.627,5402.533135149074,315.7753980679706,41.14694151129775,-2.645906181848183,13.609444833068295,0.471934894910189,1.8952202503019635,0.7274726402953049,52.830121085876016,-158.82043617276634,READY,16.52560332881867,True,86.9718625688018,2.523750774888456,7,91.15065831927775,CHECK,HIGH,STANDBY,0,1,1
2025-03-05 10:14:24.658,5412.563061313499,317.75381114972237,41.53455188726874,-2.6669139960698507,13.552681157137618,0.47617237210865965,1.9143898345181962,0.7256529254386945,52.81282271198133,-156.39580418769782,READY,16.39407883603033,True,86.96823320069402,2.434703592731384,7,90.8740564619187,CHECK,HIGH,STANDBY,0,1,1
2025-03-05 10:14:24.690,5404.795084618525,319.48586117123523,41.46246787454167,-2.817921588046456,13.234251417517092,0.4291345541743381,1.9646355759288971,0.7295425344529682,52.78689104827209,-170.8984819091386,READY,16.430319218881717,True,87.121973584129,2.371163424757541,7,91.04564006340938,CHECK,HIGH,STANDBY,0,1,1
2025-03-05 10:14:24.726,5397.80474264979,320.48674596721514,41.16632284684505,-3.090522242414504,13.191469621659898,0.3863498355628629,2.037863246500605,0.7369339268437586,52.763924524957396,-123.11697500765388,READY,16.62272182446091,True,87.2741784264589,2.273429968135481,7,91.5164030021007,CHECK,HIGH,STANDBY,0,1,1
2025-03-05 10:14:24.759,5399.9870566341515,320.3718298911243,41.21695024744328,-3.3173563753792497,13.64135906736821,0.4315000578847297,2.09692583078645,0.7281515376522714,52.72574019674316,-79.39172976274202,READY,16.761080881603743,True,87.2928659482678,2.2134566399598206,7,91.0267286218195,CHECK,HIGH,STANDBY,0,1,1
2025-03-05 10:14:24.791,5402.94725875783,322.2083189945495,41.565102548053495,-3.0828372749638833,13.760673501801385,0.4392773027685321,2.1105066137666286,0.7191706140078588,52.710759067827055,-98.55322402273359,READY,16.92866284081363,True,87.19506596998635,2.1328631606735513,7,90.83690381244716,CHECK,HIGH,STANDBY,0,1,1
2025-03-05 10:14:24.829,5416.100806424602,320.353145674699,41.970727100606055,-3.2993819714408374,13.712983088385323,0.47613166595922923,2.1079751523442316,0.7108745693861019,52.67846239256642,-51.82571694096002,READY,16.80032789220533,True,87.29613916861119,2.07802833380469,7,91.0307400573019,CHECK,HIGH,STANDBY,0,1,1
2025-03-05 10:14:24.861,5432.685127870567,318.90539433282345,41.58542850896768,-3.5832296476611623,13.599324777870763,0.44396579571738004,2.1098576296067626,0.7165260016123355,52.64973259063928,-30.711389224342653,READY,16.80051295624274,True,87.39311704517776,1.9963514193857883,7,90.90142919029147,CHECK,HIGH,STANDBY,0,1,1
2025-03-05 10:14:24.897,5434.385409674877,317.21410098404414,41.81016337542858,-3.308290005759723,13.962260255434067,0.4455891291768672,2.136758905237375,0.708681517227396,52.63185628133032,-2.482163785329746,READY,16.908205335186366,True,87.44294065713554,1.9461845374358235,7,90.60690267898774,CHECK,HIGH,STANDBY,0,1,1
2025-03-05 10:14:24.932,5441.834182082377,318.66066962642253,41.32523832769229,-3.047908133037079,13.910539086651799,0.43041422396976,2.0635507459745703,0.7092729234836083,52.59380551135535,-28.761494068893132,READY,16.97954334042106,True,87.43855384350094,1.889695511683389,7,91.05392637003354,CHECK,HIGH,STANDBY,0,1,1
2025-03-05 10:14:24.955,5436.746457279912,318.2755144711424,41.820509796996625,-3.124952603157614,13.416720452617817,0.38825417431399445,2.1463157124661048,0.7037130416441775,52.54865938426022,-29.771798627962976,READY,16.827070611737803,True,87.48480603669346,1.83333597677895,7,90.55427259628811,CHECK,HIGH,STANDBY,0,1,1
2025-03-05 10:14:24.990,5423.961204492989,319.7002741278712,41.48251202728073,-3.4214480290575726,13.809790284704045,0.34679001014300115,2.121867915030969,0.7061379701057428,52.52309427917886,-4.9329360786605285,READY,16.684909069144826,True,87.48547899899319,1.758851678909351,7,90.31246719822508,CHECK,HIGH,STANDBY,0,1,1
2025-03-05 10:14:25.022,5406.258951171845,319.9409648507855,41.781929608009776,-3.1409530663076968,13.741815673549597,0.3463771270369308,2.132300548900799,0.7153702042333149,52.494709296240664,-28.713356074908756,READY,16.517610049984793,True,87.50507488785627,1.6877935042002727,7,90.31184465202828,CHECK,HIGH,STANDBY,0,1,1
2025-03-05 10:14:25.056,5421.233396073195,318.43170798584833,41.45087528272433,-3.0044649345283787,14.209703850062002,0.3096802009263226,2.127516384843055,0.7121778624807458,52.47254404259872,-30.132137621734994,READY,16.681571922939302,True,87.51673597217263,1.6004105291886321,7,90.05978382792595,CHECK,HIGH,STANDBY,0,1,1
2025-03-05 10:14:25.102,5430.518866487708,319.9177782639327,41.75564720122189,-2.7115019025126235,13.766455626260871,0.3346798705760689,2.0699723920417115,0.7116037076252353,52.440518527057804,15.514381496482475,READY,16.614218636382166,True,87.60850294726247,1.5473412121086167,6,90.10285835581783,CHECK,HIGH,STANDBY,0,1,1
2025-03-05 10:14:25.133,5427.089011765117,319.974188859455,41.29863995495944,-2.589385663052822,14.14893845804044,0.29714090770578805,2.1292699765285485,0.7127296246815426,52.405130126306354,48.59358873028468,READY,16.76706287739573,True,87.56051737538027,1.4670178202742206,6,90.29236657577881,CHECK,HIGH,STANDBY,0,1,1
2025-03-05 10:14:25.157,5434.1523661937745,319.312345924849,41.571259607219815,-2.840021363603614,14.20748242841341,0.2937518145183965,2.0569513884699777,0.7086743124355707,52.36233673382529,37.26599137120014,READY,16.911623727462565,True,87.44790774240728,1.3850517292397684,6,90.23648435898005,CHECK,HIGH,STANDBY,0,1,1
2025-03-05 10:14:25.194,5417.934390504569,317.44202453052816,41.98788783170854,-2.609996761475571,14.465184678173916,0.2966383028906553,2.1510593575029207,0.7159821605123293,52.34091746335114,56.64447657620307,READY,17.049765000011455,True,87.3949939289168,1.3324494835249698,6,90.42859412844105,CHECK,HIGH,STANDBY,0,1,1
2025-03-05 10:14:25.225,5401.737753250534,315.89624994160533,41.948607338736934,-2.4315640261902938,14.055527539723494,0.29394350136330333,2.2134381377293058,0.724894643541792,52.317278842491135,29.69355323883471,READY,16.908060388965083,True,87.39558176181164,1.2358893422151422,7,90.31093805614186,CHECK,HIGH,STANDBY,1,1,1
2025-03-05 10:14:25.257,5414.291095903849,317.8868937392262,42.41244873701525,-2.68890899013211,13.813669537745854,0.30447426739751926,2.2554308424159286,0.7157421920917011,52.27123871972021,60.38445278193673,READY,16.989994272080907,True,87.49617332352533,1.1743794022031424,7,89.85647654616817,CHECK,HIGH,STANDBY,1,1,1
2025-03-05 10:14:25.298,5427.573432615083,318.89989073084104,41.913390873814606,-2.7803926123606204,13.954542595469198,0.3102649525167379,2.294333168636484,0.7168907613704018,52.25347787156252,32.50532507604618,READY,17.183976311340793,True,87.44011320457585,1.0924052813249707,6,90.28964967587133,CHECK,HIGH,STANDBY,1,1,1
2025-03-05 10:14:25.330,5442.614412811021,319.3728366494909,42.39707810491206,-2.5252927769537403,14.385979950081547,0.3389917328179181,2.312573562729877,0.7249267840896937,52.24204888991437,7.389980285782926,READY,17.12505587157618,True,87.34468714258335,1.00675577873641,6,89.83138117288982,CHECK,HIGH,STANDBY,1,1,1
2025-03-05 10:14:25.363,5432.697554518429,319.7091617504975,42.28021193732763,-2.5557574653106045,14.407152782881582,0.2963871932851553,2.2173039754066086,0.7343267818132858,52.222404783682514,45.211457332988985,READY,17.24831501207283,True,87.3380621123886,0.944729054690996,7,89.78540645919237,CHECK,HIGH,STANDBY,1,1,1
2025-03-05 10:14:25.395,5413.089194829789,317.8927189783429,42.020726226334055,-2.4047172306854288,14.555235470718499,0.2906312714213254,2.122030413438614,0.7424687547743973,52.197936252806606,67.71088797334426,READY,17.172511974762717,True,87.49787852816297,0.8708258474100894,7,90.20785618343422,CHECK,HIGH,STANDBY,1,1,1
2025-03-05 10:14:25.426,5399.281090060859,318.17862612292475,42.45654835420564,-2.24571871513253,15.025844758303451,0.2797659701176519,2.210633323345933,0.7495348608306694,52.16133530768949,86.26314723008672,READY,16.978761995508357,True,87.60790757246832,0.8030911796315067,7,90.51965467066482,CHECK,HIGH,STANDBY,1,1,1
2025-03-05 10:14:25.459,5406.156861674678,317.2515952298575,42.95232677641957,-2.3991073147575235,15.27681493299847,0.27461438691991685,2.119225565514947,0.7490896624003308,52.129421013393184,67.97061957150412,READY,17.171074122045052,True,87.73085850616226,0.7304706257564838,7,90.59555607220851,CHECK,HIGH,STANDBY,1,1,1
2025-03-05 10:14:25.495,5389.281772999451,319.14935925144937,43.26937168844502,-2.41322153589131,15.616517961898792,0.3173574994368326,2.1775527310514193,0.7534586347957745,52.115734082801445,105.50958874901491,READY,17.27063110190041,True,87.62347252352927,0.6376427610834248,7,90.48301541544622,CHECK,HIGH,STANDBY,1,1,1
2025-03-05 10:14:25.526,5370.175539718253,318.4775625693934,43.36357093798393,-2.258221141326552,15.452270657916884,0.2730163386027741,2.222493083542676,0.7589977784499812,52.078826287835724,124.41177701154193,READY,17.362481531158544,True,87.76407553050636,0.5783865518823348,7,90.95165775566926,CHECK,HIGH,STANDBY,1,1,1
2025-03-05 10:14:25.559,5355.626322323897,317.81459099171303,43.644974707603275,-2.001397651486266,15.018799133947564,0.28453640590580775,2.2366361387760487,0.7522872217776052,52.05164264962601,80.66385743892533,READY,17.222917123250692,True,87.91568240604678,0.4914766296506258,7,91.408307272471,CHECK,HIGH,STANDBY,1,1,1
2025-03-05 10:14:25.598,5346.637867121515,317.9148484569503,43.64251637417242,-2.0972882171928777,14.79053882949335,0.3038979670337353,2.28166263607202,0.7570796488210549,52.0142565209364,122.59413053149687,READY,17.348372652000513,True,87.784085702068,0.43023636074504024,7,90.93629312640259,CHECK,HIGH,STANDBY,1,1,1
2025-03-05 10:14:25.627,5349.032808136153,319.40347653040584,43.72984529474265,-2.2103729000600545,14.399858391411101,0.3300382570592303,2.184530869006039,0.7504760266151352,51.9710157471987,152.1391747885479,READY,17.37726114652873,True,87.78139793863924,0.35099340223106446,7,91.31419778357551,CHECK,HIGH,STANDBY,1,1,1
2025-03-05 10:14:25.655,5338.3112274485875,320.29633783718805,44.153632781247204,-2.1970822306815485,14.629366718124047,0.3545966332389806,2.118472120602355,0.7518821067254308,51.937215753418194,146.8303574775593,READY,17.52901837370398,True,87.77314543823546,0.27776895736732504,7,91.75471043354493,CHECK,HIGH,STANDBY,1,1,1
2025-03-05 10:14:25.690,5340.810215942006,318.4211770165518,44.57122902044474,-2.1862328803568585,14.28621394658019,0.32769992039924767,2.1076038871289025,0.7472610565153912,51.92588458133851,159.56139902410584,READY,17.380718659339795,True,87.69044311302379,0.21869121697778582,6,91.56352074261419,CHECK,HIGH,STANDBY,1,3,1
2025-03-05 10:14:25.722,5346.734697880916,317.6112297375089,44.921055645989725,-2.306291537522764,14.629679907173394,0.3605147838325507,2.02603336241234,0.7375703533160546,51.88003867560813,119.0890525184819,READY,17.342905848421164,True,87.77146039802902,0.14468811657578678,6,91.29787411466306,CHECK,HIGH,STANDBY,1,3,1
2025-03-05 10:14:25.771,5333.749696196818,317.19765250852294,44.79596984960149,-2.548818125801377,14.170032113482451,0.337865280282748,2.0360257688865953,0.7365699665082885,51.83606175978268,91.51316274249729,READY,17.264905160656188,True,87.84472881273517,0.08673276465583635,6,90.86771258373459,CHECK,HIGH,STANDBY,1,3,1
2025-03-05 10:14:25.796,5321.95124863581,316.02081756728774,45.28802672892814,-2.372643456864528,14.425037575820625,0.3340018943056919,2.090127812092567,0.7332878557695622,51.81595876546189,138.5526614564046,READY,17.3463407049701,True,88.01797523103458,0,6,90.61402665186458,CHECK,HIGH,STANDBY,1,3,1
2025-03-05 10:14:25.829,5339.865461900525,314.1389516736801,45.503690575658815,-2.374799324301335,14.580021471790856,0.31071934863920664,2.1186470367431856,0.7233939208186796,51.77923113815502,173.52801303548154,READY,17.38499404320837,True,88.0468825057559,0,6,90.64537922355409,CHECK,HIGH,STANDBY,1,3,1
2025-03-05 10:14:25.858,5349.012330544341,313.3180925047925,45.555608509734334,-2.5441090512156888,15.006921796325374,0.2805137800724169,2.2022194347051443,0.7325421990715434,51.76829567283812,185.4943570234686,READY,17.385850803747115,True,87.87139406166617,0,6,90.53589060366562,CHECK,HIGH,STANDBY,1,3,1
2025-03-05 10:14:25.901,5340.334872641233,313.31495780799753,45.70136882931592,-2.640652751314284,15.240907521254629,0.2696213943783076,2.189703985058832,0.7381635567067463,51.753056092065044,217.6978446215765,READY,17.322166610642185,True,87.87461868370869,0,6,90.25458903810453,CHECK,HIGH,STANDBY,1,3,1
2025-03-05 10:14:25.934,5339.136842508414,314.270444384958,45.47020455325399,-2.3475548032520464,15.600095134641073,0.2762116145842887,2.115170689101689,0.7473662856134622,51.71143636005,247.3604097348059,READY,17.424036403263482,True,87.82920194266285,0,6,89.78401470488976,CHECK,HIGH,STANDBY,1,3,1
2025-03-05 10:14:25.956,5335.837461938472,314.10303794459935,45.527207616498956,-2.2487464428617567,15.121796530028867,0.26368372150524133,2.145452510819312,0.7542630269100244,51.699081039833885,217.94152541871495,READY,17.400914270421925,True,87.81892655906627,0,6,89.47160489912126,CHECK,HIGH,STANDBY,1,3,1
2025-03-05 10:14:25.989,5335.914990380406,313.17296144845193,45.372240623167606,-2.382650330154981,15.307689446055619,0.29820922289947427,2.2416730099821662,0.7640532615520885,51.67730077800332,197.48578767337602,READY,17.234176558874385,True,87.8353499641202,0,6,89.29511002638368,CHECK,HIGH,STANDBY,1,3,1
2025-03-05 10:14:26.025,5330.839786225175,311.79962141816463,45.704592839878075,-2.180766332416609,14.893171043851575,0.31167036001540976,2.2501840135440707,0.7674388604639314,51.66140686531369,215.32061548144918,READY,17.12399033714233,True,87.77237088953474,0,6,89.63241464048522,CHECK,HIGH,STANDBY,1,3,1
2025-03-05 10:14:26.061,5312.703292298746,311.6538968936489,45.58182270136401,-2.0679254404091694,15.313653992024513,0.3114440015705098,2.2541383175238545,0.7692375585078769,51.627003886003685,262.1859204989071,READY,17.170901858322758,True,87.58346782867994,0,6,89.20533536970137,CHECK,HIGH,STANDBY,1,1,1
2025-03-05 10:14:26.097,5326.5636384411555,313.38218609650727,45.82404970004261,-2.1685415138313946,15.29044991060899,0.3242229139829219,2.2292596169996584,0.7660132279864486,51.6135410241389,252.25480715636786,READY,17.159201872036743,True,87.69018962302533,0,6,89.15388723392198,CHECK,HIGH,STANDBY,1,1,1
2025-03-05 10:14:26.129,5346.307913347413,315.1100161805785,45.71853601890246,-2.3221263974933732,14.956566278770776,0.3311876210944774,2.263461077545642,0.7716420795209199,51.584189960859355,284.02876776895107,READY,17.111905690444154,True,87.66488447696555,0,6,88.71877673602569,CHECK,HIGH,STANDBY,1,1,1
2025-03-05 10:14:26.158,5351.516012292062,316.05532918394164,45.784433095868835,-2.0281011861032403,14.794135295639087,0.32440015023568414,2.3257049772356653,0.777179396615578,51.55704603337588,277.62641733581984,READY,17.177135648259,True,87.64826294197299,0,6,88.63591605340854,CHECK,HIGH,STANDBY,1,1,1
2025-03-05 10:14:26.203,5351.022151891794,314.29834073015047,45.34349692569658,-1.8196225413159846,14.430578100832351,0.28232709789093313,2.259319935923765,0.7685397235929831,51.52238683569979,297.2673935324558,READY,17.37416094773663,True,87.52164349183177,0,6,88.72841630299544,CHECK,HIGH,STANDBY,1,1,1
2025-03-05 10:14:26.225,5362.848981775816,315.81574099884875,45.38343986221592,-1.6459103076397503,14.119949366839085,0.2382668841456982,2.2246275942508698,0.7586969380794534,51.499848318457346,324.9917741305584,READY,17.45336978402009,True,87.33556298882756,0,6,88.29940202927132,CHECK,HIGH,STANDBY,1,1,1
2025-03-05 10:14:26.255,5365.144615516714,315.807948383257,45.00075823174453,-1.8898620471046939,14.306850936709685,0.2028052231449362,2.2329385180743135,0.7506670228924924,51.45039049767035,331.269320064918,READY,17.46986568862831,True,87.3625615000116,0,6,88.40827590972442,CHECK,HIGH,STANDBY,1,1,1
2025-03-05 10:14:26.291,5357.243076073309,315.16939601989696,45.20303064092623,-1.940849854929878,14.150269424491233,0.23185789852939764,2.242815176945588,0.7489960805685766,51.40173144531433,338.43126941988504,READY,17.450053837995682,True,87.47570161090545,0,6,88.14659284126888,CHECK,HIGH,STANDBY,1,1,1
2025-03-05 10:14:26.322,5375.503889440684,313.4644225309764,45.41782900730702,-1.9973159746806055,14.04444938412666,0.25733375290244753,2.2072947447410156,0.7463435176120328,51.3876801567083,345.3714531472144,READY,17.465028842338857,True,87.40845098480904,0,6,87.92544944355144,CHECK,HIGH,STANDBY,1,1,1
2025-03-05 10:14:26.354,5377.945899181557,314.4223252624938,45.05045812619056,-1.9331333477932027,14.022272947886021,0.2104273527039035,2.191831072504037,0.7406112505868397,51.360536430604974,386.505033314566,READY,17.312816444421756,True,87.26642102359773,0,6,88.22281874565869,CHECK,HIGH,STANDBY,1,1,1
2025-03-05 10:14:26.402,5375.172933950157,315.64970382984114,45.062200097092905,-1.913836657138546,13.568282756355764,0.1742931847384409,2.2102980436836193,0.7478680047266459,51.318341318571,382.14214528488674,READY,17.50749610704409,True,87.36685008951169,0,6,88.52724499024252,CHECK,HIGH,STANDBY,1,3,1
2025-03-05 10:14:26.438,5363.013193180559,314.2750012817275,45.03741012193379,-2.04187518084177,13.334822122127342,0.16552402494034407,2.127569458277487,0.7493434297958261,51.28837077668419,426.24824977539856,READY,17.69558458884152,True,87.39684567955241,0,6,88.15134956870365,CHECK,HIGH,STANDBY,1,3,1
2025-03-05 10:14:26.469,5368.138785005768,316.1301043028448,44.90845892883082,-1.8182702392861039,13.589195924490403,0.14615942497106763,2.086646617454306,0.7559102984664686,51.25489069012653,421.02624513858024,READY,17.584052222569266,True,87.4014685000715,0,6,88.22467441141413,CHECK,HIGH,STANDBY,1,3,1
2025-03-05 10:14:26.504,5386.185249912255,315.7910185528384,45.002624334233495,-1.8961634961185683,13.330814732348978,0.10455113409803807,2.027132541764413,0.7535494933135428,51.23455271012684,458.78515466878696,READY,17.586222099601294,True,87.52861837776142,0,6,88.34743037608001,CHECK,HIGH,STANDBY,1,3,1
2025-03-05 10:14:26.535,5378.491409168442,317.38832244142924,45.11037968883618,-1.8883807453617676,12.985045818280724,0.10167848651632479,2.089627702448789,0.7441859053783135,51.212900785814846,495.5951409473604,READY,17.43876420251024,True,87.481654261261,0,6,88.02233328202335,CHECK,HIGH,STANDBY,1,3,1
2025-03-05 10:14:26.566,5396.508701650207,316.99435452269205,44.6859967459624,-1.7675097077380406,12.608993598147784,0.1,2.110748222887277,0.738517239358834,51.18692434658116,446.8919878475191,READY,17.44304995709442,True,87.54305355029153,0,6,88.08422750986651,CHECK,HIGH,STANDBY,1,3,1
2025-03-05 10:14:26.607,5402.574871439697,316.48978294758615,44.92848370521438,-1.988129243184241,13.04923951230433,0.1,2.0980070491140466,0.7400791309021042,51.16256233086316,485.9618682891124,READY,17.284009029403695,True,87.65226209379,0,6,87.92459866971475,CHECK,HIGH,STANDBY,1,3,1
2025-03-05 10:14:26.639,5406.850726674024,316.1631211964776,44.827523371400815,-1.9503119781256473,13.262964773025644,0.13859451572840265,2.173005483620821,0.7315649308473025,51.13915398994515,495.5616619509955,READY,17.148356348451046,True,87.64940613907176,0,6,88.25099407773946,CHECK,HIGH,STANDBY,1,3,1
2025-03-05 10:14:26.672,5391.34177679331,317.57862368648335,44.61488442421019,-2.0776035006035065,13.005497424052319,0.13790739548968947,2.2189647948865354,0.7334979554806222,51.10068254018265,455.093226666001,READY,17.009430647972437,True,87.4675446106923,0,6,88.17593705650741,CHECK,HIGH,STANDBY,1,3,1
2025-03-05 10:14:26.697,5382.668561703844,317.3152850018562,44.63630087750702,-1.823437267604381,12.835111771538045,0.18169652592296706,2.1414459036580493,0.7323155941232216,51.05581628881113,451.7198321867958,READY,16.905694946774158,True,87.61472108713843,0,6,87.82756509754682,CHECK,HIGH,STANDBY,1,3,1
2025-03-05 10:14:26.725,5380.037459592399,318.59412596639055,45.11506107833532,-1.9575411332753152,12.553663572674864,0.13671948718780114,2.1440360708826276,0.7363922234361647,51.01029887999562,461.9831375686173,READY,16.76749849262124,True,87.51321622447072,0,6,87.54190190185489,CHECK,HIGH,STANDBY,1,3,1
2025-03-05 10:14:26.754,5385.272048205944,317.119603966183,45.3539165274113,-1.9732447915738125,12.743414707803952,0.18590956900758876,2.1418691720520338,0.7364937532369887,50.98692253630648,447.30725184696985,READY,16.68312209421921,True,87.52365430814393,0,6,87.38260822232432,CHECK,HIGH,STANDBY,1,3,1
2025-03-05 10:14:26.804,5395.030523842531,315.3136783212659,45.8432357505436,-1.9759422784540848,13.003197646338762,0.17203801912670186,2.096539095095564,0.7450358869410629,50.94779121301198,455.49156590884513,READY,16.721360089823357,True,87.42216675733961,0,6,87.46285841690604,CHECK,HIGH,STANDBY,1,3,1
2025-03-05 10:14:26.835,5407.312915640145,315.93752866482,45.727491542992944,-1.7645691441788347,12.735927151134282,0.20304573521104857,2.0486719018317125,0.7395873136592018,50.901255695994706,434.1306337556794,READY,16.80930086214859,True,87.4384438095465,0,6,87.80950235618785,CHECK,HIGH,STANDBY,1,3,1
2025-03-05 10:14:26.869,5425.465781740666,316.7422064683101,45.51682162680653,-1.4805111757348375,12.787425045563035,0.23973571388790565,2.11848255006695,0.7337564057903512,50.876197256751404,426.1205916098905,READY,16.795626899975368,True,87.57195303498919,0,6,87.88823464104684,CHECK,HIGH,STANDBY,1,3,1
2025-03-05 10:14:26.901,5433.6812829440405,316.6182626625285,45.689933138332336,-1.5596087757110386,12.840918696900339,0.22905422106154927,2.0838280940960847,0.7323149570879053,50.85700986470049,382.51456567312306,READY,16.879552372302573,True,87.63005213881083,0,6,88.0115811353198,CHECK,HIGH,STANDBY,1,3,1
2025-03-05 10:14:26.937,5424.129404473102,316.19294893327316,45.99818569108728,-1.5196244751716532,12.602176823006085,0.19671586374379363,2.1361534830551885,0.7242460077853469,50.82400537316738,385.44235434685953,READY,16.908615969512194,True,87.5752805982956,0,7,88.46958089196637,CHECK,HIGH,STANDBY,1,3,1
2025-03-05 10:14:26.972,5432.169412088126,316.9521427028327,45.571702815413026,-1.7210260657788585,12.38887316709845,0.2329767655971829,2.233256725700939,0.723151405909694,50.80603709097087,376.06640850148153,READY,16.977959591291388,True,87.53854640211978,0,7,88.36280784481235,CHECK,HIGH,STANDBY,1,3,1
2025-03-05 10:14:27.003,5436.175703675743,316.1949872668686,45.777019766604006,-1.8550634651327043,12.522058166374016,0.212848510406115,2.324259880784582,0.7188300278574516,50.78996339030052,362.3878096445924,READY,16.83002878223907,True,87.35827586911844,0,7,88.61684908099981,CHECK,HIGH,STANDBY,1,3,1
2025-03-05 10:14:27.029,5439.539998568917,314.5528408578233,46.170780851156515,-1.8858931078596333,12.318047448245851,0.23433916720976575,2.376658462174917,0.7222992767576489,50.767984570951825,400.53275329175517,READY,16.901277174595684,True,87.39418282333438,0,7,89.02863171326847,CHECK,HIGH,STANDBY,1,3,1
2025-03-05 10:14:27.064,5452.837153979672,312.89831326411837,45.84052664744855,-1.6540303765090427,12.054239179848842,0.281997389767995,2.3044651079616605,0.7175241498151741,50.733559694816364,386.19156131131194,READY,16.957723917675423,True,87.44959743116561,0,7,89.44026919504257,CHECK,HIGH,STANDBY,1,3,1
2025-03-05 10:14:27.101,5469.906717804403,312.8482067476186,45.417281592253346,-1.8172540112767503,12.327978301288766,0.2814887055099625,2.2927416293623963,0.7236588517412538,50.70012241858381,361.9135594181564,READY,16.77440272358242,True,87.35884270697565,0,7,89.37538144004226,CHECK,HIGH,STANDBY,1,3,1
2025-03-05 10:14:27.128,5489.740662074423,312.301556754592,45.056734476581845,-2.1108889633725165,12.503129724963145,0.3260724006921802,2.292537568011647,0.7218471465560613,50.665304806232854,327.46311463495607,READY,16.952935250293663,True,87.49754613242814,0,7,89.45357408641803,WARNING,HIGH,STANDBY,1,3,1
2025-03-05 10:14:27.160,5486.204784867765,311.97698318195955,45.33095514997695,-2.3563887761512694,12.668485171633204,0.28323132148344266,2.2153603722043815,0.7261664738008148,50.63062999483637,354.7928526047423,READY,17.056166608411367,True,87.33121745298797,0,7,89.48668906990015,WARNING,HIGH,STANDBY,1,3,1
2025-03-05 10:14:27.189,5488.3122821482475,312.38153177272267,45.15591290183979,-2.481993012394831,12.965878953495356,0.2567396258769844,2.252090593665069,0.7290794129590014,50.618826540772595,367.36110920017313,READY,17.218747852490054,True,87.24721106251162,0,7,89.7381378573077,WARNING,HIGH,STANDBY,1,3,1
2025-03-05 10:14:27.222,5488.951894429096,314.0322827034907,44.91194954157702,-2.614272845949542,13.263097878653994,0.21551857820469741,2.331529153502626,0.7313395093756282,50.59593461808775,414.3554783784704,READY,17.238344292807067,True,87.39863147406807,0,7,90.23245792086165,WARNING,HIGH,STANDBY,1,3,1
2025-03-05 10:14:27.259,5500.972183697067,314.5023621412439,44.88265099310117,-2.7425009704593144,12.860032684599659,0.18874059602368792,2.3619185161690917,0.739507603472039,50.57521961151766,405.0819949229634,READY,17.155440628596626,True,87.53036335402875,0,7,90.55242789263949,WARNING,HIGH,STANDBY,1,3,1
2025-03-05 10:14:27.291,5487.364564095353,315.40741292940197,44.97337808981738,-3.0359629027419075,13.233721415394246,0.2097572828504179,2.3350162380719404,0.7307202957354232,50.55663045196239,438.3714329042292,READY,17.07912473521036,True,87.52582402274615,0,7,90.59309419803837,WARNING,HIGH,STANDBY,3,3,1
2025-03-05 10:14:27.323,5501.165556809,315.60553603138356,45.06872135964499,-3.0334816866204837,13.356573217849604,0.21275874250557647,2.399444602500895,0.7395020837739503,50.53409705536755,445.73558817305326,READY,17.240644429296783,True,87.61208979654042,0,7,90.62344685079101,WARNING,HIGH,STANDBY,3,3,1
2025-03-05 10:14:27.357,5509.999997900718,316.72181244998444,44.854943383510076,-2.931379489580911,13.767965651839226,0.1959635153744801,2.4754726199741492,0.7449772484721753,50.51113920202822,465.489954415537,READY,17.093552735314162,True,87.59901837661961,0,7,90.51831904071855,WARNING,HIGH,STANDBY,3,3,1
2025-03-05 10:14:27.390,5491.080991976375,315.7675309353422,45.31420002981922,-2.814638606244397,13.953057319298683,0.18579737780249544,2.4095863472450625,0.7403757088311453,50.49719483444459,476.0422323613363,READY,17.132193419648015,True,87.75817191518446,0,7,90.50465690297965,WARNING,HIGH,STANDBY,3,3,1
2025-03-05 10:14:27.423,5495.654358858624,316.92892447464124,45.018362832332855,-3.069282502612116,14.167938958505264,0.19310278419278715,2.354031651252944,0.7397968885303398,50.468052967362006,521.943689707432,READY,17.167936232859212,True,87.5906351381822,0,7,90.98241633934934,WARNING,HIGH,STANDBY,3,3,1
2025-03-05 10:14:27.465,5490.53330257563,316.3740619264173,44.75829021044705,-3.2480021445537863,13.74072412732511,0.17197129055943944,2.3574455925186317,0.7447480154212524,50.44653854366941,550.7395714471224,READY,17.17320214080901,True,87.67588423159464,0,7,91.16747638546079,WARNING,HIGH,STANDBY,3,3,1
2025-03-05 10:14:27.492,5509.392572473908,314.75284790654774,44.599257325919126,-3.2083657384267195,14.031725495024887,0.1387736221483491,2.4300499655017225,0.7441553362869998,50.40627874933958,541.4082060944953,READY,17.351570200224277,True,87.54876790676038,0,7,91.40709802600975,WARNING,HIGH,STANDBY,3,3,1
2025-03-05 10:14:27.534,5508.399927044112,313.91367129169106,44.10883313981545,-2.920681483157481,13.992223790276615,0.14389273770498467,2.4167520457827245,0.7353785372205903,50.36103365229305,511.7396565706995,READY,17.30036395733361,True,87.72165289651007,0,7,91.84954222176275,WARNING,HIGH,STANDBY,3,3,1
2025-03-05 10:14:27.570,5506.083378571145,313.0313483110788,43.87787034850156,-2.8960350091668303,13.613322956466934,0.1,2.3638878274591644,0.7289178172151481,50.34626092238708,468.83373042688305,READY,17.33872729452861,True,87.5568277853612,0,8,91.60061053466876,WARNING,HIGH,STANDBY,3,3,1
2025-03-05 10:14:27.596,5492.1872334017135,313.69211510711074,44.21322646897035,-2.9181822016538126,13.259063394617748,0.1,2.3056786751778815,0.7316120711462033,50.33196332042355,472.2676077781645,READY,17.463030786493956,True,87.50038010263467,0,8,91.20573213110008,WARNING,HIGH,STANDBY,3,3,1
2025-03-05 10:14:27.629,5476.147178873933,314.2443915860391,43.83285372372673,-2.9995509140511363,13.686884283899122,0.11812555888182824,2.335214418482967,0.7375775700858165,50.3110069600337,441.3985759171839,READY,17.276220719219026,True,87.57272140239063,0,8,91.34733495138875,WARNING,HIGH,STANDBY,3,3,1
2025-03-05 10:14:27.661,5466.3937347742185,315.40643694851445,43.77318612116167,-3.0639036247726907,13.343281948407316,0.1342761662575812,2.2965132762454648,0.739028009134297,50.297170249190756,401.292645762068,READY,17.443789661060737,True,87.68567505216514,0,8,91.49900226658335,WARNING,HIGH,STANDBY,3,3,1
2025-03-05 10:14:27.693,5453.355894528871,315.66552702567543,43.470513671747355,-3.0589893186235644,13.323408545527313,0.1,2.3528759204714706,0.7391942021328237,50.262480753775634,438.7264070985628,READY,17.538021599941917,True,87.59983294119877,0,8,91.22468789842736,WARNING,HIGH,STANDBY,3,3,1
2025-03-05 10:14:27.726,5450.743452372188,315.5847254608476,43.36997658021157,-2.7800133063621186,13.80479823762054,0.1,2.319165364658411,0.7454643331233376,50.243945590754336,390.5879878127401,READY,17.59746696617435,True,87.50004813904985,0,8,91.04481111611169,WARNING,HIGH,STANDBY,3,3,1
2025-03-05 10:14:27.770,5440.6177113239555,315.02141214218847,43.18068232245493,-2.9788757472087504,13.69073808486289,0.1,2.3139518205268153,0.7505112644857911,50.22464544716748,409.4393290118611,READY,17.515433983317426,True,87.6965251706445,0,8,91.51422709119169,WARNING,HIGH,STANDBY,3,3,1
2025-03-05 10:14:27.797,5456.546224309801,314.55212299391303,42.81213768485236,-2.7770061997336684,13.341339197762794,0.10847617916947344,2.229347049760613,0.7535903358747567,50.18949291282887,429.78134755023484,READY,17.38648916840666,True,87.81921954883275,0,8,91.9462097805449,WARNING,MEDIUM,STANDBY,3,3,1
2025-03-05 10:14:27.824,5451.157557835407,313.0473566319252,43.29554302092899,-2.924176303815311,13.676986854277633,0.13747566000937653,2.1720699438181024,0.7536329400099014,50.15318370276523,465.27649925054004,READY,17.505111753658284,True,87.6727054473636,0,8,92.24034441602639,WARNING,MEDIUM,STANDBY,3,3,1
2025-03-05 10:14:27.860,5434.861048270633,313.880256618482,43.39510319408353,-2.746494880173871,13.799907471192551,0.12920333491293826,2.0909251729145684,0.7439817571303462,50.10529214903161,435.8492764308585,READY,17.36554147284506,True,87.54139259735395,0,8,91.96038127087795,WARNING,MEDIUM,STANDBY,3,3,1
2025-03-05 10:14:27.894,5415.60397732261,312.41416407571745,43.39054087127863,-2.9117763657570666,13.527234530399776,0.17812795652997615,2.1376054997243505,0.7515899131636038,50.05938539197248,420.17316967987136,READY,17.411862178571763,True,87.52786114010664,0,8,92.28927197639103,WARNING,MEDIUM,STANDBY,3,3,1
2025-03-05 10:14:27.927,5422.841255606201,311.23225042135203,43.032522310933835,-2.6618140573345643,13.14925165973544,0.19790691645237793,2.049878342965703,0.7421565828558645,50.04624253163521,467.7108927920843,READY,17.315404191941223,True,87.58332910966617,0,8,92.06013615398156,WARNING,MEDIUM,STANDBY,3,3,1
2025-03-05 10:14:27.963,5431.375501758154,309.30643823861396,43.28870440701006,-2.518883675524102,13.381154769007885,0.18463596824258344,1.9839660179049896,0.7481029444391841,50.00910624351372,510.5970001437842,READY,17.261148689160056,True,87.53244369738074,0,8,92.38627087533874,WARNING,MEDIUM,STANDBY,3,3,1
2025-03-05 10:14:27.995,5427.144445764636,309.6564378092819,43.48831251181214,-2.540076354866932,13.416777281552857,0.2216398127901565,1.9995684879316946,0.7454063638853219,49.97658399796717,463.71581777439224,READY,17.245565046604053,True,87.46836012485295,0,8,92.1762308244086,WARNING,MEDIUM,STANDBY,3,3,1
2025-03-05 10:14:28.027,5414.461072300756,310.27078282624353,43.07345931996959,-2.684790464869973,13.802170351915807,0.21549975443139527,2.0398280081990547,0.735545586502342,49.94014221574515,439.65969351106173,READY,17.2811097094201,True,87.27556089418131,0,8,91.99925927686242,WARNING,MEDIUM,STANDBY,3,3,1
2025-03-05 10:14:28.063,5429.422469106912,309.98472869063704,43.563037053001494,-2.391663260221156,13.83001246936614,0.18516818689936193,2.1350501679662877,0.729559459279641,49.89730875018245,439.4041484617621,READY,17.440791804347246,True,87.2728252013426,0,8,91.91130836362338,WARNING,MEDIUM,STANDBY,3,3,1
2025-03-05 10:14:28.097,5416.002762408838,308.0969474753723,43.53203041585915,-2.2882015998569294,14.009890214237487,0.1648761098102428,2.0861854580581913,0.7260958734220688,49.85597361525623,400.68541911706336,READY,17.430961242179368,True,87.43278214761408,0,8,92.30194472166619,WARNING,MEDIUM,STANDBY,3,3,1
2025-03-05 10:14:28.127,5403.379586553498,308.1745968077221,43.21693089024601,-2.0533286845800984,14.321227434072625,0.20105192570003094,2.0990574059892646,0.7188716331002658,49.831379864440336,393.6600128126421,READY,17.48554769526925,True,87.56701790845268,0,8,91.94697325100084,WARNING,MEDIUM,STANDBY,3,3,1
2025-03-05 10:14:28.163,5397.084380914841,309.63346281794975,42.74135687961448,-1.8869880272982886,14.060522837058475,0.18827392145166894,2.0723953608636814,0.722029278029303,49.7911610305754,399.2600870028032,READY,17.367702846111253,True,87.58999016925496,0,8,92.07384929541786,WARNING,MEDIUM,STANDBY,3,3,1
2025-03-05 10:14:28.195,5404.047740727632,311.4045818884625,42.874712466475735,-1.6982144085738486,14.542158463812369,0.23098261885116317,2.0282803767454975,0.7212733721782635,49.755166155467236,395.61738561035617,READY,17.290225573960548,True,87.7457316445147,0,8,91.8348137432703,WARNING,MEDIUM,STANDBY,3,3,1
2025-03-05 10:14:28.228,5390.826191050232,312.68882286373963,43.09231440212014,-1.8930781856402565,14.12670204956383,0.2712161333471115,2.087882920215944,0.7133048153605466,49.71982984586816,358.4556654990896,READY,17.224457353653047,True,87.75617047392694,0,8,91.92658663401002,WARNING,MEDIUM,STANDBY,3,3,1
2025-03-05 10:14:28.271,5388.160674182594,311.0503023861437,43.24051386052524,-2.1031682351730465,14.223371376865918,0.26408790730346055,2.1841383801994922,0.7181563749416889,49.68271824654315,344.8416311952674,READY,17.21829031614988,True,87.7652855822797,0,8,91.8809700925513,WARNING,MEDIUM,STANDBY,3,3,1
2025-03-05 10:14:28.290,5383.017051453431,310.9165800795641,42.83393021138724,-2.374056735418799,13.842952253162338,0.22954770505560337,2.165180285964201,0.7190794945172976,49.665463797277454,334.6445277816338,READY,17.21936854154082,True,87.7215928260489,0,8,92.24713926791074,WARNING,MEDIUM,STANDBY,3,3,1
2025-03-05 10:14:28.322,5381.484299677902,312.747481247696,43.05241079610864,-2.1192331790629626,13.782649205622402,0.27540026255649186,2.11069795281682,0.7212425920249005,49.62459809927498,310.13216592457917,READY,17.301001179905295,True,87.52172002720825,0,8,91.8552165007885,WARNING,MEDIUM,STANDBY,3,3,1
2025-03-05 10:14:28.360,5396.250255939665,311.98446548404274,43.33874512415093,-1.8777230352818512,14.098846244988657,0.29200010388659714,2.094709153039887,0.7131865206361003,49.58227405075358,359.0826150881553,READY,17.272576455878482,True,87.70476781435755,0,8,91.38535044381574,WARNING,MEDIUM,STANDBY,3,3,1
2025-03-05 10:14:28.398,5402.349101783184,312.9879048392636,43.69551703422135,-2.1135583310995605,13.773269687716112,0.3090306367285486,2.0768420200035878,0.7155668811474577,49.55265331416345,407.3076048051034,READY,17.436086957146475,True,87.64812498759078,0,8,91.40707227690027,WARNING,MEDIUM,STANDBY,3,3,1
2025-03-05 10:14:28.434,5393.593860040642,314.10373817195716,43.60176135878605,-1.9507776807606279,13.832040487330605,0.31638435996439407,1.9954596766183545,0.7144311768814403,49.502863422074675,442.9978228839424,READY,17.55597635588052,True,87.70163145955091,0,8,91.48451666497742,WARNING,MEDIUM,STANDBY,3,3,1
2025-03-05 10:14:28.460,5389.286871108487,312.1539228048171,43.16088278938839,-1.8885360736415662,13.50994886558869,0.34371352853562764,2.0284712583182003,0.7160238101749044,49.48539020452101,413.29950132571497,READY,17.425958536807183,True,87.89818418284042,0,8,91.34796109712994,WARNING,MEDIUM,STANDBY,3,3,1
2025-03-05 10:14:28.490,5390.009268905928,313.2289734499529,43.5240085726632,-2.1848653219070435,13.53423792955788,0.3915532605579132,2.057969370948179,0.7180085260522542,49.43791410367591,442.31166509227324,READY,17.26049305252734,True,88.03448301348047,0,8,91.37851833708187,WARNING,MEDIUM,STANDBY,3,3,1
2025-03-05 10:14:28.522,5384.333702836006,313.2285274945141,43.64126206770752,-2.0543139846168152,13.398525523057184,0.4241842952239956,2.0323527892697992,0.7104291350558638,49.399817718975775,462.3750481786098,READY,17.454675124501684,True,87.90816592358135,0,8,91.51718992384674,WARNING,MEDIUM,STANDBY,1,3,1
2025-03-05 10:14:28.563,5391.640911833745,313.7396041645277,43.71875670440601,-2.073366204648699,13.477303988209032,0.44949467923686476,2.0314647184084094,0.7046031542785961,49.387532439355525,507.7868864960376,READY,17.559430710704905,True,87.84071452621333,0,8,91.26662097852302,WARNING,MEDIUM,STANDBY,1,3,1
2025-03-05 10:14:28.594,5387.347737174395,312.6690969733618,43.99443930111207,-2.252072971029727,13.0568296477446,0.44098270062968525,1.9380381601853,0.7045676962430115,49.362772328977165,554.8685530468115,READY,17.679944536916096,True,87.67803349504455,0,8,91.55679165258272,WARNING,MEDIUM,STANDBY,1,3,1
2025-03-05 10:14:28.631,5377.8741279669675,312.69201635391994,43.96486255454746,-2.4941013343369764,13.105030875904523,0.40754367995496465,1.9048534214084751,0.7027998008190619,49.31773296075899,573.8732601403117,READY,17.62875387093195,True,87.60565549739577,0,8,91.87743301299845,WARNING,MEDIUM,STANDBY,1,3,1
2025-03-05 10:14:28.657,5387.440394387592,314.439057967053,43.64014498728143,-2.2127794318452305,13.102816455568506,0.374224819444965,1.9779464567197453,0.7047688936205545,49.296769788012085,619.9694354331665,READY,17.758068109235456,True,87.75097258785604,0,8,92.06811406264727,WARNING,MEDIUM,PASSIVE,1,3,1
2025-03-05 10:14:28.691,5398.362722400635,313.60461952794554,43.65598435525006,-2.5101228989454554,13.588331392342175,0.3966347736573809,1.921808935212049,0.7065160330348621,49.26644517537553,581.4940751161682,READY,17.89022960737941,True,87.57984003351406,0,8,92.43770651632146,WARNING,MEDIUM,PASSIVE,1,3,1
2025-03-05 10:14:28.722,5411.66467633028,312.4561349468853,43.739834300516165,-2.262873240526615,13.689921696492277,0.4151539520806139,2.0197131047827055,0.7114281236685799,49.255563441553946,630.6856394526546,READY,17.899253812412475,True,87.44314568476688,0,8,92.05796300782347,WARNING,MEDIUM,PASSIVE,1,3,1
2025-03-05 10:14:28.763,5423.101506786763,312.74892583926635,43.74532196447216,-2.512109985978492,14.137694036483051,0.3967603301465106,1.9707967069658463,0.7173291468338496,49.234169071715144,601.087263018323,READY,18.06023591700665,True,87.4792761414163,0,8,92.46012127331238,WARNING,MEDIUM,PASSIVE,1,3,1
2025-03-05 10:14:28.798,5412.913099208866,313.74845377453,44.063536574651664,-2.690411409960201,13.684606840645136,0.3662252182812335,1.943540117964147,0.7189840684489713,49.185366843586785,614.6057584921814,READY,18.06023591700665,False,87.40452922268189,0,8,92.40620048119804,WARNING,MEDIUM,PASSIVE,1,3,1
2025-03-05 10:14:28.832,5411.751715135642,313.36128882322913,43.675684067780956,-2.67346035606754,13.55987455514283,0.3967145388777411,1.9128672542876934,0.7243950517604588,49.15656969292693,658.2148737114145,READY,18.06023591700665,False,87.4002652173367,0,8,92.58265975478314,WARNING,MEDIUM,PASSIVE,1,3,1
2025-03-05 10:14:28.860,5394.079283170217,314.55720990219146,43.25218455723972,-2.8906813325957303,13.573118181990823,0.36382205494854986,1.829818423907046,0.7233744466860098,49.14152828989359,676.9005585061913,READY,18.06023591700665,False,87.42470774694834,0,8,93.06995072025629,WARNING,MEDIUM,PASSIVE,1,3,1
2025-03-05 10:14:28.893,5375.9761753361645,312.6095432311512,43.30400282443036,-2.921938114797577,13.74719125222576,0.405452906003942,1.8126280851424899,0.7301077376011138,49.12229229765071,709.521227304077,READY,18.06023591700665,False,87.39202554814891,0,8,93.35937626185742,WARNING,MEDIUM,PASSIVE,1,3,1
2025-03-05 10:14:28.933,5389.192524041568,314.39781696202414,43.24662793615773,-2.8669279666428835,13.51726510636031,0.4218971444759814,1.9102437322940184,0.7323394148005056,49.09609661015823,745.7774698093692,READY,18.06023591700665,False,87.2658739088802,0,8,93.00029125580699,WARNING,MEDIUM,PASSIVE,1,3,1
2025-03-05 10:14:28.967,5370.767446318039,313.2098667350389,43.30592733022702,-2.844040850426809,13.056699458062674,0.4025868422270462,2.0015575393011193,0.7310579015980999,49.05403596216845,739.7593345561938,READY,18.06023591700665,False,87.0914805637324,0,8,92.9440919743021,WARNING,MEDIUM,PASSIVE,1,3,1
2025-03-05 10:14:28.996,5354.452989841722,315.166082290938,43.688933928207454,-3.0635945310638717,13.390480033089355,0.35811918156382905,1.9640997107346905,0.7392665296826544,49.02363383382004,708.544389261549,READY,18.06023591700665,False,87.25845912489866,0,8,92.96333872224642,WARNING,MEDIUM,PASSIVE,1,3,1
2025-03-05 10:14:29.032,5354.352307444483,314.852010042341,44.09334223061824,-2.9491237874946505,13.220454799980574,0.39181027019192405,1.995068778162513,0.7478246796575433,48.97405941543392,688.1044144554909,READY,18.06023591700665,False,87.16619559953583,0,8,92.7494477278555,WARNING,MEDIUM,PASSIVE,1,3,1
2025-03-05 10:14:29.064,5351.249519997373,315.26230043675776,44.030874465622,-3.0913371795872626,13.140035755442668,0.3662194898662418,1.9982577663319885,0.7451123098382614,48.95483391226925,701.2897616245967,READY,18.06023591700665,False,87.35096560236855,0,8,92.89892436477919,WARNING,MEDIUM,PASSIVE,1,3,1
2025-03-05 10:14:29.097,5363.842447480561,314.6971315995777,44.51388731531027,-3.1058348862162934,12.783314778647338,0.3198662847934587,2.044459461669995,0.749290275688388,48.9098778428258,655.4746445629213,READY,18.06023591700665,False,87.17346768318957,0,8,92.79428341957994,WARNING,MEDIUM,PASSIVE,1,3,1
2025-03-05 10:14:29.134,5355.322140183297,315.6135513359725,44.86209896486603,-2.9026101087757707,13.013889001068824,0.3082039415152336,1.9803780703635705,0.7393855754068286,48.86343879253875,639.522851390513,READY,18.06023591700665,False,87.00152061116046,0,8,92.91594130728524,WARNING,MEDIUM,PASSIVE,1,3,1
2025-03-05 10:14:29.181,5358.101275634116,316.28525093054543,44.780533129585436,-2.638874499914652,12.919172773439474,0.2589675522954342,1.9327376588760175,0.7393850435185629,48.83562792992168,612.1728788595672,READY,18.06023591700665,False,86.86638714755259,0,8,92.98564315670087,WARNING,MEDIUM,PASSIVE,1,1,1
2025-03-05 10:14:29.197,5343.682317390635,316.5074997528373,44.99910343914,-2.927505309740756,13.110803659915684,0.27153389953464757,1.8469696189145512,0.7462851503639039,48.82542617886047,653.3588250684585,READY,18.06023591700665,False,86.79350177363894,0,8,92.80076897938478,WARNING,MEDIUM,PASSIVE,1,1,1
2025-03-05 10:14:29.232,5335.53365518832,316.2427568882072,44.745719137553365,-2.7013796800385457,13.485498620997397,0.2420277100907491,1.7555579789613036,0.740931904654997,48.801250779271065,656.6559788745013,READY,18.06023591700665,False,86.87421658958128,0,8,93.13169729142099,WARNING,MEDIUM,PASSIVE,1,1,1
2025-03-05 10:14:29.260,5350.233634450462,314.97367964289396,44.349872009611495,-2.639254190277309,13.536214767296979,0.2818686441061928,1.7975776745481364,0.744837601224876,48.76834608560623,703.0247875335166,READY,18.06023591700665,False,86.69136267829874,0,8,92.79394741959459,WARNING,MEDIUM,PASSIVE,1,1,1
2025-03-05 10:14:29.301,5333.325601209667,313.55451790010943,43.89817042958102,-2.885589534339174,13.277882792944883,0.3244174272310079,1.7486556091444738,0.7468194092851251,48.74277034908352,685.2052951141591,READY,18.06023591700665,False,86.85450450420302,0,8,92.51131304138552,WARNING,MEDIUM,PASSIVE,1,1,1
2025-03-05 10:14:29.342,5343.357651224319,311.568365486028,44.00315030692818,-2.945267237152762,12.899179158784033,0.3428754960450315,1.6654468371124105,0.7492063198683736,48.719882095807435,677.3071198109502,READY,18.06023591700665,False,87.02068857883303,0,8,92.2977684530726,WARNING,MEDIUM,PASSIVE,1,1,1
2025-03-05 10:14:29.377,5343.298243589446,311.57243179623873,44.29697489333301,-2.9764043245269285,12.745518254977314,0.37723284633433446,1.5952009701349843,0.7558598964497866,48.674189141588066,660.0255292792914,READY,18.06023591700665,False,86.9843824231216,0,8,92.06172988232224,WARNING,MEDIUM,PASSIVE,1,1,1
2025-03-05 10:14:29.403,5350.520871675891,311.26492229442533,44.28256510952164,-3.110327949839999,12.86283544736961,0.33222693787975766,1.6021858553818387,0.7657778588539268,48.650931229969444,656.5308196167791,READY,18.06023591700665,False,87.04751973990528,0,8,92.38311368516183,WARNING,MEDIUM,PASSIVE,1,1,1
2025-03-05 10:14:29.429,5351.821562711198,310.0654568540269,44.68131911499419,-2.85602044852468,12.923386024198642,0.3167280341538255,1.5022348579997085,0.7738775669861585,48.60215555016693,705.1015404103341,READY,18.06023591700665,False,86.94262956134081,0,8,92.86316502843945,WARNING,MEDIUM,PASSIVE,1,1,1
2025-03-05 10:14:29.458,5351.0926783880095,308.6975659035171,44.78073736884789,-2.7210918435619744,13.297188741853864,0.27385358870261284,1.469529363120653,0.7695366149428903,48.55831951004711,731.3118363843937,READY,18.06023591700665,False,86.86601135918458,0,8,92.78941447622101,WARNING,MEDIUM,PASSIVE,1,1,1
2025-03-05 10:14:29.489,5362.586938814701,309.59005637121635,44.86985910567312,-2.793811095341771,13.33224802874483,0.2961603434549217,1.5297734707529405,0.7758207869504492,48.512548151049295,750.6070762441982,READY,18.06023591700665,False,86.83208881088109,0,8,92.37009900018765,WARNING,MEDIUM,PASSIVE,1,1,1
2025-03-05 10:14:29.525,5352.956919042711,311.3124388682381,44.667527104918264,-2.8577317837869747,13.01475940517464,0.2662407938396843,1.5400712025597703,0.7756648733121659,48.4897658757175,790.9543668943767,READY,18.06023591700665,False,86.74068079360272,0,8,92.31535882805902,CHECK,MEDIUM,PASSIVE,1,1,1
2025-03-05 10:14:29.558,5337.08930049097,310.2713697866417,44.98077688095057,-2.8403855051621414,12.708511750513944,0.22865738560536505,1.458579984053464,0.7780466943717729,48.46217876348169,785.4766832200814,READY,18.06023591700665,False,86.62177543362901,0,8,92.35371402949055,CHECK,MEDIUM,PASSIVE,1,1,1
2025-03-05 10:14:29.589,5342.891802695035,311.1910934391889,45.46629898167012,-2.8871458234163665,12.565674683628028,0.19275630106489183,1.4378521356960674,0.7726809083173731,48.42939253186931,830.431484042365,READY,18.06023591700665,False,86.68033667009506,0,8,92.31125397538513,CHECK,MEDIUM,PASSIVE,1,1,1
2025-03-05 10:14:29.626,5328.724073405901,311.6201626281172,45.880672962547834,-2.712794925092116,12.512210245377403,0.21046919866106897,1.414610715069665,0.7710157753553293,48.39001517957642,855.4338882944234,READY,18.06023591700665,False,86.70277871816103,0,8,92.16099720657407,CHECK,MEDIUM,PASSIVE,1,1,1
2025-03-05 10:14:29.658,5344.473816673101,312.7665523976375,45.95801271093662,-2.494930065271766,12.556208016585062,0.165236486037567,1.3867623119395884,0.7684380622190868,48.35743548455484,869.1285367588167,READY,18.06023591700665,False,86.73154969961516,0,8,92.57358149941463,CHECK,MEDIUM,PASSIVE,1,1,1
2025-03-05 10:14:29.690,5355.619728184654,311.8690287076431,46.03402018733454,-2.5043302111162142,12.860743721844043,0.18664010876896125,1.3033139716855315,0.7757557708129424,48.33431561243024,873.4300354592932,READY,18.06023591700665,False,86.72399432168353,0,8,92.54388356638937,CHECK,MEDIUM,PASSIVE,1,1,1
2025-03-05 10:14:29.725,5364.276718865361,313.54993323894143,45.55699893598545,-2.666860821650523,13.093276028217366,0.23464631036085049,1.2736449247417891,0.7674829920495977,48.31719481609251,910.391479136683,READY,18.06023591700665,False,86.64972625518202,0,8,92.65627717978168,CHECK,MEDIUM,PASSIVE,1,1,1
2025-03-05 10:14:29.758,5352.505671135136,313.8648092995354,45.535502864345055,-2.6180945066917105,12.715710837370883,0.21008369166280252,1.3665267548068136,0.7720158387693977,48.29556667843085,930.4613598411137,READY,18.06023591700665,False,86.77018899403592,0,8,92.37652414919238,CHECK,MEDIUM,PASSIVE,1,1,1
2025-03-05 10:14:29.789,5336.85587518106,313.6057565039082,45.587452707859974,-2.8155825911534595,12.734614513515483,0.18863935308615892,1.4452699411310264,0.7670881079927521,48.252237749922614,934.0982300463482,READY,18.06023591700665,False,86.66524878315127,0,8,92.68526512675325,CHECK,MEDIUM,PASSIVE,1,1,1
2025-03-05 10:14:29.826,5353.023003688928,313.9756041345445,45.58303268229105,-2.7518058157622085,12.68239360491783,0.15964537062221937,1.5099349023829536,0.7657893369158629,48.20430909188485,910.6142158929297,READY,18.06023591700665,False,86.58738987416942,0,8,92.34971890715474,CHECK,MEDIUM,PASSIVE,1,1,1
2025-03-05 10:14:29.858,5351.35868175642,315.8806987320122,45.30367302792185,-2.836690039471869,12.689040475237922,0.16021160669,1.514224826977365,0.7703474635256446,48.179432779395235,882.6897359586019,READY,17.971341867918493,True,86.4149794999627,0,8,92.26662318608744,CHECK,MEDIUM,PASSIVE,1,1,1
2025-03-05 10:14:29.889,5367.836463406142,313.92544048786857,45.637462944866826,-2.6956298943498727,13.042081370421911,0.2047086757757791,1.5338148666009979,0.7669242620281997,48.16554711091386,901.6602697319615,READY,17.800017962830182,True,86.2367761041115,0,8,92.3834648265383,CHECK,MEDIUM,PASSIVE,1,1,1
2025-03-05 10:14:29.925,5354.7296019555815,315.86162377338496,45.58454413662723,-2.9817787544217573,13.321514329041507,0.157914618332208,1.5005560400112514,0.7623212115438482,48.15008544862468,862.622182186194,READY,17.673990001939465,True,86.28648526280766,0,8,92.41776339085249,CHECK,MEDIUM,PASSIVE,1,1,1
2025-03-05 10:14:29.958,5367.050692783523,317.73472502379934,46.02382748044113,-2.936128670527253,12.956384583457533,0.162219140397274,1.5287087973581828,0.7606432911213684,48.11096226925833,847.7371363387105,READY,17.66152148736959,True,86.4305274167267,0,8,92.59080826184817,CHECK,MEDIUM,PASSIVE,1,1,1
2025-03-05 10:14:29.989,5352.167701911935,316.8605226105295,46.197906402047,-3.135668847245307,13.023696642246312,0.1574832311069555,1.5584579335398243,0.758764665974009,48.075984164673066,852.9680304484239,READY,17.596410026241255,True,86.59875623666096,0,8,92.93803152466175,CHECK,MEDIUM,PASSIVE,1,1,1
2025-03-05 10:14:30.025,5357.73619180347,317.4024706392619,45.780084650178374,-3.3686248600422095,13.256439416457804,0.10951790569723416,1.4914914210463677,0.7647990519039809,48.04694439435654,849.1369891186704,READY,17.71239587105025,True,86.60199285914939,0,8,93.34034579858438,CHECK,MEDIUM,PASSIVE,1,1,1
2025-03-05 10:14:30.057,5339.811562050783,318.40825129064694,46.04642577298138,-3.1000416272789306,13.052034741116687,0.14614325674478482,1.587994794686389,0.7659068396949175,48.017127002746804,872.4467305332413,READY,17.56735911078538,True,86.77124287650251,0,8,93.45115716008966,CHECK,MEDIUM,PASSIVE,1,1,1
2025-03-05 10:14:30.089,5326.568977221404,318.6569693042071,46.10224213067539,-3.0607934996626764,13.151628514938754,0.12353270522985338,1.621909347267179,0.7708372174897958,48.00154215103021,824.8900170851078,READY,17.58978397955923,True,86.62631395830746,0,8,93.37740625948555,CHECK,MEDIUM,PASSIVE,1,1,1
2025-03-05 10:14:30.125,5339.421152184346,316.6961382154382,45.821799538004335,-2.830128872231777,13.61173510199138,0.17023128903230533,1.5320418915037792,0.7709331247567237,47.95818583486053,851.3435399503912,READY,17.764965938726416,True,86.4310130169575,0,8,93.20964879222755,CHECK,MEDIUM,PASSIVE,1,1,1
2025-03-05 10:14:30.161,5340.774199604411,315.62232635012464,46.25101287058405,-2.5510651314224866,13.964319459646779,0.13632920574134005,1.5003116708346824,0.775064526938795,47.93870128107818,896.8086811730932,READY,17.80928264838289,True,86.55644748662931,0,8,93.61909770433181,CHECK,MEDIUM,PASSIVE,1,1,1
2025-03-05 10:14:30.192,5335.688328395701,314.2339887063533,45.75978876744378,-2.607698211419224,13.967324460003075,0.10141780756720489,1.4211832130779203,0.7840332896138191,47.920800432568704,893.618407991499,READY,17.823282017931035,True,86.75234246144012,0,8,94.09218455317036,CHECK,MEDIUM,PASSIVE,1,1,1
2025-03-05 10:14:30.234,5316.022663197107,313.21752529576275,46.13971924030276,-2.874085857656819,14.318255496293785,0.1,1.4480204444689782,0.7765991132299466,47.88760142709573,878.072759766408,READY,17.70832886844495,True,86.81676494243487,0,8,93.95405358529457,CHECK,MEDIUM,PASSIVE,0,1,1
2025-03-05 10:14:30.264,5300.9037827018155,311.5961860668258,46.48679362616561,-3.0314575340506735,14.56978847378378,0.1,1.5451130363492276,0.7845336562775765,47.85772521437129,907.5783502649579,READY,17.520429887693957,True,86.87828529457921,0,8,94.33231213751354,CHECK,MEDIUM,PASSIVE,0,1,1
2025-03-05 10:14:30.297,5309.847624339807,312.1584888934109,46.08822037002245,-3.082101753196555,14.5915477654588,0.13916694564645665,1.5082101685839397,0.7788242001531459,47.816288857333774,875.4546292568301,READY,17.660832853229262,True,86.74888974090621,0,8,94.7584304191427,CHECK,MEDIUM,PASSIVE,0,1,1
2025-03-05 10:14:30.333,5327.197537868176,311.21633251281986,46.099495554355435,-3.1875487966817078,14.80130487806827,0.1346529315263942,1.5775838831658222,0.7854825767340325,47.78920093457471,899.0420821320847,READY,17.591900943073597,True,86.86201784130535,0,8,94.7815941830393,CHECK,MEDIUM,PASSIVE,0,1,1
2025-03-05 10:14:30.364,5340.411010097014,309.4155396183715,46.556296370089676,-3.208144380882248,14.92098148863658,0.1450288208337459,1.5219261442310081,0.7909729839927491,47.750994865270826,886.6389304698222,READY,17.669464695966678,True,87.00263620286684,0,8,94.36445454175293,CHECK,MEDIUM,PASSIVE,0,1,1
2025-03-05 10:14:30.396,5351.876627937996,309.55242769237293,46.368400474270466,-3.41435532328889,14.947242559731796,0.17506420172098602,1.4624209650213844,0.7921234084316545,47.70446956487941,845.5833394019105,READY,17.573086876296564,True,87.09496400567238,0,8,94.63077514263854,CHECK,MEDIUM,PASSIVE,0,1,1
2025-03-05 10:14:30.432,5360.274663434033,308.15719664162555,46.09007016832979,-3.598941759797222,15.102974059633791,0.20975394089574295,1.438993481551611,0.7901719553861392,47.69357811269422,889.8341840197919,READY,17.416093741070757,True,86.93231685766577,0,8,94.99607155896341,CHECK,MEDIUM,PASSIVE,0,1,1
2025-03-05 10:14:30.466,5380.018445559199,306.27408820460977,45.94397162873238,-3.5104680703874,15.509288861349923,0.16500967069050804,1.499694397550625,0.7985390415403815,47.66653412702657,873.5005856113934,READY,17.59648560893043,True,86.88936937333278,0,8,95.06596602097224,CHECK,MEDIUM,PASSIVE,0,1,1
2025-03-05 10:14:30.492,5389.181157691948,304.5196362777166,46.206078176360585,-3.5938349047422826,15.68763820293799,0.20810953002090238,1.4120328091757066,0.8020363637057736,47.61707985002147,897.2901292538461,READY,17.455794449922603,True,87.0455323412644,0,8,95.08052468963264,CHECK,MEDIUM,PASSIVE,0,1,1
2025-03-05 10:14:30.528,5408.716552646255,303.1475586357522,46.4045816441391,-3.3567611246580786,15.582448136080842,0.22315259608374155,1.5048110693050964,0.8105985659569399,47.60202439305291,946.3208166204797,READY,17.55710297933737,True,87.18927324846939,0,8,94.58548887716158,CHECK,MEDIUM,PASSIVE,0,1,1
2025-03-05 10:14:30.560,5397.737936694307,301.8147382159465,46.50806440911588,-3.64973789415085,15.087543317039936,0.2686460051614376,1.5593883094798844,0.8008239537920417,47.55555051316567,980.9319358787773,READY,17.56050672599178,True,87.01296966262406,0,8,94.97110544884467,CHECK,MEDIUM,PASSIVE,0,1,1
2025-03-05 10:14:30.596,5409.40233422993,303.00748833151306,46.10747285068682,-3.793139732073631,15.345125000892931,0.22059301639490708,1.5525950754352058,0.8048279996704187,47.523793626936424,1001.5018989499318,READY,17.404095561856096,True,87.05615647922755,0,8,95.43407795034975,CHECK,MEDIUM,PASSIVE,0,1,1
2025-03-05 10:14:30.634,5403.34494309943,304.3324520005884,46.1335212821881,-3.834034474575059,14.85827870485696,0.26486447964311555,1.4823812921209831,0.8032983223310853,47.50331046781318,991.495078488492,READY,17.460281211892106,True,87.23568181923737,0,8,95.90620276194834,CHECK,MEDIUM,PASSIVE,0,1,1
2025-03-05 10:14:30.659,5401.2267377049675,302.7084926082844,45.91966475600042,-3.6536206414441996,14.688663303618666,0.24743055532358654,1.385030854662524,0.7971269473748337,47.45423823155267,1021.9658859894598,READY,17.390245281174202,True,87.17313593831452,0,8,96.23842968814083,CHECK,MEDIUM,PASSIVE,0,1,1
2025-03-05 10:14:30.691,5419.349074450991,302.10722748198305,45.455788000375925,-3.4545789284105455,14.629094026609671,0.20324886871197712,1.4564630441170083,0.7961055999178673,47.41713679536539,1024.0410603483538,READY,17.395412588789007,True,87.17703215619726,0,8,95.99072237309502,CHECK,MEDIUM,PASSIVE,0,1,1
2025-03-05 10:14:30.740,5433.572871081383,303.95214712710805,45.030415509848076,-3.5418203614766375,14.906755121445293,0.23291546090150958,1.538225324237509,0.8042610194426896,47.39432724267828,1061.0130501509766,READY,17.40765514369033,True,87.30729641239462,0,8,95.57279673540948,CHECK,MEDIUM,PASSIVE,0,1,1
2025-03-05 10:14:30.764,5416.859645053927,305.0463728531222,44.91273197393582,-3.574275017070067,15.268031515829847,0.2642123827991754,1.4465164349694688,0.8125699286682817,47.350227888539926,1052.6277652337608,READY,17.38442863025792,True,87.47110591307505,0,8,95.6486241085365,CHECK,MEDIUM,PASSIVE,0,1,1
2025-03-05 10:14:30.793,5416.898485922981,303.8450602365416,45.28052298127591,-3.347969789464337,14.841068937683243,0.2173092298956951,1.5345890317162578,0.8205432834595658,47.328634679870675,1034.8140958467345,READY,17.298523147960022,True,87.49457582523394,0,8,95.61190424397229,CHECK,MEDIUM,PASSIVE,0,1,1
2025-03-05 10:14:30.830,5421.088510558307,302.45761870754575,45.04569301600154,-3.5615504139017844,14.670600307018793,0.2075239052452415,1.5347990797444335,0.8134628420249999,47.28325464637969,991.222338927476,READY,17.298523147960022,False,87.5729774738142,0,8,95.90832655268729,CHECK,MEDIUM,PASSIVE,0,1,1
2025-03-05 10:14:30.861,5419.944243843579,301.1993837741635,45.51305424907237,-3.7891515710370873,14.416373203913647,0.16747179677582427,1.5350634817311122,0.8132866648173877,47.27251148005064,1021.6486391407741,READY,17.298523147960022,False,87.62997516167951,0,8,95.92305879599427,CHECK,MEDIUM,PASSIVE,0,1,1
2025-03-05 10:14:30.894,5404.392540564453,300.62800433475655,45.38963124571358,-3.921679639384277,14.210646937121211,0.16447813639462863,1.5558492916758375,0.8129894284317758,47.24911896276063,977.9404502038154,READY,17.298523147960022,False,87.8074486129111,0,8,96.09083710460874,CHECK,MEDIUM,PASSIVE,0,1,1
2025-03-05 10:14:30.926,5409.622300550438,299.2772024326505,45.08943329378733,-3.9172835669377,14.650778328366329,0.13998999017366195,1.5546134251445083,0.8171290995985265,47.21275693873069,985.7005692424009,READY,17.298523147960022,False,87.74107594708657,0,8,95.8252227322924,CHECK,MEDIUM,PASSIVE,0,1,1
2025-03-05 10:14:30.962,5396.226781736499,299.98057055606967,45.02800370478664,-3.7749888850756292,14.560760641078385,0.1,1.6132922428211682,0.817923687165288,47.19603667568334,999.2980777884034,READY,17.298523147960022,False,87.89658775553897,0,8,96.05772832851326,CHECK,MEDIUM,PASSIVE,0,1,1
2025-03-05 10:14:31.004,5411.738350309262,299.854795201459,44.68502472467617,-4.01574074301766,14.880391812762293,0.10049553504583995,1.5562682914884958,0.8156177332895219,47.181642480016784,1002.1111103324708,READY,17.298523147960022,False,87.71959831296941,0,8,96.50279170949288,CHECK,MEDIUM,PASSIVE,0,1,1
2025-03-05 10:14:31.036,5405.381001610226,298.16228814897937,44.76835442881878,-4.073231617925022,14.433538993349913,0.11327371869662463,1.6209596941798186,0.8215782854595489,47.16469295207132,970.997994388413,READY,17.298523147960022,False,87.54061732057097,0,8,96.26480689544842,CHECK,MEDIUM,PASSIVE,0,1,1
2025-03-05 10:14:31.061,5397.433445119593,297.9863376044832,45.17340377439253,-3.935400530822748,14.78500233438488,0.1327887685224866,1.5598856178607323,0.8133954769459616,47.121962914906206,993.2357377347636,READY,17.298523147960022,False,87.60349451129423,0,8,96.59998171371652,CHECK,MEDIUM,PASSIVE,0,1,1
2025-03-05 10:14:31.097,5391.891965214629,297.0974357175374,45.37835258275773,-3.9106865099229915,14.734293108731038,0.17633791729571527,1.5350472781813096,0.8194435665851102,47.092698446703956,957.0695364101241,READY,17.298523147960022,False,87.64068498110775,0,8,97.03694400294518,CHECK,MEDIUM,PASSIVE,0,1,1
2025-03-05 10:14:31.129,5398.061811698469,296.9053042910863,45.165727539737404,-4.10941772575086,14.277021596349256,0.2096400240163636,1.5419900288192319,0.8103514030059598,47.06243976925948,949.7740097080485,READY,17.298523147960022,False,87.46258503946419,0,8,97.18430604680077,CAUTION,MEDIUM,PASSIVE,0,1,1
2025-03-05 10:14:31.161,5402.66602046406,295.1938293505169,45.07382388054734,-4.246132069054864,13.838539221949596,0.1725375149332508,1.590687299610078,0.8199430456160064,47.01440817003888,926.0995714350172,READY,17.298523147960022,False,87.3625786962396,0,8,96.78311992642728,CAUTION,MEDIUM,PASSIVE,0,1,1
2025-03-05 10:14:31.197,5410.83839227447,296.276814859728,45.044999497983795,-4.4623278467499645,14.033094945370156,0.18146706635880383,1.6379804544325716,0.8174444051886861,47.00073952038524,933.0992692458991,READY,17.298523147960022,False,87.2830336867909,0,8,96.98711946118279,CAUTION,MEDIUM,PASSIVE,2,1,1
2025-03-05 10:14:31.229,5414.590283869937,295.60336938406857,45.15215298240173,-4.294850925183196,14.03280341596342,0.21844532549267331,1.7257165676469046,0.8211993011413244,46.980865097597444,951.7952357321068,READY,17.298523147960022,False,87.20329717386062,0,8,96.87457184004003,CAUTION,MEDIUM,PASSIVE,2,1,1
2025-03-05 10:14:31.261,5415.338236343769,294.34181251874213,45.21456295824665,-4.541708194778726,13.752280899619226,0.18898462835279867,1.7013023912580505,0.8229789993909966,46.93828604926723,994.6988079434957,READY,17.298523147960022,False,87.07550544863963,0,8,97.31951522208449,CAUTION,MEDIUM,PASSIVE,2,1,1
2025-03-05 10:14:31.298,5408.054292812638,293.3519078261366,44.8704134199157,-4.276541467645474,14.249991718050381,0.20509089669679345,1.6217741305574258,0.8187998269275444,46.91644175123554,1039.6336782176209,READY,17.298523147960022,False,87.02097108007632,0,8,97.19756538093965,CAUTION,MEDIUM,PASSIVE,2,1,1
2025-03-05 10:14:31.331,5416.139572132639,293.60032766374536,44.99924939578848,-4.3168492138320165,13.815252185263134,0.1794235884748538,1.6458959549510361,0.8147309534104141,46.88400673533179,1053.367344921908,READY,17.298523147960022,False,87.14533720676154,0,8,97.48607802395922,CAUTION,MEDIUM,PASSIVE,2,1,1
2025-03-05 10:14:31.358,5399.406964973138,294.7197300000089,44.67243285471332,-4.2179076444312384,13.82284177160015,0.20089605295630042,1.6722582021964807,0.8186917616302588,46.84565759644736,1040.75954223165,READY,17.298523147960022,False,87.12907494783857,0,8,97.70091743212649,CAUTION,MEDIUM,PASSIVE,2,1,1
2025-03-05 10:14:31.396,5388.681523725378,294.00670254185815,44.877154057215606,-4.113476787173617,13.365676229515358,0.205995704955438,1.6344526497992686,0.8260630639062668,46.831823214847155,1019.2910907682443,READY,17.298523147960022,False,87.25404808824017,0,8,97.40216890267656,CAUTION,MEDIUM,PASSIVE,2,1,1
2025-03-05 10:14:31.426,5375.560653777186,293.04393155567004,44.6621933329971,-4.244671062362813,12.986165942726087,0.21684365113093454,1.6577522990014322,0.8336827669113076,46.8041831176602,1064.7343844704997,READY,17.298523147960022,False,87.20399230190756,0,8,97.19158028422402,CAUTION,MEDIUM,PASSIVE,2,1,1
2025-03-05 10:14:31.458,5375.493419854467,293.7126988448145,44.30633661978294,-3.9499369416990286,13.25092336757775,0.1897333138409722,1.6425768768042754,0.8431721930139852,46.78110998333164,1090.3426004058722,READY,17.298523147960022,False,87.16091565920829,0,8,97.40989631724061,CAUTION,MEDIUM,PASSIVE,2,1,1
2025-03-05 10:14:31.495,5386.777651973783,291.9185825671159,43.994826073306456,-3.9066696786901645,12.888500249395296,0.15374728067323373,1.577134228244211,0.8511131755623966,46.76720543910217,1093.8608838218584,READY,17.298523147960022,False,87.14871676637014,0,8,97.26941971979217,CAUTION,MEDIUM,PASSIVE,2,2,1
2025-03-05 10:14:31.533,5401.232977236075,291.26142408079227,44.35738371835793,-3.7037667295969188,12.752048074732222,0.12725251569922852,1.4854536374573426,0.8588412275899094,46.719741736641616,1124.5969729891292,READY,17.298523147960022,False,87.06903028352251,0,8,97.2597028500811,CAUTION,MEDIUM,PASSIVE,2,2,1
2025-03-05 10:14:31.563,5409.595651923192,293.22181882397126,44.15892993419181,-3.6899521724635984,12.97692153874663,0.1,1.5412873895945034,0.8502855383565727,46.678063051122734,1075.5856536376946,READY,17.298523147960022,False,86.98652103482542,0,8,97.72601191176382,CAUTION,MEDIUM,PASSIVE,2,2,1
2025-03-05 10:14:31.600,5407.850025527956,291.71803087078393,43.91023645402752,-3.451480976685617,13.073412541858616,0.14942887908809707,1.626016277561374,0.8502047664677727,46.63969434422382,1055.0085888352564,READY,17.298523147960022,False,86.93679806650327,0,8,97.81115808860994,CAUTION,MEDIUM,PASSIVE,2,2,1
2025-03-05 10:14:31.631,5416.169333397198,291.5183240787749,44.231324898027914,-3.712414818408097,13.56310895605991,0.11562235383156785,1.5342111330761743,0.8451448097026574,46.61949106794992,1015.5121645368422,READY,17.298523147960022,False,86.84855879618944,0,8,98.13327019909049,CAUTION,MEDIUM,PASSIVE,2,2,1
2025-03-05 10:14:31.664,5401.904744326596,291.5479104231136,43.8782312987142,-3.64909974092202,14.041613898053923,0.1,1.4565749231099463,0.8467404845261342,46.590217400794536,971.5625604372585,READY,17.298523147960022,False,86.94696924805999,0,8,98.5337543113615,CAUTION,MEDIUM,PASSIVE,2,2,1
2025-03-05 10:14:31.701,5386.320178868573,292.4774815367093,43.55237077787184,-3.913414497849177,14.200534562546014,0.11456486536794892,1.4355856813516374,0.8506232933883688,46.55682303831051,1001.5955769091145,READY,17.298523147960022,False,87.14325069634835,0,8,99.02093948193712,CAUTION,MEDIUM,PASSIVE,2,2,1
2025-03-05 10:14:31.732,5367.066734065507,291.53163947072585,43.95330174209183,-3.889191080791198,14.624407271095484,0.10861587838851705,1.409982580395922,0.858889519775088,46.52438304779438,1005.8293951349885,READY,17.298523147960022,False,87.06599402829748,0,8,99.19485724100008,CAUTION,MEDIUM,PASSIVE,2,2,1
2025-03-05 10:14:31.759,5351.676297365418,289.6543071966957,44.097360701535514,-4.141017082760102,14.667798359022992,0.12676806933268286,1.3181073318553682,0.8683725032056875,46.496841850595935,1017.1439018182211,READY,17.298523147960022,False,87.09258648210819,0,8,99.25592307612368,CAUTION,MEDIUM,PASSIVE,2,2,0
2025-03-05 10:14:31.793,5343.878173657525,289.24772585650055,43.731292814876014,-4.104693887024261,14.202485546654898,0.14271317220631735,1.2277333442255483,0.8628885079774805,46.448254600923086,1052.4358686618134,READY,17.298523147960022,False,86.96706656110912,0,8,99.0977953531144,CAUTION,MEDIUM,PASSIVE,2,2,0
2025-03-05 10:14:31.826,5328.8519299245045,288.0023463668375,43.51764287376755,-3.882665401114802,13.993101939148058,0.1313379039313481,1.3056081174589718,0.8654538980353955,46.42816966135304,1086.2824494873853,READY,17.298523147960022,False,87.15054219361852,0,8,98.98570474433323,CAUTION,MEDIUM,PASSIVE,2,2,0
2025-03-05 10:14:31.862,5325.189534929182,289.38638354673526,43.358793153788746,-3.763041754043655,14.35151094430226,0.13808856957557583,1.3395226846816062,0.8604977754033301,46.38766924429906,1132.4822355459553,READY,17.298523147960022,False,87.21310303480992,0,8,98.50414459911822,CAUTION,MEDIUM,PASSIVE,2,2,0
2025-03-05 10:14:31.906,5307.773554293172,287.9270603559182,43.2604778390271,-3.6117789501791497,14.006494190874058,0.1,1.2720343276927073,0.8624919484914764,46.34685619115689,1091.0178510225103,READY,17.298523147960022,False,87.22511459761364,0,8,98.47508933946382,CAUTION,MEDIUM,PASSIVE,2,2,0
2025-03-05 10:14:31.937,5325.673032829197,286.85320327809626,43.62936162200092,-3.5708019215554834,13.511411690476404,0.13568621393009347,1.268743479562469,0.8649255846823642,46.3124336701812,1106.3959715940687,READY,17.298523147960022,False,87.28086203360981,0,8,98.60776524577997,CAUTION,MEDIUM,PASSIVE,2,2,0
2025-03-05 10:14:31.965,5322.291628752508,286.24231294746994,43.211497878760824,-3.559615180158484,13.201396296149866,0.10745802431032786,1.2942297040923068,0.8586806276379445,46.271990918762164,1084.923410168841,READY,17.298523147960022,False,87.2558095520891,0,8,98.70183966284505,CAUTION,MEDIUM,PASSIVE,2,2,0
2025-03-05 10:14:31.997,5304.24192454682,287.57977496258644,43.010280298275276,-3.4933721457830296,13.25397116345307,0.1,1.356702945355482,0.861977050892173,46.25563890158327,1113.7525335030828,READY,17.298523147960022,False,87.11303864030819,0,8,98.7542138039559,CAUTION,MEDIUM,PASSIVE,2,2,0
2025-03-05 10:14:32.030,5315.284094644238,286.04370245806274,42.71120515560313,-3.740014882026122,13.56844781111754,0.13264573797161117,1.2867665890845335,0.8571826317357537,46.24434780499015,1134.1724862394083,READY,17.298523147960022,False,87.06608583399385,0,8,98.77938639602428,CAUTION,MEDIUM,PASSIVE,2,2,0
2025-03-05 10:14:32.061,5323.067593506979,284.58518279133443,42.96220960102114,-4.0366188175185815,13.972632962484171,0.12375964523681612,1.2384085357681989,0.860396428338687,46.221104313064764,1093.35316154461,READY,17.298523147960022,False,86.96084838176493,0,8,99.11351215364853,CAUTION,MEDIUM,PASSIVE,2,2,0
2025-03-05 10:14:32.096,5307.492824838814,284.28414036044484,42.689812102776585,-4.03181078487064,13.795628947657677,0.1406308792116188,1.2053999294755553,0.8636810899792364,46.19991448567104,1046.7661485205972,READY,17.298523147960022,False,87.08767062973604,0,8,98.81475154170013,CAUTION,MEDIUM,PASSIVE,2,2,0
2025-03-05 10:14:32.126,5290.185692108307,283.16873263985246,42.42173186980446,-4.043230436656099,13.752430770282322,0.1875461039736397,1.1545174376982676,0.866913512894507,46.18537781723811,1054.2834289421423,READY,17.298523147960022,False,87.14754233251165,0,8,99.13232075506752,CAUTION,MEDIUM,PASSIVE,2,2,0
2025-03-05 10:14:32.172,5302.852652600938,282.1265956189813,42.82325506132181,-3.7673675183840514,14.082401711405943,0.21011342400277178,1.1063693637358019,0.870531216039719,46.156671296909956,1022.1408301912638,READY,17.298523147960022,False,87.04490463919899,0,8,98.86686596182075,CAUTION,MEDIUM,PASSIVE,2,2,0
2025-03-05 10:14:32.200,5286.097147989618,280.25861732724144,42.567898589753774,-3.873883662250582,14.572507965083329,0.21115480845961188,1.131536042386805,0.8643769843902757,46.122105796710514,993.8135550497589,READY,17.298523147960022,False,87.2230017796885,0,8,98.92920840956143,CAUTION,MEDIUM,PASSIVE,2,2,0
2025-03-05 10:14:32.233,5274.281448376926,279.23398629541174,42.578975123310535,-4.17049259236372,15.050566598191795,0.17042611214654746,1.2072567812740207,0.8642259771083124,46.090643604234614,981.9720227124978,READY,17.298523147960022,False,87.22689383174,0,8,99.0288131153289,CAUTION,MEDIUM,PASSIVE,2,2,0
2025-03-05 10:14:32.262,5271.842983539537,279.767435092167,42.6764908244376,-3.9944530917345866,15.446018663529754,0.1986777403079774,1.1740133153113164,0.8564614959134068,46.06952162025459,978.4575469057991,READY,17.298523147960022,False,87.32064870546483,0,8,99.23254629693312,CAUTION,MEDIUM,PASSIVE,2,2,0
2025-03-05 10:14:32.298,5291.167067011217,280.61830998059537,42.96189253004196,-3.8336875600517324,15.507501084720015,0.18911777444057482,1.252047959908627,0.8653998172903669,46.057175970075534,989.7185407998548,READY,17.298523147960022,False,87.35292467242449,0,8,99.44690440915848,CAUTION,MEDIUM,PASSIVE,2,2,0
2025-03-05 10:14:32.329,5290.3138687541705,281.55316629108574,43.185926577491664,-3.6726786454020424,15.85511871236676,0.2081292824228856,1.1867920608650318,0.8722894042739364,46.023862713862115,966.8261975849791,READY,17.298523147960022,False,87.3956303609767,0,8,99.6168659614554,CAUTION,MEDIUM,PASSIVE,2,2,0
2025-03-05 10:14:32.362,5298.928925928876,282.80373769760024,43.51269394797763,-3.5095550781992078,15.764432365535152,0.18039311630254243,1.2756088075251948,0.871859931170647,45.9767471019323,995.4036741394626,READY,17.298523147960022,False,87.20118755256007,0,8,99.13431945949816,CAUTION,MEDIUM,PASSIVE,2,2,0
2025-03-05 10:14:32.397,5312.501573523344,282.1683890852202,43.46328228611782,-3.5979703158189427,15.446874095242784,0.20432483444424077,1.2706364172879723,0.8625333365477156,45.948508041838295,1016.4055306146238,READY,17.298523147960022,False,87.27224824007149,0,8,99.00767124550644,CAUTION,MEDIUM,PASSIVE,2,2,0
2025-03-05 10:14:32.425,5303.838286389417,281.2131817321167,43.55768103537656,-3.8701168289316588,15.786844605499004,0.1952228355968161,1.2420784490724097,0.8646792722933774,45.91128538036917,1026.285686223381,READY,17.298523147960022,False,87.30293789855679,0,8,99.4943635228136,CAUTION,MEDIUM,PASSIVE,2,2,0
2025-03-05 10:14:32.458,5313.607104462485,283.1569995382085,43.69131070254204,-3.859799957516924,15.412931172946621,0.23249292170631203,1.2536748653427465,0.8566916964120449,45.86784269653604,1032.7656981954988,READY,17.298523147960022,False,87.13608364932021,0,8,99.76430619639248,CAUTION,MEDIUM,PASSIVE,2,2,0
2025-03-05 10:14:32.495,5307.183775932856,284.0630302068365,43.334640717353025,-3.8636553368995186,15.344096411835995,0.1924441659282553,1.1905309387288932,0.8487929627256385,45.85647926364408,1055.994469305543,READY,17.298523147960022,False,87.13410514938148,0,8,99.76042849362756,CAUTION,MEDIUM,PASSIVE,2,2,0
2025-03-05 10:14:32.527,5307.006544086499,282.67487588669087,43.79134547715979,-4.111610806919086,15.399271830468415,0.1867639435171804,1.269648666059641,0.845503805745051,45.81405989176286,1032.1371347218897,READY,17.298523147960022,False,87.2447361442654,0,8,100,CAUTION,MEDIUM,PASSIVE,2,2,0
2025-03-05 10:14:32.559,5288.329238981259,280.9970582327452,43.327208295564915,-4.358184708861295,15.441152196925392,0.19937466667699347,1.336248131012233,0.8530405817798121,45.782076579689566,1018.5541164081445,READY,17.298523147960022,False,87.18095355864737,0,8,100,CAUTION,MEDIUM,PASSIVE,2,2,0
2025-03-05 10:14:32.593,5274.227065318069,280.2731157721148,43.38780846509234,-4.326794530837932,15.81177690449762,0.23676988620620365,1.377436821762357,0.8530698333753844,45.74609635653142,1057.4101320459351,READY,17.298523147960022,False,87.22124553360348,0,8,99.69365596388977,CAUTION,MEDIUM,PASSIVE,2,2,0
2025-03-05 10:14:32.625,5270.269105265329,278.4924936174325,43.13182535932877,-4.323539527959525,16.023201740075407,0.2142956306847655,1.457416266780859,0.8520586296811479,45.71442084176513,1095.767785025364,READY,17.298523147960022,False,87.25362333850535,0,8,99.88694660153503,CAUTION,MEDIUM,PASSIVE,2,2,0
2025-03-05 10:14:32.657,5272.408200601773,279.81871807571713,43.07164596442148,-4.3506196618844175,16.06825142370157,0.23741702203298098,1.539448120034648,0.8438146067430466,45.69320589560468,1056.1129091532193,READY,17.298523147960022,False,87.12996125774306,0,8,99.38705693725434,CAUTION,MEDIUM,PASSIVE,2,2,0
2025-03-05 10:14:32.694,5257.921271258126,280.6685703130724,43.4269683157118,-4.428715674802086,15.75461343600824,0.2849439228510534,1.502119182782046,0.8361310269154811,45.67804209283706,1080.4621314554738,READY,17.298523147960022,False,87.13229305540301,0,8,99.61425323106505,CAUTION,MEDIUM,PASSIVE,2,2,0
2025-03-05 10:14:32.726,5245.35121848212,278.9810845634876,43.33433884314209,-4.398205561172119,16.087401867555215,0.29630379184632355,1.4136306611857616,0.8376824348390107,45.65717267222765,1092.6759876372616,READY,17.298523147960022,False,86.94584109320562,0,8,99.35814763620515,CAUTION,MEDIUM,PASSIVE,2,2,0
2025-03-05 10:14:32.759,5251.960947450143,278.9674484918839,43.475216989225906,-4.6847016083655735,16.20399843668364,0.28311255794882917,1.4788110208947942,0.828856394605874,45.63979080749771,1107.1371248796945,READY,17.298523147960022,False,87.0849618206146,0,7,99.52161288093005,CAUTION,MEDIUM,PASSIVE,2,2,0
2025-03-05 10:14:32.794,5241.832431420683,278.1116530549871,43.81050454638901,-4.5847316218721454,15.986126398570505,0.2899015785135048,1.5602598682871702,0.8200227731473322,45.60249296389646,1095.0072549200186,READY,17.298523147960022,False,87.16504169060362,0,6,99.93281274338278,CAUTION,MEDIUM,PASSIVE,2,2,0
2025-03-05 10:14:32.829,5257.1258301477255,276.79056347104824,44.09150015699571,-4.420947000043414,15.702210863818628,0.28867209179279896,1.637810517717989,0.8152415761421266,45.58375224586949,1128.9487823965449,READY,17.298523147960022,False,87.13865347495634,0,6,100,CAUTION,MEDIUM,PASSIVE,2,2,0
2025-03-05 10:14:32.874,5239.906045899326,275.5934356628098,44.018224748936326,-4.41918466618448,15.550332383141019,0.3159041583900358,1.7348182613870975,0.819426252140988,45.5550344161292,1132.3735991087472,READY,17.298523147960022,False,87.21515063929021,0,6,99.89785265640525,CAUTION,MEDIUM,PASSIVE,2,2,0
2025-03-05 10:14:32.905,5223.963955634525,275.23856880609645,44.36965119896143,-4.62533971393771,15.756919123713804,0.35046398431410364,1.665508412423514,0.8227465631812017,45.51106353801365,1091.0612219254147,READY,17.298523147960022,False,87.25480669495505,0,6,100,CAUTION,MEDIUM,PASSIVE,2,2,0
2025-03-05 10:14:32.930,5209.801861244554,274.26959099842503,44.07933883778134,-4.403388057337674,15.465118195111282,0.3461358852341175,1.733835546712761,0.8230081242406241,45.47505444337508,1077.8534264452142,READY,17.298523147960022,False,87.06684985901609,0,6,100,CAUTION,MEDIUM,PASSIVE,2,2,0
2025-03-05 10:14:32.966,5196.03155566679,275.0966866266736,43.99307934154321,-4.682862667191813,14.975324832120652,0.3038439384747136,1.759690161451145,0.8168289569104453,45.43409509162175,1028.4099916027978,READY,17.298523147960022,False,87.16192529287193,0,6,100,CAUTION,MEDIUM,PASSIVE,2,2,0
2025-03-05 10:14:32.996,5214.271385522284,276.1569341476971,43.71347670113897,-4.939411278723676,14.957986416420333,0.3307913355397169,1.7714369542324386,0.8108844110625488,45.404601384429405,982.1132107528357,READY,17.298523147960022,False,87.23982869321509,0,6,100,CAUTION,MEDIUM,PASSIVE,2,2,0
2025-03-05 10:14:33.029,5217.164474899736,275.42189229223374,43.33575363529227,-5.202504912535083,15.334212007524942,0.3340397113259167,1.8256752984849824,0.8193173879379347,45.360913540669934,972.7597937763351,READY,17.298523147960022,False,87.18288348322169,0,6,99.65887836740916,CAUTION,MEDIUM,PASSIVE,2,2,0
2025-03-05 10:14:33.067,5221.533996327472,276.6641803991416,43.18608892366185,-5.269398850024948,15.80097447040585,0.3060880197180269,1.9232885422955148,0.8115271164891381,45.32902700635932,995.9627875484364,READY,17.298523147960022,False,87.08188316815198,0,6,99.45985253553464,CAUTION,MEDIUM,PASSIVE,2,0,0
2025-03-05 10:14:33.099,5234.128410157775,275.7414066235927,43.27422413458053,-5.278619659060507,15.378675013441088,0.3470907979287067,1.8307756030659363,0.8211718983393969,45.2964201458576,990.0388612087585,READY,17.298523147960022,False,87.11287691802887,0,6,99.95224934119499,CAUTION,MEDIUM,PASSIVE,2,0,0
2025-03-05 10:14:33.131,5240.782767344949,276.25408052663175,43.15680325329989,-5.053000063865216,15.752176108822676,0.3650057562902052,1.866348769646719,0.8179292898368584,45.282143312199324,964.358402291038,READY,17.298523147960022,False,87.0792836038229,0,6,100,CAUTION,MEDIUM,PASSIVE,2,0,0
2025-03-05 10:14:33.175,5258.075745474696,274.92118360174175,43.090588486188096,-5.031452892845019,15.642060970846567,0.3154052715987212,1.8026902970622591,0.8123639221942385,45.26245049552332,993.5718330687937,READY,17.298523147960022,False,87.10331703787973,0,6,100,CAUTION,MEDIUM,PASSIVE,2,0,0
2025-03-05 10:14:33.200,5277.569346985829,273.9680591323221,43.22879322067209,-4.944246002508014,16.082848413050826,0.3442121265190611,1.7113926166315083,0.8127498670886356,45.24491338455859,1020.5546426104873,READY,17.298523147960022,False,87.18058899291225,0,6,100,CAUTION,MEDIUM,PASSIVE,2,0,0
2025-03-05 10:14:33.229,5295.839691100444,273.6743352877534,42.753136422487344,-4.95522608461538,16.531548137733353,0.37905811549065216,1.6627625982083158,0.8204883737198223,45.21870873008053,985.1587680234245,READY,17.298523147960022,False,87.2828077893208,0,6,99.71821313378803,CAUTION,MEDIUM,PASSIVE,2,0,0
2025-03-05 10:14:33.265,5282.308462814594,273.87475458789106,43.18506587971573,-4.992141211191557,16.889304746308863,0.42053927406920777,1.6093435309515685,0.8260900572241558,45.17476884907112,1030.954338306795,READY,17.298523147960022,False,87.09827071359057,0,6,100,CAUTION,MEDIUM,PASSIVE,2,0,0
2025-03-05 10:14:33.299,5295.403530085668,272.0150568750931,43.266914996947776,-4.864501025252649,16.39877684079659,0.4463403053742854,1.526041143191733,0.823557001582161,45.145112496622275,1063.7345540934011,READY,17.298523147960022,False,86.91916513713706,0,6,99.86065269737223,CAUTION,MEDIUM,PASSIVE,2,0,0
2025-03-05 10:14:33.332,5296.847064441749,270.23824681063326,43.024668809365515,-4.8354738350143025,16.36047128519728,0.47546609588864935,1.4908560677829372,0.828796514031636,45.127414367737174,1075.9792335601887,READY,17.298523147960022,False,87.00907235628179,0,6,99.51693724879395,CAUTION,MEDIUM,PASSIVE,2,0,0
2025-03-05 10:14:33.367,5280.970927670728,269.63919761625255,43.40076657097913,-4.957150920257948,16.501693227491405,0.44154024246809326,1.4439145062304084,0.8345361511356508,45.110566396751885,1082.1443424619133,READY,17.298523147960022,False,87.15555426014298,0,6,99.40652455128809,CAUTION,MEDIUM,PASSIVE,2,2,0
2025-03-05 10:14:33.400,5264.249902885136,267.89132560441203,43.304970142056426,-4.929710730477297,16.080589425820886,0.48398033920523004,1.4237826276501329,0.8336925453255599,45.099901665991766,1055.3803480942538,READY,17.298523147960022,False,87.22171797537153,0,6,99.24723828247011,CAUTION,MEDIUM,PASSIVE,2,2,0
2025-03-05 10:14:33.432,5273.172140804545,268.3115143025516,42.973691664542436,-5.06624443360723,16.077133564680885,0.4967088282282295,1.4199387113373734,0.8289346519349576,45.06299091794017,1104.6970055956642,READY,17.298523147960022,False,87.08752751295457,0,6,99.22228555928776,CAUTION,MEDIUM,PASSIVE,2,2,0
2025-03-05 10:14:33.470,5273.722681660947,269.07765863595756,43.008212743534564,-5.20987536738084,15.738959609805043,0.538070275003413,1.3772489456497197,0.8200693802456833,45.033282084554195,1139.9068927615597,READY,17.298523147960022,False,87.10260624149555,0,6,98.82041236159871,CAUTION,MEDIUM,PASSIVE,2,2,0
2025-03-05 10:14:33.494,5256.148130230313,267.2996767474318,42.8415906303784,-5.378346832450752,16.15159722000786,0.5164044454938362,1.2922748961635477,0.8219797599916163,44.983452266539615,1152.638617875821,READY,17.298523147960022,False,87.11123281860418,0,6,98.71353664369467,CAUTION,MEDIUM,PASSIVE,2,2,0
2025-03-05 10:14:33.527,5254.926213520421,267.7369356154905,43.04777482020641,-5.087175647790563,16.075876912244812,0.5065195158680333,1.1979429729194926,0.8125027587170995,44.94836008029926,1167.089726641226,READY,17.298523147960022,False,86.94179079148456,0,6,98.89273488999726,CAUTION,MEDIUM,PASSIVE,2,2,0
2025-03-05 10:14:33.563,5239.745245978399,265.80628976719726,42.88937255303653,-4.858975758065732,16.333437370825127,0.47932159511898714,1.170854856282046,0.8194877504775719,44.92970560309617,1163.8254188948065,READY,17.298523147960022,False,86.99332264393068,0,6,98.97007313355336,CAUTION,MEDIUM,PASSIVE,2,2,0
2025-03-05 10:14:33.594,5232.442169206976,265.6438189848526,42.53100818303559,-4.569041107009471,16.43465350604431,0.47494221987700336,1.2415571934434388,0.8108127424603975,44.91866535314647,1154.9073236271217,READY,17.298523147960022,False,86.91920850458204,0,6,98.66072508312617,CAUTION,MEDIUM,PASSIVE,2,2,0
2025-03-05 10:14:33.627,5217.862287023651,264.1818407944198,42.79317808152578,-4.623189168484406,16.008618022804278,0.47088457971448056,1.3331349168484674,0.8187895042453557,44.8767576551895,1197.6460976852213,READY,17.298523147960022,False,87.11677367603065,0,6,98.47544451802055,CAUTION,MEDIUM,PASSIVE,2,2,0
2025-03-05 10:14:33.668,5209.164983127734,264.84695872305264,42.62078311552708,-4.533750286013193,15.560200042518442,0.448901747610302,1.4326963475667487,0.8237334922135956,44.84192444745608,1207.1785287102875,READY,17.298523147960022,False,86.93173233792857,0,6,98.5530662847807,CAUTION,MEDIUM,PASSIVE,2,2,0
2025-03-05 10:14:33.700,5191.537488030502,265.70563010934217,42.76267580068703,-4.2463686537363925,15.574118259301233,0.4305285456580289,1.5026804706258687,0.8214397413689248,44.818449306308885,1177.0014001073368,READY,17.298523147960022,False,86.79184612656165,0,6,98.71932755974478,CAUTION,HIGH,PASSIVE,2,2,0
2025-03-05 10:14:33.733,5194.052014335836,263.960583231911,43.07983462418807,-4.507947975258902,16.038485220766937,0.41294851863968624,1.5168838675286527,0.8131239404823235,44.77168024255414,1130.6102913688594,READY,17.298523147960022,False,86.6526562427193,0,6,98.4638012734118,CAUTION,HIGH,PASSIVE,2,2,0
2025-03-05 10:14:33.768,5202.630626527794,264.9434193565588,43.146338159439814,-4.763850913743922,15.911408207800923,0.38026584335547664,1.5251901048504688,0.8099051172307298,44.73167035084653,1180.172747579235,READY,17.298523147960022,False,86.51840611380509,0,6,98.7976795366025,CAUTION,HIGH,PASSIVE,2,2,0
2025-03-05 10:14:33.800,5217.813216596782,263.489467488723,43.141309212875385,-4.631164837682461,16.26412461878771,0.35159116054664297,1.5922489912369606,0.8152506965107837,44.68544602064283,1198.4242402097414,READY,17.298523147960022,False,86.56220847610923,0,6,98.98143885849663,CAUTION,HIGH,PASSIVE,2,2,0
2025-03-05 10:14:33.833,5216.336963912562,265.239325511241,42.99623829487016,-4.922026821905361,16.600712513819733,0.38632276653017167,1.650768551401796,0.8057511926538611,44.6403592112771,1160.7804009892857,READY,17.298523147960022,False,86.6594714031097,0,6,99.3113820294271,CAUTION,HIGH,PASSIVE,2,2,0
2025-03-05 10:14:33.868,5225.600205962941,264.9362324385833,42.96028566930552,-4.838469814958037,16.31425103617015,0.3931567325428275,1.598491694663235,0.810310326942272,44.61669685172583,1167.3558064270533,READY,17.298523147960022,False,86.62663712839364,0,6,99.6527971925177,CAUTION,HIGH,PASSIVE,3,2,0
2025-03-05 10:14:33.906,5217.983454009665,265.7928418643558,42.713115284908405,-4.867079682109047,15.827312695611825,0.42581056588734884,1.5511760438708952,0.8171911492138281,44.58896101923774,1193.4227361744106,READY,17.298523147960022,False,86.4543433801159,0,6,99.87136641519592,CAUTION,HIGH,PASSIVE,3,2,0
2025-03-05 10:14:33.929,5220.838876795282,266.73638113562305,42.49032738473957,-4.696374951296822,16.132463515619985,0.4614760036270994,1.5229486601035913,0.807445633167725,44.54618664312959,1186.1726686114814,READY,17.298523147960022,False,86.37250192637983,0,6,100,CAUTION,HIGH,PASSIVE,3,2,0
2025-03-05 10:14:33.969,5239.0267253344455,266.4737983596738,42.933597818309416,-4.507338936524418,16.56322644663459,0.46025465795180914,1.5291131963176512,0.8152448956592333,44.534186836677186,1158.0874113500206,READY,17.298523147960022,False,86.42304661489389,0,6,99.59792866257692,CAUTION,HIGH,PASSIVE,3,2,0
2025-03-05 10:14:33.996,5235.6096952961225,267.27993804626954,43.121299584402124,-4.760224575719622,16.517629489729952,0.41186771590965976,1.5207908598897328,0.8144164702253884,44.492100453808355,1181.1397153116238,READY,17.298523147960022,False,86.26615779304022,0,6,99.39178037118069,CAUTION,HIGH,PASSIVE,3,2,0
2025-03-05 10:14:34.025,5250.516199253549,268.552575530645,43.46304958814349,-5.018036823350775,16.450519051210268,0.3622396999904407,1.4467204691752986,0.8086038987314005,44.44509880898966,1225.531654859924,READY,17.298523147960022,False,86.17312787561421,0,6,99.30931545573115,CAUTION,HIGH,PASSIVE,3,2,0
2025-03-05 10:14:34.062,5253.201838262579,269.1829630020297,43.57620127135933,-5.259620253585917,16.085243784018015,0.34922772739189784,1.4672730149613264,0.8014167291649307,44.4068738651302,1245.9565644695465,READY,17.298523147960022,False,86.10423642468308,0,6,98.91056571449042,CAUTION,HIGH,PASSIVE,3,2,0
2025-03-05 10:14:34.094,5247.567223861509,268.5659266265712,43.33415021662805,-5.321581314186141,16.157962176046254,0.3430684433986899,1.5503475995720277,0.8077926870789708,44.38379126339064,1208.61529251143,READY,17.298523147960022,False,86.2560336989187,0,6,98.88839212539405,CAUTION,HIGH,PASSIVE,3,2,0
2025-03-05 10:14:34.129,5229.424686772261,269.65239538253064,42.8562161417969,-5.123351217508683,16.093546931373375,0.3710426706326256,1.4984546481220535,0.8006989602635982,44.34598523071482,1221.197984287565,READY,17.298523147960022,False,86.33122250730234,0,6,98.78553779919459,CAUTION,HIGH,PASSIVE,3,2,0
2025-03-05 10:14:34.177,5211.226449894984,271.57766651765525,42.63205795846203,-5.2433706594979395,15.600087687256696,0.34926723802756326,1.403760229470742,0.8087885039439381,44.32577478483042,1247.7597907856284,READY,17.298523147960022,False,86.13826280922297,0,6,98.3106399003706,CAUTION,HIGH,PASSIVE,3,2,0
2025-03-05 10:14:34.196,5220.993237441345,269.9973460030312,42.58397823088636,-5.440344684091942,15.662926977154397,0.3661550166456405,1.421492418926336,0.8010211821591832,44.2940031565985,1208.5221860153433,READY,17.298523147960022,False,86.09540350677868,0,6,97.96344977101629,CAUTION,HIGH,PASSIVE,3,0,0
2025-03-05 10:14:34.228,5215.544404925847,270.5366098164259,42.17864889188924,-5.199783125533272,15.273141161475895,0.40375186286539033,1.464509931532453,0.7985283561234453,44.24873266115565,1190.9836701760476,READY,17.298523147960022,False,86.18907974428595,0,6,98.35425342918059,CAUTION,HIGH,PASSIVE,3,0,0
2025-03-05 10:14:34.264,5224.505984956,270.1583707474959,41.888803898862335,-5.248934850989371,14.902670644945722,0.44623932406202366,1.5277204988822124,0.7999218915595774,44.20251536704864,1151.8727415515723,READY,17.298523147960022,False,86.02472071467267,0,6,98.24061759413897,CAUTION,HIGH,PASSIVE,3,0,0
2025-03-05 10:14:34.298,5218.372388659129,270.183033071177,41.54586265234612,-5.451175316869523,14.81980489687543,0.48869367270960096,1.6157736127963507,0.8093479253912698,44.16449831494964,1109.000868473959,READY,17.298523147960022,False,85.88835370807104,0,6,97.92154724474618,CAUTION,HIGH,PASSIVE,3,0,0
2025-03-05 10:14:34.325,5217.849295184399,271.0971436288581,41.337415653495476,-5.466496153801115,15.26096779917919,0.45237159692410206,1.6667708623086583,0.8120310276945332,44.13127298521923,1082.9916683908677,READY,17.298523147960022,False,85.806885923664,0,6,98.28652604885933,CAUTION,HIGH,PASSIVE,3,0,0
2025-03-05 10:14:34.361,5205.530867275388,272.53977787528885,40.86519775780611,-5.727801340884713,15.43149475095601,0.42048520470204365,1.7073849239252048,0.8132626304561255,44.09769945451506,1122.9928533763402,READY,17.298523147960022,False,85.64042292283419,0,6,98.01846196303688,CAUTION,HIGH,PASSIVE,3,0,3
2025-03-05 10:14:34.407,5221.059470791183,272.1427282898803,41.3222845827962,-5.4795061075978175,15.696327519157386,0.41914166127844105,1.7572727182561956,0.8156706521969332,44.055558570598585,1106.92682955815,READY,17.298523147960022,False,85.5781501378998,0,6,98.25557114192951,CAUTION,HIGH,PASSIVE,3,0,3
2025-03-05 10:14:34.437,5223.101696666894,272.1434477134454,40.94855589641952,-5.747839430121965,15.969991184856065,0.4645134225538469,1.84766690556443,0.8156272922634024,44.016074162060455,1073.499356575263,READY,17.298523147960022,False,85.60599089712188,0,6,98.13296470405746,CAUTION,HIGH,PASSIVE,3,0,3
2025-03-05 10:14:34.477,5205.344193832496,270.8172985471331,40.794264773045754,-5.842899086801086,15.748248456345971,0.44403831553110656,1.8921924177648706,0.8109757855829841,43.976300153224635,1058.2701415328504,READY,17.298523147960022,False,85.71514876818324,0,6,98.31579355976739,CAUTION,HIGH,PASSIVE,3,0,3
2025-03-05 10:14:34.508,5210.439849752061,269.0460628761172,40.33077571360262,-6.040619079685209,16.2286369310067,0.43161242228910757,1.8758248305982996,0.8132676704287786,43.94165822179951,1098.1096410417613,READY,17.298523147960022,False,85.5776646290499,0,6,98.08069931346816,CAUTION,HIGH,PASSIVE,3,0,3
2025-03-05 10:14:34.543,5216.424127530537,267.49651797793524,40.126413025280556,-5.8092527475748685,15.780241023994035,0.4309274849096625,1.909319094697934,0.8172985979366416,43.90867881717777,1078.858666574232,READY,17.298523147960022,False,85.62019529508392,0,5,98.48162597039361,CAUTION,HIGH,PASSIVE,3,0,3
2025-03-05 10:14:34.575,5231.411356108083,266.111442331181,39.95182173261347,-5.6536072866240366,15.388697086551389,0.4590505583228707,1.8990317637605514,0.8272556988878645,43.88310087064114,1029.1268411955325,READY,17.298523147960022,False,85.62039682008174,0,4,98.95154077430979,CAUTION,HIGH,PASSIVE,3,0,3
2025-03-05 10:14:34.618,5243.867241500344,266.0748894557964,39.716737378252574,-5.4897726117247405,15.548601750309937,0.4371982612959041,1.9165791010463236,0.8321790794914743,43.865166966311264,1006.8935523811971,READY,17.298523147960022,False,85.64598035956486,0,4,98.7804658521234,CAUTION,HIGH,PASSIVE,3,0,3
2025-03-05 10:14:34.638,5253.74732789522,267.6731534291321,39.968174206642225,-5.48725032012657,15.979310041572875,0.4094067860982817,1.9694474271391573,0.8378058959698785,43.842187584946856,1022.7240025871143,READY,17.298523147960022,False,85.64116844865286,0,4,98.56915242780634,CAUTION,HIGH,PASSIVE,3,0,3
2025-03-05 10:14:34.675,5244.7385727655865,266.5680378762895,40.03579659340126,-5.516546605184994,15.690631759666207,0.3716715744722827,1.9943899642580092,0.8420881817722207,43.80453410140415,1048.9066654527462,READY,17.298523147960022,False,85.48946080737036,0,4,98.51839548245228,CAUTION,HIGH,PASSIVE,3,0,3
2025-03-05 10:14:34.711,5237.83725902308,267.9542430630605,40.22078111227075,-5.649528360052784,16.136039934046824,0.32661410098451826,1.9985343714891723,0.8337266626852293,43.78500458104967,1030.7078721178727,READY,17.298523147960022,False,85.55405959885196,0,4,98.83734022736175,CAUTION,HIGH,PASSIVE,3,0,3
2025-03-05 10:14:34.739,5244.416511681428,267.496993281158,40.48967414460001,-5.380537028521446,16.45416827934835,0.2831396407561539,1.8989787239101674,0.8249364691598876,43.769496604150966,1056.7104452107803,READY,17.298523147960022,False,85.6760342412282,0,4,99.08380329492441,CAUTION,HIGH,PASSIVE,3,0,3
2025-03-05 10:14:34.775,5261.459954311943,265.57465577386847,40.20069693016689,-5.639246351939195,16.696477148831423,0.32963026176512616,1.8741343258189878,0.8238122981842463,43.72067218300104,1025.83648160435,READY,17.298523147960022,False,85.66427786285402,0,4,99.49895256937225,CAUTION,HIGH,PASSIVE,3,0,3
2025-03-05 10:14:34.807,5278.171316308599,267.4584369931753,40.31618286557376,-5.911232306240514,16.389980672963016,0.36623262556260205,1.9507609446070793,0.8321631775416332,43.68076203722396,976.2093515993348,READY,17.298523147960022,False,85.57011982691682,0,4,99.90441816494427,CAUTION,HIGH,PASSIVE,3,0,2
2025-03-05 10:14:34.844,5262.637805469144,266.7362631269536,40.67245424756557,-5.68875184669095,16.866413424034086,0.38238701254683577,2.0495309042086163,0.8400324005650547,43.66927871707391,965.9475099676334,READY,17.298523147960022,False,85.5584290069678,0,4,100,CAUTION,HIGH,PASSIVE,3,0,2
2025-03-05 10:14:34.875,5278.714433257597,268.03345110567176,40.29445566285208,-5.910481129151796,16.513997768388354,0.3612925927731018,2.1358105828021245,0.8316037054803495,43.657457171802974,954.524884740937,READY,17.298523147960022,False,85.40136097334897,0,4,100,CAUTION,HIGH,PASSIVE,3,0,2
2025-03-05 10:14:34.913,5280.346210318185,267.76006746495875,40.43734863341264,-5.820869345292892,16.888529132488618,0.317843067859553,2.199239032897717,0.8351324166936336,43.61470331423926,987.1636673562482,READY,17.298523147960022,False,85.28248203749706,0,4,99.96446028392212,CAUTION,HIGH,PASSIVE,3,0,2
2025-03-05 10:14:34.944,5269.51208624602,269.08337807406707,40.31862605487003,-5.655176135138628,16.95315803757639,0.3240676313831831,2.1338773322461027,0.8264503125038671,43.59969754265451,1015.3626850516752,READY,17.298523147960022,False,85.37615621118759,0,4,99.67158272595383,CAUTION,HIGH,PASSIVE,3,0,2
2025-03-05 10:14:34.966,5288.621355452477,269.85169417534246,40.696218536872294,-5.799221013959455,17.227609310930088,0.37033722554873766,2.116364446983864,0.8231270468433034,43.589034835030795,1045.5693748257413,READY,17.298523147960022,False,85.32072380487106,0,4,99.53392356277945,CAUTION,HIGH,PASSIVE,3,0,2
2025-03-05 10:14:34.998,5290.311633743217,269.4604939442784,40.998581293879695,-6.069004742225396,17.627956210915205,0.4073334841455809,2.1758990661046647,0.8227117741048688,43.57082415543219,1003.0319162719372,READY,17.298523147960022,False,85.21140968608202,0,4,99.5916562599562,CAUTION,HIGH,PASSIVE,3,0,2
2025-03-05 10:14:35.035,5309.865954210929,268.1148060864958,41.40504299582833,-6.1018094375348335,18.01820200503488,0.38216993385348114,2.2406988643069266,0.8133836104041718,43.53597536852498,970.9706281506286,READY,17.298523147960022,False,85.26621805117017,0,4,99.92903480313726,CAUTION,HIGH,PASSIVE,3,0,3
2025-03-05 10:14:35.069,5319.269009499369,268.12813450255334,41.37305417690655,-6.314015386575611,18.04330106480715,0.3550191655516622,2.2879905346030283,0.8065044998427261,43.523654885793405,999.2215061308844,READY,17.298523147960022,False,85.16437016299096,0,4,99.9748465449488,CAUTION,HIGH,PASSIVE,3,0,3
2025-03-05 10:14:35.100,5323.908677799779,270.05149242803446,41.27539152914055,-6.225931004015688,17.544421500869085,0.40499516133816227,2.1915519641743937,0.8159471830379006,43.50912891812958,1040.1158194758946,READY,17.298523147960022,False,85.03415739186512,0,4,100,CAUTION,HIGH,PASSIVE,1,0,3
2025-03-05 10:14:35.136,5336.076651165281,268.93395826337496,41.0371046563125,-5.983217386092086,17.226467263222283,0.4329909428310365,2.2046936324247097,0.8110029965048247,43.47043594702809,1011.4534103798377,READY,17.298523147960022,False,85.03582072436748,0,4,100,CAUTION,HIGH,PASSIVE,1,0,3
2025-03-05 10:14:35.168,5332.681155489454,267.3198639708225,41.137129396195775,-6.1734205989361275,16.76358710318654,0.4144510627940251,2.301463845618254,0.8011779699750042,43.45170021360002,975.7797197782569,READY,17.298523147960022,False,85.12801921904394,0,4,99.84384423314619,CAUTION,HIGH,PASSIVE,1,0,3
2025-03-05 10:14:35.200,5328.925745278135,266.68089579516527,41.35724208010041,-6.442488717148512,16.532155448843852,0.3843730054617999,2.380797233107808,0.7971213632590108,43.44111084522071,954.039545337592,READY,17.298523147960022,False,85.3105228697446,0,4,99.76981644908687,CAUTION,HIGH,PASSIVE,1,1,3
2025-03-05 10:14:35.236,5311.98557594674,268.08518378082545,41.25896111858666,-6.580210346682845,16.26709925538481,0.3806880273897411,2.32691917977685,0.788738526779799,43.39866874990361,989.4961694390358,READY,17.298523147960022,False,85.25192270963957,0,4,99.32858640470566,CAUTION,LOW,PASSIVE,1,1,3
2025-03-05 10:14:35.267,5324.395388863602,268.6441137178397,40.776722205011325,-6.7318266071635,16.041202553925757,0.36279789462493883,2.397290525014289,0.7830541819168412,43.36163364412884,1011.865999964257,READY,17.298523147960022,False,85.11128660397084,0,4,99.40261132138173,CAUTION,LOW,PASSIVE,1,1,3
2025-03-05 10:14:35.300,5304.63671190283,270.4098465652351,41.21022934809446,-6.90608351662042,15.960550568438938,0.38010546373681314,2.3956570613721957,0.7855360446411292,43.33794631536019,963.8901927737841,READY,17.298523147960022,False,85.27401318955184,0,4,99.4038234263686,CAUTION,LOW,PASSIVE,1,1,3
2025-03-05 10:14:35.343,5317.983357101351,271.6947461144659,41.05453543284005,-6.6887045048566725,16.105075101105037,0.4106254824830735,2.457964811219957,0.777561116086776,43.31631899041978,989.5653398370911,READY,17.298523147960022,False,85.41866733563819,0,4,99.25345691336535,CAUTION,LOW,PASSIVE,1,1,3
2025-03-05 10:14:35.365,5316.532388658841,272.72300512076293,40.65913066336981,-6.483082976343225,16.314994093669995,0.4163798965930212,2.3919233964543505,0.7753583559638754,43.275518078343616,943.4067506920766,READY,17.298523147960022,False,85.31599373895378,0,4,98.76604820558923,CAUTION,LOW,PASSIVE,1,1,3
2025-03-05 10:14:35.398,5321.108787468214,271.1768927752477,40.459790661140666,-6.402659320206872,16.81248760887989,0.44800814300388214,2.385366686212693,0.7828321842027894,43.24754806509885,977.2977505639907,READY,17.298523147960022,False,85.20691544718917,0,4,98.61753261173087,CAUTION,LOW,PASSIVE,1,1,3
2025-03-05 10:14:35.434,5326.732384057533,270.22026362309657,40.053069120718924,-6.473534891091447,16.579022923935362,0.41676916061567826,2.4645385607891996,0.7750691070244221,43.19767547967296,1019.0413897994067,READY,17.298523147960022,False,85.10044487680251,0,4,98.97630095442187,CAUTION,LOW,PASSIVE,1,1,3
2025-03-05 10:14:35.471,5307.717702621771,269.275706557444,39.78988455534456,-6.531812501548866,16.84112671053127,0.44470042093628104,2.511743577003231,0.7713462912950497,43.170328511875205,1016.9166252780917,READY,17.298523147960022,False,85.25191629662288,0,4,99.37772803109317,CAUTION,LOW,PASSIVE,1,1,3
2025-03-05 10:14:35.495,5311.990118480687,269.44349776460353,39.67642663158861,-6.747096153877529,17.185819149451287,0.45092864761207313,2.5032455144208754,0.7721694652377453,43.143711388334545,1020.7201244580615,READY,17.298523147960022,False,85.11174815023863,0,4,98.93444752738797,CAUTION,LOW,PASSIVE,1,1,3
2025-03-05 10:14:35.543,5303.548005178095,270.2620728407269,39.21613305711832,-6.910911427472568,16.716463784968926,0.4315465272761308,2.601539260100893,0.777948416094898,43.109458546813535,1000.0271835628126,READY,17.298523147960022,False,85.0476557114226,0,4,98.89280050529158,CAUTION,LOW,PASSIVE,1,1,3
2025-03-05 10:14:35.573,5310.071934340054,268.77003456743984,39.120089590883204,-6.788910303401695,16.971288438231575,0.3929150186419318,2.615355574075517,0.7826104310666507,43.06854755803975,958.3832181929905,READY,17.298523147960022,False,85.06232808917979,0,4,98.54514105390362,CAUTION,LOW,PASSIVE,1,1,3
2025-03-05 10:14:35.597,5323.3014967548215,267.72836841187205,38.98453828916629,-6.684075204506215,16.651782914549106,0.4104655105649755,2.6946204330688213,0.7899778740413007,43.052090042577824,909.6292288678281,READY,17.298523147960022,False,85.11452675227338,0,4,98.94380814981827,CAUTION,LOW,PASSIVE,1,1,3
2025-03-05 10:14:35.633,5316.39273213081,266.5224158414313,39.31782743144398,-6.584392436354194,17.006556784254833,0.440686575915518,2.600822103796007,0.7994702791578677,43.03220702133728,955.7995776582787,READY,17.298523147960022,False,85.29328683055037,0,4,99.13920667688473,CAUTION,LOW,ACTIVE,1,1,3
2025-03-05 10:14:35.666,5308.401280932763,266.6437352981367,39.0184715700207,-6.43521035124942,16.58059310132425,0.40213139290505073,2.608232670844483,0.8014384399365315,43.005672669868545,929.942337791687,READY,17.298523147960022,False,85.11595352223391,0,4,99.34026262419648,CAUTION,LOW,ACTIVE,1,1,3
2025-03-05 10:14:35.696,5326.095908702615,267.2947965256444,38.8454605182487,-6.25434866599908,16.90317100609551,0.38400652263709334,2.6940161612381197,0.7985811022288777,42.96185232959473,929.4359657322757,READY,17.298523147960022,False,85.06836848836278,0,4,99.53211206114881,CAUTION,LOW,ACTIVE,1,1,3
2025-03-05 10:14:35.730,5339.655360212525,265.4380295720086,38.88627129047608,-6.513135329032678,16.712517014184307,0.3477916967173085,2.6526323524681517,0.7905310369138899,42.923986381102246,959.0032377463604,READY,17.298523147960022,False,85.26592933202892,0,4,99.0886094257545,CAUTION,LOW,ACTIVE,1,1,3
2025-03-05 10:14:35.762,5337.819998749472,267.05491700672115,38.69620968953599,-6.710504463656541,16.74652323676145,0.3866353165382862,2.601526793926744,0.7969632192301414,42.91102530123906,966.6520774230851,READY,17.298523147960022,False,85.13405176357342,0,4,99.48931301711404,CAUTION,LOW,ACTIVE,1,1,3
2025-03-05 10:14:35.806,5328.202384045541,265.9199035330361,38.398835656926686,-6.5012997628072,16.976394231795982,0.3411125868874647,2.548453648687598,0.7979051953456674,42.87688281551472,930.8612364084833,READY,17.298523147960022,False,85.16568137139816,0,4,99.30482848859914,CAUTION,LOW,ACTIVE,1,1,3
2025-03-05 10:14:35.844,5341.689502050311,266.1933342250532,38.028714995222465,-6.467180154559983,17.442402722220997,0.2917379525600197,2.519108043302067,0.7885991150890587,42.82989490574619,927.7108614839693,READY,17.298523147960022,False,85.24318036478027,0,4,99.16613268640404,CAUTION,LOW,ACTIVE,1,1,3
2025-03-05 10:14:35.875,5326.475500795969,265.8451838682039,37.916516677096055,-6.357599940018643,17.86627856209236,0.27982914939098874,2.5695453189992223,0.7872154456702474,42.780845591692724,914.1981815977563,READY,17.298523147960022,False,85.30559534960258,0,4,99.15990625295018,CAUTION,LOW,ACTIVE,1,1,3
2025-03-05 10:14:35.897,5324.84393002548,266.16598691558954,38.39841426285615,-6.176239068218469,17.56992034962971,0.24844051090930186,2.547098954788376,0.7935493960425762,42.761029171099636,903.8569529811892,READY,17.298523147960022,False,85.45764463385366,0,4,98.75482053040702,CAUTION,LOW,ACTIVE,1,1,3
2025-03-05 10:14:35.934,5322.190177398089,266.69362080923526,38.4070588137283,-6.07239066498677,17.236288700993267,0.26231666101070494,2.580592816832866,0.7888212145575436,42.72271148659671,864.1618272781453,READY,17.298523147960022,False,85.55118420475766,0,4,98.33804135949255,CAUTION,LOW,ACTIVE,1,1,3
2025-03-05 10:14:35.968,5334.669045549504,265.11287391664985,38.09658628554584,-6.147206989773051,17.265434473791608,0.2854331910718265,2.6685396931456933,0.779131523134331,42.6921133768999,913.8784563072239,READY,17.298523147960022,False,85.40421727047466,0,4,98.15904848570551,CAUTION,LOW,ACTIVE,1,1,3
2025-03-05 10:14:35.995,5322.651204236406,265.381669916069,38.070053309853144,-6.400305322178735,17.11783336103563,0.2745627994700753,2.7312809757556678,0.7880608287349713,42.669295197346806,883.460127673011,READY,17.298523147960022,False,85.4898015538359,0,4,98.63156939599955,CAUTION,LOW,ACTIVE,1,1,3
2025-03-05 10:14:36.030,5315.741320853957,265.37124319531534,38.013946192013364,-6.178605065885726,17.035282530572523,0.22976945977168425,2.698041568475632,0.7789089768119235,42.63513536506645,927.2395463102647,READY,17.298523147960022,False,85.50535433783885,0,4,98.63172048129121,CAUTION,LOW,ACTIVE,1,1,3
2025-03-05 10:14:36.070,5303.872325955651,267.31457216611614,37.82433353857872,-6.342848036713314,17.15999623992544,0.20754809250725126,2.6104748274808065,0.7751842842782319,42.6200356022809,911.303233882342,READY,17.298523147960022,False,85.70342502604923,0,4,98.63565542834193,CAUTION,LOW,ACTIVE,1,1,3
2025-03-05 10:14:36.105,5301.051265224393,267.71441586176036,38.0353622074823,-6.284685767641893,17.3420010151157,0.16758415431751722,2.5856359934278696,0.77434208975948,42.58552997134271,932.233251775567,READY,17.298523147960022,False,85.72449111392301,0,4,98.43449582391662,CAUTION,LOW,ACTIVE,1,1,3
2025-03-05 10:14:36.137,5309.30681064501,268.2623718889039,37.85870686329132,-6.007449294294821,16.94693788005685,0.12800362252312375,2.4906788591160085,0.7682018854982422,42.54005019239132,976.6394313585097,READY,17.298523147960022,False,85.65050618918248,0,4,98.07825833440823,CAUTION,LOW,ACTIVE,1,1,3
2025-03-05 10:14:36.167,5292.872279567003,268.6699351696713,37.60897870630109,-5.968414537880304,16.973219870789716,0.14771038757051924,2.5602808162651853,0.7652389306801001,42.52741789490386,938.8816283187575,READY,17.298523147960022,False,85.60922185695179,0,4,98.35576098148803,CAUTION,LOW,ACTIVE,1,1,3
2025-03-05 10:14:36.199,5310.993659842703,268.7281317867744,38.10641204647462,-6.079136208752339,16.891405424646443,0.11456248642936169,2.6232760384224205,0.7607773229328781,42.499420241622815,981.6691706880922,READY,17.298523147960022,False,85.4212923046947,0,4,98.18431949088512,CAUTION,LOW,ACTIVE,1,1,3
2025-03-05 10:14:36.235,5301.704909252829,268.69362108327886,38.39788234551632,-5.935810479904589,17.2825631138381,0.10032757383732338,2.665935823200006,0.7589237089420512,42.4655821467485,962.6026222529451,READY,17.298523147960022,False,85.60896332182539,0,4,98.48553868154491,CAUTION,LOW,ACTIVE,1,1,3
2025-03-05 10:14:36.268,5310.775031908719,269.79457763646826,38.49483093713413,-6.217342677198669,17.064106084632517,0.11083161782335194,2.6798490264658867,0.764788082228338,42.45425989070376,949.5683016252597,READY,17.298523147960022,False,85.57783788832586,0,4,98.1127091957283,CAUTION,LOW,ACTIVE,1,1,3
2025-03-05 10:14:36.295,5321.032786410473,269.08993723089844,38.02190388946412,-5.9264817055152665,16.962182704682554,0.1,2.7212809058036194,0.7711806568965924,42.429611588281276,937.8078078380801,READY,17.298523147960022,False,85.62520622142988,0,4,97.6677283221918,CAUTION,LOW,ACTIVE,1,1,3
2025-03-05 10:14:36.333,5307.478639824378,267.51435922698545,37.88674683536629,-6.101843015692858,16.49879004128026,0.13188344641702254,2.7142296925456977,0.7618234212668872,42.4190998769701,980.5839026936586,READY,17.298523147960022,False,85.51588405183803,0,4,97.82531741978396,CAUTION,LOW,ACTIVE,1,1,3
2025-03-05 10:14:36.373,5300.179532113868,266.8968939213801,37.49812380713448,-5.968353461952776,16.65007388629586,0.1,2.7027862051744678,0.7558363042681658,42.38923381456167,1024.3402650704525,READY,17.298523147960022,False,85.41235294644129,0,4,97.56028910643913,CAUTION,LOW,ACTIVE,1,1,3
2025-03-05 10:14:36.398,5312.397852037801,265.5526291083072,37.37782714659184,-5.952247291979219,17.09878215656939,0.1,2.6736850254147306,0.7514016422927434,42.342410770890055,1004.4880772746651,READY,17.298523147960022,False,85.4089308550381,0,4,97.17325394160412,CAUTION,LOW,ACTIVE,1,1,3
2025-03-05 10:14:36.430,5328.1656670407365,266.64199573586535,37.05760654197168,-5.947131588295541,16.930528468502736,0.13486558494864648,2.6061880859333293,0.7467149122806199,42.29641327419294,1033.5621317826015,READY,17.298523147960022,False,85.47448277579193,0,4,96.86866831604038,CAUTION,LOW,ACTIVE,1,1,3
2025-03-05 10:14:36.461,5333.274902186172,265.7449497056364,36.97065022648165,-5.673265866206395,16.686224857204788,0.1,2.669055538656366,0.7514922188418994,42.269425762747375,1082.355796228283,READY,17.298523147960022,False,85.64933550311322,0,4,96.75135167322236,CAUTION,LOW,ACTIVE,1,1,1
2025-03-05 10:14:36.494,5322.403827940624,264.5344990669155,36.5605467288189,-5.67470588629973,16.371744451134845,0.1,2.745379945136267,0.7525939397161368,42.250281142521494,1053.101837628636,READY,17.298523147960022,False,85.56544032295446,0,4,96.77027104460768,CAUTION,LOW,ACTIVE,1,1,1
2025-03-05 10:14:36.543,5310.4325728026615,264.72335410026574,36.6667412399186,-5.911695548562587,16.39833942398032,0.1,2.797347366330063,0.755277048326542,42.23076374541336,1005.318406347462,READY,17.298523147960022,False,85.74390552780542,0,4,96.4302640061048,CAUTION,LOW,ACTIVE,1,1,1
2025-03-05 10:14:36.565,5323.717783836608,266.3433774373908,36.36251289019238,-5.9974382160101,16.422171547503293,0.13418654331785287,2.882986976399953,0.7527130187845168,42.19463383821737,955.3438485844821,READY,17.298523147960022,False,85.56615878907297,0,4,96.9302398269594,CAUTION,LOW,ACTIVE,1,1,1
2025-03-05 10:14:36.596,5343.10432588846,265.17503709571645,35.98468061896962,-5.984911091321891,16.535581482044297,0.13685952206516994,2.8036276745427298,0.7455549448669773,42.18235805586119,937.5558922932598,READY,17.298523147960022,False,85.65664718127304,0,4,96.96289100338359,CAUTION,LOW,ACTIVE,1,1,1
2025-03-05 10:14:36.633,5342.397519034342,265.73171089181255,35.53289328886262,-5.807161077389464,16.290567405101687,0.15563239571378837,2.818681442937997,0.7460822986620602,42.142333713351434,953.5874603908458,READY,17.298523147960022,False,85.5818575558809,0,4,97.06506370544072,CAUTION,LOW,ACTIVE,1,1,1
2025-03-05 10:14:36.664,5359.26688529636,265.4649271395158,35.2670559451377,-5.721069641713202,15.846872691676678,0.18670904857009968,2.747198387164299,0.7519346959474924,42.12701438276311,914.1728874123668,READY,17.298523147960022,False,85.44240342888465,0,4,97.45275031218883,CAUTION,LOW,ACTIVE,1,1,1
2025-03-05 10:14:36.696,5352.9792595169065,266.0989648396503,35.44788122839821,-5.423933248354921,16.064529237986953,0.21082557460670096,2.8074067278075527,0.7543164049368573,42.11144758438391,890.4683922212643,READY,17.298523147960022,False,85.41834611520162,0,4,97.44024837233458,CAUTION,LOW,ACTIVE,1,1,1
2025-03-05 10:14:36.732,5350.141206658966,266.2734788197409,35.6314670287457,-5.28365948418521,16.519819378086655,0.17768941883487654,2.7101056497984097,0.7524866389986797,42.10122018751831,926.9026109352012,READY,17.298523147960022,False,85.22493317194835,0,4,96.993934101605,CAUTION,LOW,ACTIVE,1,1,1
2025-03-05 10:14:36.774,5369.445572645195,265.94065706370753,35.77053603629737,-5.402246518567879,16.028866795169424,0.18678890721405977,2.7257707488807394,0.7521653243584401,42.09024425482858,965.6555654330309,READY,17.298523147960022,False,85.04819739693315,0,4,97.0367005316154,CAUTION,LOW,ACTIVE,1,1,1
2025-03-05 10:14:36.805,5360.623989182541,264.8699577093957,35.53636083203575,-5.563533833349162,15.915392282342676,0.2013983037925765,2.7773018421534332,0.7429720163244432,42.047617190542496,989.8612139365434,READY,17.298523147960022,False,85.21891159223202,0,4,97.44519556702309,CAUTION,LOW,ACTIVE,1,1,1
2025-03-05 10:14:36.848,5341.126014331564,265.7054352772449,35.80685035966865,-5.338966349190977,15.99432105681011,0.2231665351574792,2.699759793817621,0.7357677081165918,42.02418211256039,1009.9740027047984,READY,17.298523147960022,False,85.24899734322754,0,4,97.28273321465792,CAUTION,LOW,ACTIVE,1,1,1
2025-03-05 10:14:36.869,5334.141417824255,263.91214957410494,35.90442196002937,-5.362578535375828,16.09409224934611,0.1774285755160631,2.63783540173701,0.7340815892514334,42.0057203862321,995.8880720601383,READY,17.298523147960022,False,85.14651007089934,0,4,97.25025210203894,CAUTION,LOW,ACTIVE,1,1,1
2025-03-05 10:14:36.898,5314.392626755657,264.6967754603677,35.76852488605141,-5.439341939227584,15.887255982942381,0.1583240875360017,2.5505287737355005,0.7278293447514431,41.97624475731491,955.2501097871833,READY,17.298523147960022,False,85.2064613496027,0,4,97.7496028595808,CAUTION,LOW,ACTIVE,1,1,1
2025-03-05 10:14:36.930,5296.091440588144,263.11435405137735,35.41751508387321,-5.557719761324189,15.439682897217597,0.2042647882785767,2.636287016640012,0.7352791600845429,41.928653602130325,970.5970302796833,READY,17.298523147960022,False,85.36526631018991,0,4,97.83655448196558,CAUTION,LOW,ACTIVE,1,1,1
2025-03-05 10:14:36.977,5286.337834324318,264.82765172552007,35.13342163167541,-5.635408295475503,15.045364579824161,0.22314419796783422,2.5397281994508263,0.7390059622387871,41.887417084635736,990.3025307645809,READY,17.298523147960022,False,85.46102908920102,0,4,97.81142841950485,CAUTION,LOW,ACTIVE,1,1,1
2025-03-05 10:14:37.011,5293.528914071264,266.13726853759243,34.93143712287177,-5.586374467187659,15.518980352492248,0.20721975742972304,2.555762429876634,0.7336313789585714,41.85324337717508,1003.6441226486348,READY,17.298523147960022,False,85.64510441206174,0,4,97.99802583834585,CAUTION,LOW,ACTIVE,1,1,1
2025-03-05 10:14:37.042,5279.0607056233775,267.7675586259049,34.63615016843546,-5.588726141588015,15.055702520405044,0.19976468766868055,2.4983665705006097,0.731916043051044,41.81830706143261,977.0858923677291,READY,17.298523147960022,False,85.50576701160725,0,4,98.10103353609611,CAUTION,LOW,ACTIVE,1,1,1
2025-03-05 10:14:37.074,5280.622080502758,268.8940244781226,34.369826466217404,-5.611617399343417,15.098929544016158,0.18984724066227798,2.438315236897088,0.7350280908000998,41.7963464596293,957.2566399073681,READY,17.298523147960022,False,85.31058390975423,0,4,98.32494708818172,CAUTION,LOW,ACTIVE,1,1,1
2025-03-05 10:14:37.114,5274.47010032842,270.1574129907109,34.418587243086144,-5.710389185624322,14.861933925596503,0.20918310734198,2.4253130426520753,0.7423194498247049,41.756151472171275,953.1266694772918,READY,17.298523147960022,False,85.34369752195714,0,4,98.0059016088997,CAUTION,LOW,ACTIVE,1,1,1
2025-03-05 10:14:37.146,5292.956622127539,270.7750994566472,34.5514026351017,-5.552285464229991,14.79461717824192,0.20490691601629338,2.3911361160380777,0.7477317142742397,41.72383800454651,989.3980989675528,READY,17.298523147960022,False,85.35115712133783,0,4,98.19380501807488,CAUTION,LOW,ACTIVE,1,1,1
2025-03-05 10:14:37.169,5294.643474162781,270.60047319407056,34.420801479524386,-5.4112373370277576,15.149145209133199,0.15689290777549447,2.465504238635165,0.756478896952497,41.683725062345644,996.6268955083862,READY,17.298523147960022,False,85.39926388960481,0,4,98.29980496969281,CAUTION,LOW,ACTIVE,1,1,1
2025-03-05 10:14:37.211,5287.890103832915,271.8192112758653,34.4887396027591,-5.524936327995599,14.788022830048828,0.1374607813101722,2.5088478210796956,0.7547620825088082,41.67174110071728,1003.4497434307673,READY,17.298523147960022,False,85.56572389093935,0,4,98.15815690037931,CAUTION,LOW,ACTIVE,1,1,1
2025-03-05 10:14:37.244,5279.7087795935,272.4571720241925,34.18294621205861,-5.510134902329447,14.321793370736032,0.13386852577947983,2.4175355872014554,0.7513393648873024,41.64337914528827,1046.1558384014013,READY,17.298523147960022,False,85.76396272146566,0,4,97.68229133198793,CAUTION,LOW,ACTIVE,1,1,1
2025-03-05 10:14:37.277,5263.609888990835,272.0221140564866,34.27439794365433,-5.394565324452667,14.140592605336906,0.14335279220837585,2.3847773109266988,0.7588569107263395,41.627822481342086,1065.6662102506994,READY,17.298523147960022,False,85.86723135287623,0,4,97.42731187976517,CAUTION,LOW,ACTIVE,1,1,1
2025-03-05 10:14:37.309,5279.057056734766,272.8842322882078,34.68927421543814,-5.101164842691786,14.5730403999044,0.1093460668421654,2.344946468037512,0.757747625494262,41.578124086122344,1037.450940166877,READY,17.298523147960022,False,86.06581385483514,0,4,97.7720439851891,CAUTION,LOW,ACTIVE,1,1,1
2025-03-05 10:14:37.343,5293.205006032006,273.5777346897684,35.174610824171964,-5.343265464655229,14.771392173305525,0.10669629593917782,2.4345521607322667,0.7556150528250593,41.53999350211697,1020.3010387490399,READY,17.298523147960022,False,86.17058080298798,0,4,97.65707229679684,CAUTION,LOW,ACTIVE,1,1,1
2025-03-05 10:14:37.373,5302.9843119357765,271.6348587839083,35.39328643640967,-5.620626076351452,14.658606650252889,0.14884590725982566,2.4258724714850115,0.757447173463845,41.521779742971276,1052.3411948393295,READY,17.298523147960022,False,86.03862008988611,0,4,97.70903561911113,CAUTION,LOW,ACTIVE,1,1,1
2025-03-05 10:14:37.409,5296.679086364072,270.33955566197034,35.07776947379174,-5.798595935154325,14.76890346393498,0.15082319252337498,2.330739447430173,0.760289629465849,41.479020520378754,1057.8475687335442,READY,17.298523147960022,False,86.00980753620212,0,4,97.93335000170678,CAUTION,LOW,ACTIVE,1,1,1
2025-03-05 10:14:37.442,5301.292458917583,270.34584763047303,35.3635986709459,-5.620875342809626,15.039750550889087,0.19904520801877215,2.250625639876956,0.7667319096562192,41.439351119137925,1020.3788103811274,READY,17.298523147960022,False,85.82609713202768,0,4,97.55738371032706,CAUTION,LOW,ACTIVE,1,1,1
2025-03-05 10:14:37.475,5304.877163206609,270.4187887199023,35.830170501318314,-5.3847838990583,14.643059696818534,0.23786011953911074,2.290079655572295,0.7658664228501446,41.39390564641944,1067.9638824070596,READY,17.298523147960022,False,85.86228000077607,0,4,97.34796840272497,CAUTION,LOW,ACTIVE,1,1,1
2025-03-05 10:14:37.511,5298.600445853336,271.36811767103626,35.33368419756049,-5.588750084182391,14.551191744526534,0.2531923636305111,2.2552023885789834,0.7754192928246717,41.345288347471666,1114.635678375111,READY,17.298523147960022,False,86.0281390705385,0,4,97.06347647953558,CAUTION,LOW,ACTIVE,1,1,1
2025-03-05 10:14:37.541,5318.200002573258,270.6603528071125,35.77225886488235,-5.878579043259748,14.482596618948573,0.2488463826764341,2.3299338446057174,0.7691506084359472,41.309715543536946,1127.6894465427056,READY,17.298523147960022,False,85.94296398247312,0,4,97.06913155290306,CAUTION,LOW,ACTIVE,1,1,1
2025-03-05 10:14:37.574,5326.008392519451,271.90430473607336,35.47711747205449,-5.973319446243209,14.448093789150617,0.2151974590090036,2.2681535313468544,0.7757483085924793,41.2752813137851,1112.686124294707,READY,17.298523147960022,False,85.92513809611367,0,4,96.96783932158465,CAUTION,LOW,ACTIVE,1,1,1
2025-03-05 10:14:37.617,5319.965085571887,272.8018053956891,35.14195473143697,-6.1738118955121015,14.860387563019124,0.18033901538319785,2.173257888598277,0.7712554455609351,41.23287919086981,1158.5893755561924,READY,17.298523147960022,False,85.82448777270135,0,4,97.37387992531052,CAUTION,LOW,ACTIVE,1,1,1
2025-03-05 10:14:37.648,5322.040596692846,272.42480120960516,34.8959652540157,-5.931064085274095,15.245042133912419,0.22082914973528966,2.1081229110527473,0.7764496826559891,41.19075333861262,1125.663627161452,READY,17.298523147960022,False,85.73157114052205,0,4,97.86216917078718,CAUTION,LOW,ACTIVE,1,1,1
2025-03-05 10:14:37.679,5338.859121917229,271.79577342228697,34.40692456263349,-5.838750510239865,15.399896553941424,0.24471913168588708,2.1408408944864434,0.7681847570675935,41.16459764355633,1085.1032961502474,READY,17.298523147960022,False,85.9240887084896,0,4,97.77140008310936,CAUTION,LOW,ACTIVE,1,1,1
2025-03-05 10:14:37.705,5337.335109159323,270.23259220851725,34.640139820594584,-5.631377977369965,15.284971429374806,0.24588052905224045,2.1380923448186184,0.7636320016943836,41.12400954813714,1070.8335646423313,READY,17.298523147960022,False,86.0860280665016,0,4,97.55206807451515,CAUTION,LOW,ACTIVE,0,3,1
2025-03-05 10:14:37.736,5321.542161134025,268.93202349667746,34.240228710579316,-5.802351361838913,15.0592385196285,0.2792485045233974,2.14101471259698,0.7537957909608874,41.08441831832805,1110.188081008177,READY,17.298523147960022,False,86.1652072382942,0,4,97.4498390157859,CAUTION,LOW,ACTIVE,0,3,1
2025-03-05 10:14:37.765,5335.659486936538,270.09166023991486,34.065170824931414,-6.0172913839161275,14.847249834972237,0.29195851933397726,2.09575802678125,0.7515548314039212,41.06675687832378,1123.830865729744,READY,17.298523147960022,False,86.2352840174638,0,4,97.27427562323533,CAUTION,LOW,ACTIVE,0,3,1
2025-03-05 10:14:37.800,5346.263220235392,271.4313361347789,33.72029390530652,-6.1116825148668825,15.133430717850802,0.25642805164435023,2.0303925367716364,0.7514727252134307,41.035890673948735,1144.1132503613171,READY,17.298523147960022,False,86.13584419022654,0,4,97.55022615215874,CAUTION,LOW,ACTIVE,0,3,1
2025-03-05 10:14:37.830,5351.156753189297,273.082711321838,34.1279482535719,-5.819793239849959,15.59565517708066,0.27846119837961847,2.053743481093699,0.7544426638748601,40.986797165276904,1178.8653987229402,READY,17.298523147960022,False,86.04003640549674,0,4,97.59224883236018,CAUTION,LOW,ACTIVE,0,3,1
2025-03-05 10:14:37.863,5338.63215156674,274.74823831500913,33.97759709762433,-5.818727869759382,15.910346703326255,0.3236741771120081,2.011657511574698,0.7610036074100522,40.94234907499525,1196.9211223406078,READY,17.298523147960022,False,86.15636071347805,0,4,98.05058207460247,CAUTION,LOW,ACTIVE,0,3,3
2025-03-05 10:14:37.898,5321.308012934814,275.53583259681136,33.80173455024154,-5.612876700001665,15.93685547619471,0.3641217472781926,2.097735242046617,0.7696749202567967,40.92126994299746,1147.3480681660692,READY,17.298523147960022,False,86.11157763848159,0,4,98.00701598804248,CAUTION,LOW,ACTIVE,0,3,3
2025-03-05 10:14:37.930,5325.538675064331,274.0632975622693,33.82094284623023,-5.540235982675699,16.158071167730213,0.355293423883614,2.0428529164563716,0.7758553491395664,40.882849274574134,1150.3480444622344,READY,17.298523147960022,False,86.21799533885591,0,4,98.08010141215655,CAUTION,LOW,ACTIVE,0,3,3
2025-03-05 10:14:37.962,5343.277807733973,272.9974047232074,33.88754767349305,-5.5492893314908365,16.515505101503514,0.36511881073632874,2.010694600347792,0.7716358186336632,40.838845465859265,1132.6064761753087,READY,17.298523147960022,False,86.35939385675235,0,4,98.23881440896189,CAUTION,LOW,ACTIVE,0,3,3
2025-03-05 10:14:37.998,5346.178188524606,274.3809890256567,34.04340436210892,-5.384889704626324,16.948257432541975,0.32917586988573755,1.9881318855159222,0.7770112621235137,40.815738367262696,1159.1051277106126,READY,17.298523147960022,False,86.19637069408938,0,4,97.74634729513194,CAUTION,LOW,ACTIVE,0,3,3
2025-03-05 10:14:38.035,5327.496565552268,274.54035976643445,34.53619024997021,-5.491141144877974,17.207131262905815,0.31449814071823456,2.075015575048197,0.7814670133010942,40.80528417641824,1129.5889118090497,READY,17.298523147960022,False,86.1091539390873,0,4,97.68729685676549,CHECK,LOW,ACTIVE,0,3,3
2025-03-05 10:14:38.070,5323.934841498134,274.569055633228,34.83531996672322,-5.244115070276903,16.99509451023202,0.30612905843417726,2.1592837084997187,0.784284066743267,40.784919407960274,1130.150933786945,READY,17.298523147960022,False,86.24250119297848,0,4,97.2514640422454,CHECK,LOW,ACTIVE,0,3,3
2025-03-05 10:14:38.107,5316.892455191125,274.7545402577666,34.47073338188229,-5.435299987016151,16.933800634242395,0.3086350641016657,2.120929422269132,0.7773024016661072,40.753898988435715,1129.4285844858498,READY,17.298523147960022,False,86.17339824218234,0,4,97.15969016920437,CHECK,LOW,ACTIVE,0,3,3
2025-03-05 10:14:38.135,5332.434515879627,274.1942597412901,34.573289346896665,-5.613242672530226,17.084334505598875,0.2961078541134655,2.138549895257538,0.7703617277856951,40.707199546662096,1133.9832298542108,READY,17.298523147960022,False,85.99754300671718,0,4,97.2489472951464,CHECK,LOW,ACTIVE,0,3,3
2025-03-05 10:14:38.165,5323.245304881709,275.02310553042685,34.215295207218816,-5.491732362097809,17.11887205587285,0.2879234469895951,2.0470038340485988,0.7727147519768627,40.66905097058921,1119.8574916977523,READY,17.298523147960022,False,86.19324850572146,0,4,97.55679374800717,CHECK,LOW,ACTIVE,0,3,3
2025-03-05 10:14:38.201,5313.9680253043525,276.58609552835816,33.72568524523919,-5.344069741723369,17.055714458788216,0.32142827355270853,1.9757193954433667,0.7770052290748313,40.62490824690937,1160.4297910526595,READY,17.298523147960022,False,86.02256727563763,0,4,97.71663386682005,CHECK,LOW,ACTIVE,2,3,3
2025-03-05 10:14:38.233,5333.032792890558,276.70830461946355,33.43354466499586,-5.099686039435853,16.7596375878261,0.352297365738026,2.0077640225882765,0.7670540749128407,40.588017151271394,1175.1318688590848,READY,17.298523147960022,False,86.01328607343143,0,4,97.77368391078726,CHECK,LOW,ACTIVE,2,3,3
2025-03-05 10:14:38.269,5321.722760716566,277.7876800462019,33.74151377864478,-5.297917609683563,16.273832696891734,0.32117983525529076,2.0623572181747014,0.7693999304193446,40.54015336434309,1209.9780307752449,READY,17.298523147960022,False,85.82545731239198,0,4,97.44610498075795,CHECK,LOW,ACTIVE,2,3,3
2025-03-05 10:14:38.304,5323.230547745374,276.981511992314,34.078586907195735,-5.131808081716154,16.069802252261628,0.3590786735835423,2.143128402297505,0.7614441144089958,40.52087467654613,1161.0894694586116,READY,17.298523147960022,False,86.02311638851366,0,4,97.78134997813055,CHECK,LOW,ACTIVE,2,3,3
2025-03-05 10:14:38.337,5332.3450247161245,275.43566741449376,34.03096557762071,-5.313776997352911,16.24905247975603,0.31558976015636736,2.103241478827459,0.7518758751587937,40.49024099116336,1200.7582069761177,READY,17.298523147960022,False,86.13200129510027,0,4,97.44474108900248,CHECK,LOW,ACTIVE,2,3,3
2025-03-05 10:14:38.369,5321.340619539525,276.4089383520193,34.47402416999087,-5.1237327657880085,16.446013552781796,0.3302806405497322,2.201707100813353,0.7503339891944059,40.46029745942186,1187.321427734866,READY,17.298523147960022,False,86.11320722438866,0,4,97.16538668377201,CHECK,LOW,ACTIVE,2,3,3
2025-03-05 10:14:38.405,5312.739370878285,276.22428079127104,34.15831038834679,-5.232094480535522,16.076567896419224,0.32793292870453195,2.1266701645578285,0.7520978591386216,40.41715446053233,1213.5340700547881,READY,17.298523147960022,False,86.08243656043885,0,4,97.35575425733713,CHECK,LOW,ACTIVE,2,3,3
2025-03-05 10:14:38.436,5318.134382879215,276.76594875734133,33.698503312474195,-5.134820633440105,16.40957128417839,0.37562345686554915,2.2265993748784716,0.7578512528194409,40.36963416171871,1196.1308403101366,READY,17.298523147960022,False,86.05767315355538,0,4,97.67545736150342,CHECK,LOW,ACTIVE,2,3,3
2025-03-05 10:14:38.468,5332.077392069547,276.49984425866126,33.55788403674634,-4.87671778403954,16.3406075086136,0.3794841114461389,2.273471142005599,0.7509694329483748,40.34800812135443,1169.4099950425011,READY,17.298523147960022,False,86.12031328270098,0,4,97.72521238566644,CHECK,LOW,ACTIVE,2,3,3
2025-03-05 10:14:38.498,5338.80793660754,277.32984449592936,33.72906258594139,-4.820292942759806,16.47992198254069,0.3684016528171933,2.2589157532837905,0.7528964075476112,40.32780339382077,1122.1919153603392,READY,17.298523147960022,False,86.19540494835796,0,4,97.45138103446415,CHECK,LOW,ACTIVE,2,3,3
2025-03-05 10:14:38.530,5319.325273591898,275.34557785850836,33.509942318041524,-4.6823595114049,16.27813765183335,0.3585779916988902,2.266387100639751,0.7555770913975347,40.300456716723446,1090.6810091771515,READY,17.298523147960022,False,86.0042277088228,0,4,97.93074777022633,CHECK,LOW,STANDBY,2,3,3
2025-03-05 10:14:38.562,5338.304157155913,273.9790276867683,33.54222491284264,-4.62169331597054,16.514292059871075,0.34520645476575046,2.3356660947842016,0.7594811396020997,40.27561400330711,1100.2844942401978,READY,17.298523147960022,False,86.04995284726654,0,4,98.38480084178413,CHECK,LOW,STANDBY,2,3,3
2025-03-05 10:14:38.598,5344.732490664102,275.3037765517788,33.67196222236381,-4.891137981770929,16.13043977211856,0.346632678901933,2.3482500529204837,0.7571090203206632,40.25875883245176,1074.6924387192755,READY,17.298523147960022,False,85.97014397718002,0,4,97.91221405135397,CHECK,LOW,STANDBY,2,3,3
2025-03-05 10:14:38.633,5340.941952762927,273.37399528230884,33.403992618234675,-4.780457873842224,16.136608603971876,0.3118608360640551,2.323501552251977,0.7489255956248488,40.22003728329759,1098.0701576612914,READY,17.298523147960022,False,85.91345205235858,0,4,97.73312832550748,CHECK,LOW,STANDBY,2,3,3
2025-03-05 10:14:38.671,5335.704475635179,274.5250740283768,33.24522783742679,-4.535272377379033,16.158943758147032,0.3022275304106673,2.360079362970202,0.747398612515303,40.19932318964126,1059.3376179859276,READY,17.298523147960022,False,85.90068222519956,0,4,97.95773936447235,CHECK,LOW,STANDBY,2,3,3
2025-03-05 10:14:38.707,5317.557314459427,275.6627258639644,33.19304726996296,-4.547967041758304,16.090814081960524,0.3344574707565394,2.3655729825581484,0.7536027726853064,40.14995035948251,1076.982694266281,READY,17.298523147960022,False,86.04639408674768,0,4,98.04278586879914,CHECK,LOW,STANDBY,2,3,3
2025-03-05 10:14:38.739,5321.58569484791,274.57199726259245,33.411040371709355,-4.359524144678893,16.552238205852618,0.28519304495516157,2.271600423468299,0.7557714142092468,40.11775306703139,1031.3918499121487,READY,17.298523147960022,False,85.96839004019884,0,4,97.90753720540344,CHECK,LOW,STANDBY,2,3,3
2025-03-05 10:14:38.769,5306.706050194319,275.93838362740047,33.140784635889446,-4.2169398815176,16.818202667403657,0.2626032547507229,2.2708446606850567,0.7630409199504777,40.08650773414874,1037.5209881424528,READY,17.298523147960022,False,85.84612781949254,0,4,97.65179261251042,CHECK,LOW,STANDBY,2,3,3
2025-03-05 10:14:38.801,5295.2949489453185,275.10579514101545,32.92329581127086,-4.448673284334997,16.76816520216053,0.22733286054427965,2.351594363239567,0.7542142852213279,40.04858225498119,1039.0214839248786,READY,17.298523147960022,False,85.6554720129527,0,4,98.03265485549011,CHECK,LOW,STANDBY,1,3,3
2025-03-05 10:14:38.833,5314.447675964799,273.1638757661895,32.44388853759739,-4.458598958769056,16.54230674925821,0.22829331191480917,2.335022486904601,0.7588815932823209,40.02187375927762,1074.344248373791,READY,17.298523147960022,False,85.49420374675867,0,4,98.38072370711221,CHECK,LOW,STANDBY,1,3,3
2025-03-05 10:14:38.868,5301.768897815246,273.027105233499,32.84510147156872,-4.345978405512333,16.997911102549843,0.2586990454512753,2.3614016504714965,0.7503946470381221,39.97504873587571,1032.631398098591,READY,17.298523147960022,False,85.65100628813312,0,4,98.71764295411113,CHECK,LOW,STANDBY,1,0,3
2025-03-05 10:14:38.911,5319.977739883122,272.47541051351186,33.02820064680137,-4.539794211440199,17.456441304336128,0.3021153574774328,2.418741808638633,0.7526186937819369,39.93770397459993,1072.5089313276972,READY,17.298523147960022,False,85.52132213423572,0,4,99.11318489340988,CHECK,LOW,STANDBY,1,0,3
2025-03-05 10:14:38.937,5307.552447697736,272.6542405520011,33.3570621215239,-4.36376336436064,17.69737338038587,0.27711261150683386,2.463145338501817,0.7463772583559558,39.89960111030097,1102.9468577685625,READY,17.298523147960022,False,85.53612707800471,0,4,99.14219465455753,CHECK,LOW,STANDBY,1,0,3
2025-03-05 10:14:38.977,5292.412903399781,270.69029534092857,33.40053856339845,-4.091474516870599,17.637547214346853,0.29143502843786606,2.505534036022719,0.7479985722121941,39.87927493016787,1075.603291384592,READY,17.298523147960022,False,85.4389630018181,0,4,98.8568180336068,CHECK,LOW,STANDBY,1,0,3
2025-03-05 10:14:39.000,5292.572987093977,269.653060129098,33.699971318779504,-4.215086560567552,17.22164053065684,0.2692332059010429,2.411919650452267,0.7558262839500692,39.85900062016625,1044.0094526880594,READY,17.298523147960022,False,85.60080475012501,0,4,98.43180164925643,CHECK,LOW,STANDBY,1,0,3
2025-03-05 10:14:39.032,5307.915513805041,271.1516260915502,34.101021713058536,-4.038680287963578,17.13571685629872,0.26548971565191926,2.4490802320992793,0.7539610688367883,39.80934758438828,1030.4224088461629,READY,17.298523147960022,False,85.41569862973928,0,4,98.93006657313809,CHECK,LOW,STANDBY,1,0,3
2025-03-05 10:14:39.070,5323.600273624168,273.0725748435073,34.48350567312456,-4.2055254447599815,17.24174493357841,0.2274390964928877,2.4070988172786576,0.7500002053221301,39.759914328967945,1000.5934147374574,READY,17.298523147960022,False,85.54453075498729,0,4,98.92748854551921,CHECK,LOW,STANDBY,1,0,3
2025-03-05 10:14:39.103,5329.639287084891,271.12189409563615,34.094649533849285,-4.313090377051572,17.13362215948171,0.21866956446258184,2.4022885995549004,0.7405864094942602,39.72298691330347,985.9152363617544,READY,17.298523147960022,False,85.3504569213561,0,4,98.48498365458003,CHECK,LOW,STANDBY,1,0,3
2025-03-05 10:14:39.135,5342.241778378786,272.5616942114136,34.4370614682007,-4.451168627246952,16.79217371125756,0.254423235064484,2.47042955339388,0.7385859347856152,39.67880547999542,1015.2869202526717,READY,17.298523147960022,False,85.53295074125361,0,4,98.01513461904634,CHECK,LOW,STANDBY,1,0,3
2025-03-05 10:14:39.173,5361.848672438416,270.81908951883247,34.890556797010724,-4.380462803748756,16.35782931647855,0.2911623597683371,2.5677760196072463,0.74672569716462,39.66396755890013,1036.7603224938143,READY,17.298523147960022,False,85.37683675189699,0,4,97.980796924389,CHECK,LOW,STANDBY,1,0,3
2025-03-05 10:14:39.207,5345.758605768326,269.28469352857826,35.050321927569925,-4.342578452794277,16.209530094646773,0.30230262561330096,2.5572059475985913,0.750921478100206,39.63471130155665,1081.4211807681938,READY,17.298523147960022,False,85.39200637778745,0,4,98.27748135838259,CHECK,LOW,STANDBY,1,0,3
2025-03-05 10:14:39.238,5351.659944804858,270.14775284943227,35.33074299755956,-4.203192273299412,15.881544482834194,0.25923999164866496,2.4791312382449253,0.7441808778331797,39.61537625565039,1124.7757439392726,READY,17.298523147960022,False,85.3637911658054,0,4,98.04506392976336,CHECK,LOW,STANDBY,1,0,3
2025-03-05 10:14:39.270,5359.66313658535,271.0518586952736,35.04705970373812,-4.380109112428606,15.841717114727732,0.293641013020311,2.404526200847529,0.7437370178043594,39.603933212022454,1120.5488454484491,READY,17.298523147960022,False,85.30882208643665,0,4,97.64887270759695,CHECK,LOW,STANDBY,1,0,3
2025-03-05 10:14:39.304,5340.338500412696,272.8591211663961,34.95525468487504,-4.466074315055384,15.581814062055473,0.3050324333312753,2.468657831111585,0.749018974458198,39.58374446153265,1080.4363178979797,READY,17.298523147960022,False,85.49916614466501,0,4,98.10057109122805,CHECK,LOW,STANDBY,1,0,3
2025-03-05 10:14:39.347,5354.55551435101,273.3166678787591,35.22332244386896,-4.304490102927369,15.226147437778867,0.2853884529862916,2.555982661655436,0.7452057200396262,39.57276421910518,1066.4654206694586,READY,17.298523147960022,False,85.41561836237089,0,4,97.91652520036969,CHECK,LOW,STANDBY,1,0,3
2025-03-05 10:14:39.367,5356.838956580435,273.8814506622898,34.91867062205539,-4.383659073842438,15.491854367120812,0.25240206627985345,2.4590698375239546,0.7506153454426083,39.538021417975905,1088.3502842604255,READY,17.298523147960022,False,85.4530571258112,0,4,97.50437496481784,WARNING,LOW,STANDBY,1,0,3
2025-03-05 10:14:39.398,5355.2249460211,272.25156426974945,34.46921870086813,-4.311802613603208,15.688698423108155,0.25332884050230536,2.3937334491873132,0.7535553522780515,39.50445257935987,1086.095872987476,READY,17.298523147960022,False,85.40357205653251,0,3,97.8679458775242,WARNING,LOW,STANDBY,1,0,3
2025-03-05 10:14:39.432,5358.964150950956,271.4543970987696,34.12767860533903,-4.367886388168735,15.37015041872547,0.2917693687285506,2.444679789884803,0.7489182927170934,39.492896707443606,1122.2459843082863,READY,17.298523147960022,False,85.26357018609504,0,3,98.17728396281655,WARNING,LOW,STANDBY,1,0,3
2025-03-05 10:14:39.466,5371.067900204703,269.5505783479589,33.64429156288093,-4.193934627320393,15.040172166149292,0.3409571922794752,2.419204103097215,0.7486000038815877,39.45530410291106,1167.6872071346074,READY,17.298523147960022,False,85.3329791198012,0,3,98.30843253140958,WARNING,LOW,STANDBY,1,0,3
2025-03-05 10:14:39.499,5367.510663938455,270.6884054491363,33.20688436576899,-4.404232736911225,15.372492098040105,0.35104897889975006,2.3356604782261727,0.7535781405442259,39.41638555126666,1125.7551058565707,READY,17.298523147960022,False,85.53019073536032,0,3,98.35612481002583,WARNING,LOW,STANDBY,1,0,3
2025-03-05 10:14:39.532,5364.96411035306,270.62931778255216,33.14295058401198,-4.639395623395085,15.187404164627115,0.3684473399010152,2.355225499922303,0.7523541095001688,39.37996380183455,1166.5209171636825,READY,17.298523147960022,False,85.40750724281334,0,3,98.38601387501046,WARNING,LOW,STANDBY,1,3,3
2025-03-05 10:14:39.568,5348.15650390988,270.28384373102887,33.02342637995709,-4.803056756471277,15.600672238895369,0.40406118311475836,2.2775664845981836,0.7452183637373535,39.338003314451285,1183.6872126174037,READY,17.298523147960022,False,85.44021044344873,0,3,98.53667674884312,WARNING,LOW,STANDBY,1,3,3
2025-03-05 10:14:39.600,5362.782380513419,270.6237243682068,33.48957200434333,-4.65017233030684,15.859532386014513,0.4084787571480263,2.3318796204892527,0.739296068915277,39.30142512648889,1198.944814765832,READY,17.298523147960022,False,85.38068132193263,0,3,98.42960694436326,WARNING,LOW,STANDBY,1,3,3
2025-03-05 10:14:39.632,5367.4219921709855,271.4602261328291,33.63675072049818,-4.372572532639366,15.953169898364045,0.4050238378081815,2.3761789499241526,0.7319437169641133,39.26141140639461,1178.5342975840651,READY,17.298523147960022,False,85.28943270363906,0,3,98.76054043458893,WARNING,LOW,STANDBY,1,3,3
2025-03-05 10:14:39.673,5384.056466355413,272.43542807896586,34.03932523747412,-4.573260203484564,15.525799305196955,0.41008755029326066,2.4571226070912577,0.7292619124928668,39.232837607400235,1210.963171361933,READY,17.298523147960022,False,85.32621629411221,0,3,99.13242973680931,WARNING,LOW,STANDBY,1,3,3
2025-03-05 10:14:39.701,5377.472519693256,272.8117096835896,34.21281650787075,-4.858882288051863,15.026128418897793,0.38588782027370927,2.3797302300359444,0.7390746665256439,39.21164207721527,1234.7020416800842,READY,17.298523147960022,False,85.28424022013489,0,2,99.32165721849255,WARNING,LOW,STANDBY,2,3,3
2025-03-05 10:14:39.730,5374.52351949265,272.6511127193665,34.29057133863509,-4.5951756558739065,14.820994639809319,0.3670553400149022,2.346982511909814,0.7422652063176702,39.17059158939313,1209.919831571605,READY,17.298523147960022,False,85.29187243983336,0,2,99.32614784133474,WARNING,LOW,STANDBY,2,3,3
2025-03-05 10:14:39.771,5365.1343241190125,272.7369183715417,34.141700392628934,-4.668689299976537,14.489395976995144,0.3975935107603009,2.334339472978008,0.7381923521747015,39.14455162807342,1238.8351658836893,READY,17.298523147960022,False,85.38705305639404,0,2,99.5072220248323,WARNING,LOW,STANDBY,2,3,3
2025-03-05 10:14:39.800,5367.480944077964,272.10578131603074,33.91964335679396,-4.816601097147215,14.18314539304454,0.3841501123163955,2.313026526856899,0.7356487136588921,39.12133160824986,1260.9060068610959,READY,17.298523147960022,False,85.40234909787605,0,2,99.7450359715517,WARNING,LOW,STANDBY,2,3,3
2025-03-05 10:14:39.829,5374.957942552479,271.8573305177337,33.8943044456538,-4.987143604177517,14.317343703072636,0.4015582995787583,2.4038437015623195,0.7413727685420373,39.07402578067925,1280.7319824864735,READY,17.298523147960022,False,85.41977106300241,0,2,99.6783844957155,WARNING,LOW,STANDBY,2,3,3
2025-03-05 10:14:39.865,5388.49201479468,270.8745470532011,33.956520355366855,-4.942524781402671,14.057306130087374,0.419915096529528,2.3925795924002373,0.7350270993406824,39.058925315246064,1329.7469087666984,READY,17.298523147960022,False,85.44753710927048,0,2,100,WARNING,LOW,STANDBY,2,3,3
2025-03-05 10:14:39.900,5389.176101164788,269.0978814896175,33.74126184066207,-5.057312983215983,13.984686164527925,0.4323100960516738,2.391265406027492,0.7342071258227271,39.0233071304606,1364.4200071276728,READY,17.298523147960022,False,85.60772513246756,0,2,100,WARNING,LOW,STANDBY,1,3,3
2025-03-05 10:14:39.941,5381.779995839652,270.5716100263823,33.750028753634105,-5.034549787400727,13.624987252401608,0.4565422484272748,2.3714460245697935,0.7370142131306305,39.009318581741034,1357.6900804198458,READY,17.298523147960022,False,85.40942019203453,0,2,100,WARNING,LOW,STANDBY,1,3,3
2025-03-05 10:14:39.977,5398.694849850672,271.92210880627937,34.03991611293518,-5.119327517328349,13.673275137249812,0.4565044728569344,2.3157202309499385,0.7438649383692351,38.967217882842476,1397.9202936511228,READY,17.298523147960022,False,85.2196393816464,0,2,100,WARNING,LOW,STANDBY,1,3,3
2025-03-05 10:14:40.001,5409.510360835426,273.251542541893,33.61542475962563,-4.947215539161633,13.887623955925983,0.47033727497657696,2.2300536655779677,0.7468544874207124,38.93395039933548,1440.8335534228731,READY,17.298523147960022,False,85.3802352999785,0,2,100,WARNING,LOW,STANDBY,1,3,3
2025-03-05 10:14:40.030,5428.755383892995,272.0200545448713,33.16470659149944,-5.202827968145931,14.218627840113518,0.4401464355139812,2.145922773084064,0.7455351930854965,38.89509208675559,1401.386360652972,READY,17.298523147960022,False,85.26788645521741,0,2,100,WARNING,LOW,STANDBY,1,3,3
2025-03-05 10:14:40.066,5411.315029284363,272.53979857670544,33.14634295427528,-5.279659946240339,14.624840212652643,0.4702951208117303,2.076453010755609,0.7381935233633666,38.863161671056794,1427.9666496804603,READY,17.298523147960022,False,85.35135499945218,0,2,99.98837488767104,WARNING,LOW,STANDBY,1,3,3
2025-03-05 10:14:40.101,5416.316139055268,274.33432974937523,32.861160146764824,-5.539710461862356,14.416347283445088,0.5178692413994568,2.1340370882641797,0.7343977351687445,38.84450508274201,1466.295870898871,READY,17.298523147960022,False,85.21627340709789,0,2,99.75352025151234,WARNING,LOW,STANDBY,1,3,3
2025-03-05 10:14:40.141,5405.291482344076,275.97600509123305,32.59759182144445,-5.636278676579812,14.760661054354712,0.4850070556963919,2.0815122516282627,0.7335742273522516,38.82918203076709,1462.5297910239508,READY,17.298523147960022,False,85.11318579121121,0,2,100,WARNING,LOW,STANDBY,1,3,3
2025-03-05 10:14:40.180,5395.779364941876,276.11050277814684,32.514582105628996,-5.92528868753075,14.765901797913653,0.5294322111859666,2.1109272934422023,0.7415115195738561,38.81344425647884,1489.7519239293538,READY,17.298523147960022,False,85.06204792321675,0,2,99.50153613620977,WARNING,LOW,STANDBY,1,3,3
2025-03-05 10:14:40.206,5404.561582138443,276.90837162426004,32.987010531158816,-5.6340808830538105,15.176772260046265,0.4977324069193845,2.162119725354595,0.7371987206152657,38.78147955599414,1525.5736449638853,READY,17.298523147960022,False,85.2325876077679,0,2,99.40886508569248,WARNING,LOW,STANDBY,1,3,3
2025-03-05 10:14:40.233,5387.145916095539,276.08815935583897,33.17235070599601,-5.828499303597586,14.814548004507754,0.5348179096446759,2.1338333123365096,0.7361367650333983,38.74082131746571,1518.2300012814353,READY,17.298523147960022,False,85.20807919349168,0,2,99.7131521890017,WARNING,LOW,STANDBY,1,3,3
2025-03-05 10:14:40.270,5385.89323711854,274.17331193927396,33.61124455405707,-5.659624233684845,14.65397636993357,0.5276707778483664,2.1769773835438504,0.7434232767713653,38.70150414878959,1500.058656130573,READY,17.298523147960022,False,85.13361053445247,0,2,99.23631852590871,WARNING,LOW,STANDBY,1,3,3
2025-03-05 10:14:40.301,5384.425703118037,275.6877844854578,33.25627475137824,-5.455748403422425,14.605370535576636,0.4904166527405115,2.171024024246198,0.7373451473769239,38.663012452773835,1503.0996317220752,READY,17.298523147960022,False,85.24078701761287,0,2,99.12181007846904,WARNING,LOW,STANDBY,1,3,3
