timestamp,altitude,airspeed,heading,pitch,roll,g_force,aoa,mach,fuel,vertical_speed,weapon_status,target_distance,target_locked,waypoint_bearing,waypoint_distance,radar_contacts,engine_temp,system_status,threat_level,ecm_status,symbol_attack,symbol_defense,symbol_navigation
2025-03-05 10:13:12.493,4990.4253033382065,320.99045901248667,45.33587614996451,0.04711834715521668,-0.06439391393098925,1.0139713614347463,2.5636860883538586,0.7418184711115806,69.97610582372363,-30.465449145135935,READY,12.5,False,85.06279654694063,44.92017250122242,2,85.00349521857761,NOMINAL,LOW,STANDBY,0,1,2
2025-03-05 10:13:12.520,4985.128721881135,322.6190620999153,45.56825250977095,-0.057976473822400926,0.17546572797816395,0.9805312620736113,2.5392218567547715,0.7454605395949908,69.92846769888087,-8.779250013375005,READY,12.5,False,85.26198981209815,44.856209129926235,2,84.54224836902634,NOMINAL,LOW,STANDBY,0,1,2
2025-03-05 10:13:12.548,4980.280234875086,321.1003684703638,45.73836750438811,-0.08565652640363833,0.014119292055303712,0.9930395806939584,2.5962684557898004,0.745392800093666,69.90443269827647,-36.329707914156984,READY,12.5,False,85.31928201228331,44.777310163587664,3,84.4390694668044,NOMINAL,LOW,STANDBY,0,1,2
2025-03-05 10:13:12.584,4966.045583147299,319.9789476400947,45.80346181647643,0.18168440856521054,0.20873493473092464,0.9752149126543422,2.6359824399402854,0.7532214759750002,69.86236407907474,-4.337229918298576,READY,12.5,False,85.46758991750922,44.70411952660558,3,84.37512171499945,NOMINAL,LOW,STANDBY,0,1,2
2025-03-05 10:13:12.617,4949.516071771152,319.5733237444381,45.85375116577294,0.06555864882032691,0.19153612452726076,0.9873782385405777,2.5452954043436455,0.7453776311613997,69.84465377804933,4.04941795366058,READY,12.5,False,85.62139931895669,44.65200876900672,3,84.79464989683527,NOMINAL,LOW,STANDBY,0,1,2
2025-03-05 10:13:12.647,4968.017971904563,320.06423889248674,46.353332760592714,0.1783398573664886,0.24841161337192075,0.9467697623290683,2.528204822956574,0.754240386053579,69.814091425972,46.4858801940741,READY,12.5,False,85.67425307068997,44.56136537274506,3,85.09554531695866,NOMINAL,LOW,STANDBY,0,1,2
2025-03-05 10:13:12.678,4962.001993074628,318.92078483840885,46.47893677450295,-0.09952861206449681,-0.2231037506358513,0.9761505291723416,2.4606439093065258,0.7458162715104414,69.78031717195412,22.013314651677447,READY,12.5,False,85.62655795663004,44.478399301787746,3,84.88196376620486,NOMINAL,LOW,STANDBY,0,1,2
2025-03-05 10:13:12.717,4961.397489142017,317.1406598704484,46.564752347043516,-0.20437726767467232,-0.4050069314370548,0.9381103222609606,2.50526482622965,0.748645111410215,69.7559509238245,23.00139885314333,READY,12.5,False,85.67385087442723,44.39947858167824,3,85.11673934946319,NOMINAL,LOW,STANDBY,0,1,2
2025-03-05 10:13:12.747,4968.030220218914,315.7722605114407,46.53664142177887,-0.13586964887062156,-0.2759215866711294,0.9484772898292345,2.4528790462423333,0.7423915829692123,69.74141709621803,-14.549475209988962,READY,12.5,False,85.48601627454185,44.303663620695346,3,84.85829650079943,NOMINAL,LOW,STANDBY,0,1,2
2025-03-05 10:13:12.779,4978.316860315666,314.6410478763201,46.44297998558383,-0.2624217358708818,-0.12287724580586334,0.9827380103532316,2.5385951906506135,0.7475148871315179,69.72721551092134,3.824660716858695,READY,12.5,False,85.5664708450663,44.22822721077363,3,85.0387271611966,NOMINAL,LOW,STANDBY,0,1,2
2025-03-05 10:13:12.818,4985.060990486902,314.9888848336408,46.0064061051732,-0.42926723146865065,-0.5604114599532998,1.0185806261577446,2.5747969351141653,0.7445736700338228,69.69639968757788,-28.253047037179364,READY,12.5,False,85.7197253911585,44.14608545304444,3,85.44921380240183,NOMINAL,LOW,STANDBY,2,1,2
2025-03-05 10:13:12.846,4983.258602355936,315.01411403127787,46.297329971851404,-0.6492319915570273,-0.9627847139632026,1.0540787577276547,2.6414707149466836,0.7392290776336022,69.66902972485425,-70.53144452925201,READY,12.5,False,85.65516921879822,44.05441990963472,3,85.21835101860582,NOMINAL,LOW,STANDBY,2,1,2
2025-03-05 10:13:12.883,4985.564630700313,314.1686320128982,46.35301514481897,-0.8525505442363285,-1.2108790921333812,1.0054296108402747,2.642593366788633,0.7302783140297044,69.62181420379954,-63.315999090071756,READY,12.5,False,85.50761608894722,43.95751343452836,3,84.98402085401847,NOMINAL,LOW,STANDBY,2,1,2
2025-03-05 10:13:12.917,4995.304022650534,315.06748708203645,46.68509023445329,-0.6773913351243694,-1.3217858127476902,0.9698850145715909,2.6559861268901535,0.7268272187325319,69.57828904279923,-56.06296950383413,READY,12.5,False,85.49956771359227,43.86265202780897,3,84.69749114709978,NOMINAL,LOW,STANDBY,2,1,2
2025-03-05 10:13:12.949,4984.251354445245,314.1877987475458,46.56326808171526,-0.8245063548668689,-1.1317998639873421,0.9355718534935404,2.6458623135396517,0.7195050725777461,69.55430815087308,-63.16206599464082,READY,12.5,False,85.48598087853775,43.79269691819706,3,84.94061628970975,NOMINAL,LOW,STANDBY,2,1,2
2025-03-05 10:13:12.979,4967.281375333904,314.79816732141734,46.951672509014664,-0.7666843622039881,-1.3824890087936423,0.8879753383067428,2.6393280260533896,0.7095913526257343,69.5242576328278,-57.61879810997378,READY,12.5,False,85.66614205904696,43.70979915122035,3,84.50067164528492,NOMINAL,LOW,STANDBY,2,1,2
2025-03-05 10:13:13.017,4984.3996363251745,315.45572438977547,46.71930272100632,-0.7920489989392117,-1.5970755309543008,0.9222883632657537,2.606020771153883,0.7190417290239365,69.50160905481557,-86.95756709438373,READY,12.5,False,85.51843825099496,43.62342520432229,3,84.70440684432083,NOMINAL,LOW,STANDBY,2,1,2
2025-03-05 10:13:13.050,4975.759858687711,313.76943248423174,46.26851192920985,-0.8752609563720049,-1.2794735389810517,0.9569966085412855,2.6519507410197494,0.7155811017904895,69.47422016617688,-84.93372182875356,READY,12.5,False,85.45277189289507,43.571917174876134,4,85.08323021764761,NOMINAL,LOW,STANDBY,2,1,2
2025-03-05 10:13:13.092,4976.965579593598,314.10990930082875,45.97289377767476,-0.8090923490136295,-1.0033189355524503,0.9147755516407082,2.5716132160111793,0.7205059587039084,69.43489109763786,-111.96541621209686,READY,12.5,False,85.34337959662942,43.49241487185066,4,85.11832191782365,NOMINAL,LOW,STANDBY,2,1,2
2025-03-05 10:13:13.128,4965.9778978960185,315.7806551539839,46.18775362792085,-0.7932567851460267,-1.1430760427780868,0.8982018127160454,2.6466104030615063,0.7274358306796338,69.39296045889225,-155.63692411723426,READY,12.5,False,85.3717888765223,43.40246549065393,4,85.30164293779595,NOMINAL,LOW,STANDBY,2,1,2
2025-03-05 10:13:13.160,4949.699691960125,314.48912850381055,46.3198648793522,-0.5339719400436862,-0.7752600403412618,0.9007081658013328,2.634760842352144,0.7190570519352727,69.37625439786883,-165.53430929091152,READY,12.5,False,85.17584523860202,43.33423573118569,4,84.81920457134682,NOMINAL,LOW,STANDBY,2,1,2
2025-03-05 10:13:13.190,4968.909417207822,315.3451822390369,46.05257460089625,-0.5412040832457359,-0.8752268196501768,0.8697291489638805,2.6425142931887597,0.7128106760467278,69.3635427532343,-147.42457463524914,READY,12.5,False,85.19020057520838,43.264802724236844,4,84.94277838192349,NOMINAL,LOW,STANDBY,2,1,2
2025-03-05 10:13:13.239,4979.16576595518,313.77087530873564,45.897292843809694,-0.41509465893681347,-1.2251645114884184,0.8939841802360601,2.7299671875666984,0.7170710734038704,69.33887670031235,-122.56375695645124,READY,12.5,False,85.22702906361963,43.20555223522297,4,84.90300564821261,NOMINAL,LOW,STANDBY,2,1,2
2025-03-05 10:13:13.269,4966.66921818848,313.76876748899423,46.011236903923894,-0.4843533593359661,-0.7265256180683594,0.9201113148588382,2.810394974487211,0.720428718945581,69.2930278196638,-151.6635629979995,READY,12.5,False,85.1067442744186,43.10568978171076,4,85.2458999032721,NOMINAL,LOW,STANDBY,2,1,2
2025-03-05 10:13:13.284,4961.829022645621,312.79530616066853,46.3569360529069,-0.71580950832718,-0.5258086876525843,0.964283793148214,2.866510252720916,0.7197874265899954,69.25420821105779,-105.16299638718615,READY,12.5,False,85.23511442882828,43.01584977305386,4,85.1716777385337,NOMINAL,LOW,STANDBY,2,1,2
2025-03-05 10:13:13.318,4962.5065431356925,312.2123388503789,46.65608827459904,-0.6725524384767785,-0.9121380066674024,0.9586160422739217,2.906661829187056,0.7198701145984527,69.23564737239066,-100.58379367058438,READY,12.5,False,85.34051095068789,42.91846643102922,4,85.45506293127902,NOMINAL,LOW,STANDBY,2,1,2
2025-03-05 10:13:13.350,4981.613086096532,313.5720613264651,46.89039566829627,-0.41756374996787143,-0.8335770930893999,0.9978830489236091,2.815380222019047,0.7169854490584612,69.20511115620555,-68.48455398961754,READY,12.5,False,85.29545136824451,42.85268463923991,4,85.51250429152795,NOMINAL,LOW,STANDBY,2,1,2
2025-03-05 10:13:13.382,4994.477249328758,312.4335003765104,46.99324469203523,-0.32643730467561743,-0.9851159054356233,1.0228645265998022,2.832827630393728,0.7086894462398149,69.17767421268067,-105.54962174299615,READY,12.5,False,85.25005333345742,42.778628556140205,4,85.70440054461939,NOMINAL,LOW,STANDBY,2,1,2
2025-03-05 10:13:13.423,4988.885612216678,310.8832844842906,47.38585898453552,-0.09537218930182545,-0.7569206542604199,1.0408802227658296,2.836611667369228,0.7109775135805317,69.14485148263323,-74.39577183934374,READY,12.5,False,85.14920359135867,42.695294314132646,4,85.79669409341204,NOMINAL,LOW,STANDBY,2,1,2
2025-03-05 10:13:13.455,4990.948249446843,311.3115912675706,47.06425230807054,-0.3857527491588904,-0.8184620203020009,1.0028326655179565,2.767277830722993,0.7204476128020677,69.11871139348881,-82.16620114173634,READY,12.5,False,84.95302910768349,42.617230085142516,4,86.19529924386751,NOMINAL,LOW,STANDBY,2,1,2
2025-03-05 10:13:13.486,4972.027596752954,312.6381101726893,47.07659828925673,-0.32853815729192787,-0.5411449939614952,1.0052524154256075,2.6849959723399435,0.7138090541626215,69.08703481205596,-35.76863940605779,READY,12.5,False,85.01708219490078,42.54626090343923,4,85.85614220366219,NOMINAL,LOW,STANDBY,2,1,2
2025-03-05 10:13:13.534,4982.948558890038,312.7161284613954,46.90085390860151,-0.11370185508813191,-0.9240957599342227,0.9787665119595085,2.75329021197552,0.7182099841955804,69.06524387873947,-15.875660691127763,READY,12.5,False,84.90955400066909,42.487827737522494,4,85.38229227948689,NOMINAL,LOW,STANDBY,2,1,2
2025-03-05 10:13:13.567,4988.992371484164,311.8476625807393,47.05056297232342,-0.13040639674506793,-1.3393428357558557,0.9419800194685634,2.8165370549082915,0.7105582065992039,69.04245363919243,3.6181254664136304,READY,12.5,False,84.78501223607313,42.38894233660361,4,85.3339672767888,NOMINAL,LOW,STANDBY,2,1,2
2025-03-05 10:13:13.591,4993.751888160883,310.8277256069028,47.30768400518627,-0.17872672825511693,-1.7819241522981568,0.8941850827564929,2.730916780093598,0.7116338079581719,69.00455850983907,51.30240901949924,READY,12.5,False,84.77349371942042,42.31790733345975,4,85.33290903701909,NOMINAL,LOW,PASSIVE,2,1,2
2025-03-05 10:13:13.628,4980.060487249982,311.35776882409914,47.51385071717285,0.05379209811184377,-1.5105348941228933,0.8862423380663124,2.6360465100921706,0.711792620946584,68.98789208371555,69.32533618960916,READY,12.5,False,84.84463852729058,42.21820446651972,4,85.74624157971847,NOMINAL,LOW,PASSIVE,2,1,2
2025-03-05 10:13:13.656,4999.944338417119,313.2560387058679,47.92773536486094,-0.07001485508401487,-1.8669185571771396,0.9247060393868524,2.708324562371832,0.7018119638874586,68.94554892662454,88.4858965023176,READY,12.5,False,84.79495167889378,42.142883361995054,4,85.43089339249224,NOMINAL,LOW,PASSIVE,2,1,2
2025-03-05 10:13:13.692,4986.24056696266,312.272379986719,48.03029041132861,-0.324444139546058,-2.0290753202525478,0.9717315665657338,2.698026475488765,0.6959012232028562,68.90398461801817,94.20988123912508,READY,12.5,False,84.9421873400564,42.07304090908919,4,85.23007319013867,NOMINAL,LOW,PASSIVE,2,1,2
2025-03-05 10:13:13.725,4979.202846911807,312.88034917860665,48.33969204519196,-0.2585548500144871,-1.968628746832251,0.9758776304740631,2.6006331487488885,0.6933086476305829,68.8824294497595,87.60003118296389,READY,12.5,False,84.78746896991218,41.98793814329228,4,84.95552727278866,NOMINAL,LOW,PASSIVE,2,1,2
2025-03-05 10:13:13.757,4975.104466270201,312.3598116191753,48.748487594667246,-0.36929463252232597,-2.3794114630970187,1.0133897518584645,2.6368480260171387,0.6943943910061329,68.84691490935725,107.67802521772154,READY,12.5,False,84.60284761265046,41.89682216198388,4,84.58787223155241,NOMINAL,LOW,PASSIVE,2,1,2
2025-03-05 10:13:13.792,4965.149835759945,313.05080674771307,48.965660407790516,-0.5384741745311212,-2.2559518493065216,1.0190460956362335,2.5808907408553745,0.6863874373545557,68.82082655777579,126.9664195875407,READY,12.5,False,84.44443028192913,41.81696864367576,4,84.15861184720758,NOMINAL,LOW,PASSIVE,2,1,2
2025-03-05 10:13:13.826,4950.580880506602,313.1514667817441,49.385716357940325,-0.8076823488773491,-2.5104097952278663,1.0374956863709728,2.5815329137737786,0.6879874635222493,68.80773942277658,136.28331451797123,READY,12.5,False,84.38345216485155,41.74065240614198,4,84.44836472445866,NOMINAL,LOW,PASSIVE,2,1,0
2025-03-05 10:13:13.857,4941.043938437312,312.4244908642458,49.8428807905691,-0.7742303032286678,-2.4547078737728474,1.0564331650808498,2.5296701006487323,0.691710050579213,68.79469343255278,168.34287627191355,READY,12.5,False,84.24607223794703,41.643841145258065,4,84.53714245745049,NOMINAL,LOW,PASSIVE,2,1,0
2025-03-05 10:13:13.897,4934.09918126573,314.0411627343536,50.243624775830966,-0.9972404329038609,-2.0058333152733416,1.0910913398012343,2.472008904049803,0.6983348788375775,68.78404822800455,127.27861523918827,READY,12.5,False,84.09666512559178,41.59271359987893,5,84.76522981146431,NOMINAL,LOW,PASSIVE,2,1,0
2025-03-05 10:13:13.922,4937.318372682229,314.95167798653756,50.03088596986576,-1.1312697905360611,-1.8514735089800074,1.1226171612428002,2.401021305939916,0.6895326847014367,68.75277056885962,130.59719829360108,READY,12.5,False,84.01214402437269,41.500216375462244,5,84.3559506234709,NOMINAL,LOW,PASSIVE,2,1,0
2025-03-05 10:13:13.947,4938.7034290516085,314.3962012779396,49.71595139334164,-0.9200169484768446,-1.5876792881699306,1.0861894510181833,2.3068512050122303,0.6992209330715666,68.7053059616778,177.38592740823637,READY,12.5,False,84.13641726869231,41.41893153421726,5,84.7449021002196,NOMINAL,LOW,PASSIVE,2,1,0
2025-03-05 10:13:13.984,4923.431688126587,315.18202148529355,49.6202427366005,-0.6412173136212334,-1.8365257872473184,1.0451225783351,2.352895687880009,0.6974523118187749,68.68219480345448,161.90545888661921,READY,12.5,False,84.27889876101929,41.33965582558401,5,84.98301759679417,NOMINAL,LOW,PASSIVE,2,1,0
2025-03-05 10:13:14.015,4913.612352288747,313.62821809044146,49.89533629867278,-0.8040084170979229,-1.8781154284674275,0.9988517510422282,2.3728452595437806,0.7026206928394548,68.63556314976269,156.17563052004033,READY,12.5,False,84.20412899293206,41.28288378777247,5,85.11735303427977,NOMINAL,LOW,PASSIVE,2,1,0
2025-03-05 10:13:14.048,4933.044604280163,313.9148251654986,50.33651102298828,-0.8552957195792024,-1.6732968214105957,1.0160051072259684,2.400024432626011,0.7096010802699786,68.59414682590852,182.97033631705847,READY,12.5,False,84.16493092653334,41.20717826608641,5,85.37710282987452,NOMINAL,LOW,PASSIVE,2,1,0
2025-03-05 10:13:14.083,4944.363057343978,312.5460155743476,50.18460659021431,-1.1385646882235951,-1.5141392288390216,1.0606219069840856,2.410800951865111,0.714134390825211,68.56092347499734,204.26337190552823,READY,12.5,False,84.09424770632168,41.11781409310415,5,85.8621807118495,NOMINAL,LOW,PASSIVE,2,1,0
2025-03-05 10:13:14.114,4942.6355886755555,313.4651141144907,50.3425070334248,-1.22737774989454,-1.8009037280182385,1.0319477403074524,2.4483652965181264,0.7163248888715708,68.52535103686053,155.65142522598003,READY,12.5,False,83.9864273270838,41.02796749007625,5,86.04042461195782,NOMINAL,LOW,PASSIVE,2,1,0
2025-03-05 10:13:14.146,4942.505462560429,313.2393262140829,50.67196822595331,-1.4293691753881204,-2.0114538061195364,1.033902160985579,2.431908536342965,0.7079055928647818,68.4830461510667,125.27809147509834,READY,12.5,False,83.93776929908579,40.96549592435284,5,86.38597642716636,NOMINAL,LOW,PASSIVE,2,1,0
2025-03-05 10:13:14.187,4961.649055599739,312.33468094483834,50.34761752126042,-1.479676209407947,-1.6122958685130113,1.0327083077126347,2.3609939226330314,0.7007925021511853,68.46173259451214,109.39666458563543,READY,12.5,False,83.94922014923671,40.90369012138083,5,86.35000802739258,NOMINAL,LOW,PASSIVE,2,1,0
2025-03-05 10:13:14.223,4948.293537442718,311.27166001984193,49.976551277822836,-1.637753147341663,-1.6931931412577612,1.00318400669002,2.427041850858537,0.6920122701456736,68.4143323192561,71.58388920387928,READY,12.5,False,83.93186111704013,40.85168393750656,5,85.93995088494603,NOMINAL,LOW,PASSIVE,2,1,0
2025-03-05 10:13:14.247,4933.005726177197,309.66905945957336,50.06941463814013,-1.4167892592188263,-1.7196222056569588,0.998832818796389,2.4108092473214002,0.6932098731233424,68.37224393462854,88.82654849308645,READY,12.5,False,83.8712566559051,40.76425973090384,5,85.85376872151225,NOMINAL,LOW,PASSIVE,2,1,0
2025-03-05 10:13:14.283,4944.446849243151,310.627633641799,50.4514732010091,-1.6476615153409142,-1.9708201467878985,1.0254226805933746,2.3175950081898478,0.683217747047957,68.32553391538539,127.46456467082572,READY,12.5,False,83.87757118119647,40.691404722469414,5,86.06587234920102,NOMINAL,LOW,PASSIVE,2,1,0
2025-03-05 10:13:14.319,4950.164893949585,311.5733215559019,50.08959771052989,-1.8112349278331061,-2.061369412766434,1.0162723814931849,2.3315461461136544,0.6784385009957092,68.2843897316285,93.44038842986143,READY,12.5,False,83.87731528077704,40.60878030043423,5,86.35096972603728,NOMINAL,LOW,PASSIVE,2,1,3
2025-03-05 10:13:14.352,4941.850876823005,311.4565146795886,49.80234415015551,-1.7903766705219346,-1.5762775857905642,1.0081880647337331,2.290324399916807,0.6850160315344422,68.25187148519757,70.03668249027221,READY,12.5,False,83.7338751027164,40.51053205536276,5,86.23138839617371,NOMINAL,LOW,PASSIVE,2,1,3
2025-03-05 10:13:14.388,4933.669019813764,312.71338005448234,49.72698763789473,-1.8836280660746456,-1.391597536231633,0.9991278571397819,2.196968148968388,0.6922886567488269,68.23722219539093,53.85916285842558,READY,12.5,False,83.92502593501428,40.42125664192183,5,85.8013980697001,NOMINAL,LOW,PASSIVE,2,1,3
2025-03-05 10:13:14.420,4931.579537010686,311.1826333455252,49.438806938806074,-1.7498916676333265,-1.4307504700361282,1.0231065158803794,2.0985444710937253,0.695768770173305,68.19383646368225,83.94992873227905,READY,12.5,False,83.93507086570011,40.32800647534165,5,85.65316466375295,NOMINAL,LOW,PASSIVE,2,1,3
2025-03-05 10:13:14.453,4931.260631117933,313.06755090601433,49.01895840840526,-1.9582998195311458,-1.5888554339800294,1.0655617700232023,2.093098510129212,0.6996399985634301,68.16929431841723,68.81602187818768,READY,12.5,False,84.09858251264508,40.242629702208845,5,85.56827873600456,NOMINAL,LOW,PASSIVE,2,1,3
2025-03-05 10:13:14.488,4938.922072206765,311.09018558740553,48.601244760280146,-1.9068481153554553,-1.6571875202504933,1.1085683988585593,2.0140086423234496,0.7052404413758095,68.14749563328888,21.94219382805371,READY,12.5,False,84.23497617187782,40.14698574647657,5,85.89580943978682,NOMINAL,LOW,PASSIVE,2,1,3
2025-03-05 10:13:14.520,4932.193754989425,311.6727241919161,48.48339013517433,-1.9556286718832847,-2.0645063778867607,1.1537681210228015,2.0004296926048095,0.7043148874950453,68.11811272298478,35.17988463564956,READY,12.5,False,84.29931715135538,40.04701297997538,5,86.2451315176651,NOMINAL,LOW,PASSIVE,2,1,3
2025-03-05 10:13:14.553,4950.497489322291,311.5698861721256,48.204227952955044,-2.105538473609338,-1.5960901700730723,1.1936600947200091,2.008833132562793,0.6984455221165807,68.07741209415897,67.36214401647217,READY,12.5,False,84.19499180548097,39.95485542524376,5,86.167509773639,NOMINAL,LOW,PASSIVE,2,1,3
2025-03-05 10:13:14.583,4942.138283839585,313.1444560800632,48.24653258493266,-1.987023767024673,-1.3028385065946688,1.1780491711315049,1.9465823833821598,0.7079916726928578,68.06204200495623,33.13024638135606,READY,12.5,False,84.10199862931324,39.859723882490385,5,86.60429174314193,NOMINAL,LOW,PASSIVE,2,1,2
2025-03-05 10:13:14.614,4928.368571331972,313.9770190049687,47.7761171342212,-2.1325338870906716,-1.2186302618507117,1.1296372399391026,2.0133419718280225,0.70950673782137,68.02596062136752,-4.626538403176326,READY,12.5,False,84.08443666172388,39.79616422503627,5,86.43454056922394,NOMINAL,LOW,PASSIVE,2,1,2
2025-03-05 10:13:14.650,4938.742808240287,315.0564879125191,47.463519748902634,-2.144270402384186,-1.5534451142650245,1.1479366520658738,2.0610056609839753,0.7094706393507805,68.00660201545745,-19.780557815026818,READY,12.5,False,84.1229729516641,39.713530848493825,5,86.48166447324178,NOMINAL,LOW,PASSIVE,2,1,2
2025-03-05 10:13:14.689,4942.05116113631,315.36865398651105,47.45471424439942,-2.144673133578629,-1.2157680272188485,1.161889765543147,2.1509252258065352,0.7096163896851406,67.98187695235168,26.595616664675568,READY,12.5,False,84.13036690247041,39.64072938054638,5,86.31546447482872,NOMINAL,LOW,PASSIVE,2,1,2
2025-03-05 10:13:14.722,4945.296716470007,313.36963664476224,47.126214334480224,-2.00023035217338,-1.0960588156291577,1.14901346262462,2.225818202081768,0.7106158777339301,67.93913357025902,-0.5274962320908863,READY,12.5,False,84.30013531087988,39.54198055232204,5,86.35672586157554,NOMINAL,LOW,PASSIVE,2,1,2
2025-03-05 10:13:14.746,4961.189807890614,313.2802634713695,47.37932595340683,-1.7936099668752858,-0.648734545524,1.1285301342672838,2.186737142155292,0.7110966323722341,67.90411805649036,24.50034811540686,READY,12.5,False,84.34545201697692,39.470416683638206,5,86.58221986498553,NOMINAL,LOW,PASSIVE,2,1,2
2025-03-05 10:13:14.783,4954.653015498837,311.46212364563235,46.889691033162485,-1.5435619196894406,-0.42698272615975774,1.1531398216368285,2.1319852197626012,0.7042728621386197,67.85920840690488,12.897083193817135,READY,12.5,False,84.28943222265676,39.39080077791233,5,86.41975989809676,NOMINAL,LOW,PASSIVE,2,1,2
2025-03-05 10:13:14.816,4944.562930511392,309.77401567913796,46.68232930578636,-1.605580864017061,-0.9241207819203776,1.1275224984997088,2.1279927869550104,0.7098574582641209,67.83059263339815,-2.328552159002509,READY,12.5,False,84.4628988533524,39.33020633160253,5,86.26320642281121,NOMINAL,LOW,PASSIVE,2,1,2
2025-03-05 10:13:14.850,4929.881555928145,309.7707666512587,46.77850609114883,-1.3983713511059868,-0.9945865321112924,1.0858045181056077,2.179376678069962,0.7041950626889769,67.78117520945113,-49.42051229254446,READY,12.5,False,84.56562651377104,39.25751363056407,5,86.06811362894122,NOMINAL,LOW,PASSIVE,2,1,2
2025-03-05 10:13:14.883,4927.596723437594,310.6993897329507,46.842313590265825,-1.5940610458073492,-1.4781717395066116,1.0808217944120915,2.207227764815711,0.7055794948509088,67.76017816392589,-4.185707393086162,READY,12.5,False,84.51431231155517,39.20397762195784,5,86.2898855684364,NOMINAL,LOW,PASSIVE,2,1,2
2025-03-05 10:13:14.914,4913.137089823209,308.7396293350054,47.104983571034595,-1.880129701943905,-1.6929761830068173,1.0471173566117804,2.187124735520982,0.7150534592151879,67.7196281594637,28.18333458505832,READY,12.5,False,84.50074685173772,39.1462799502077,5,86.56036392246995,NOMINAL,LOW,PASSIVE,2,1,2
2025-03-05 10:13:14.946,4907.174778191988,308.3124294620685,46.76228632611492,-1.6381350110594552,-2.058130052397426,1.052093838776469,2.1356846135599223,0.7238353519868642,67.68388420881224,31.954470948903094,READY,12.5,False,84.60813230230605,39.074387584082885,5,86.33460517079195,NOMINAL,LOW,PASSIVE,2,1,2
2025-03-05 10:13:14.985,4913.193061518049,307.54284447243776,46.97972096068663,-1.9305732421537853,-2.069176608448829,1.0508175987979709,2.1977788104708997,0.7173796464665733,67.66437296986783,73.4472561334563,READY,12.5,False,84.53362054832887,38.99833351258522,5,86.3283048838257,NOMINAL,LOW,PASSIVE,0,1,2
2025-03-05 10:13:15.021,4925.196239308015,307.4908980996876,47.10022075197865,-1.9122717115939254,-2.0463954168777088,1.084713914460976,2.1013331056216416,0.7174705910948153,67.65399162685462,76.42739132000216,READY,12.5,False,84.60987830912045,38.915060722623956,5,85.85173865044439,NOMINAL,LOW,PASSIVE,1,1,2
2025-03-05 10:13:15.054,4938.887650541641,306.9329636958384,47.489546653322066,-1.7632960475568995,-2.2139069752374296,1.0822555185383789,2.0274440924740182,0.7236651786770235,67.63646876997198,62.36697029614403,READY,12.5,False,84.44287485221938,38.8429201171254,5,85.81071006640549,NOMINAL,LOW,PASSIVE,1,1,2
2025-03-05 10:13:15.089,4954.428781433457,308.86132586629515,47.622924605209924,-1.7847717924440163,-1.8234464609118235,1.0590791114611637,1.9794278761068929,0.7237176763377593,67.59140520536974,48.0985235745183,READY,12.5,False,84.51570050360846,38.7631136976129,5,86.13512356595686,NOMINAL,LOW,PASSIVE,1,1,2
2025-03-05 10:13:15.121,4943.47609837963,308.3066074697633,47.4915167871483,-1.561643391242263,-2.2521777187978733,1.1014272935731455,1.97112921663742,0.7155280681592451,67.55511945611805,84.2475813527715,READY,12.5,False,84.37962358145134,38.70146247175566,5,86.3824870628572,NOMINAL,LOW,PASSIVE,1,1,2
2025-03-05 10:13:15.153,4934.733137307762,307.74026234441754,47.92101861958517,-1.380570624207535,-2.297390501536767,1.0775954731356856,1.9460087572376918,0.7088256673040583,67.51999979472153,40.698635631812664,READY,12.5,False,84.21765214491032,38.64755215826055,5,86.18534377152996,NOMINAL,LOW,PASSIVE,1,1,2
2025-03-05 10:13:15.185,4921.79032862835,307.04897056615306,48.02445384724838,-1.1689587914101336,-1.8735669814509333,1.0497606941961863,2.0100431414094078,0.7021913712585761,67.48326135731656,49.77130990226475,READY,12.5,False,84.35947405885507,38.56011501798377,5,85.88919966420258,NOMINAL,LOW,PASSIVE,1,1,2
2025-03-05 10:13:15.215,4927.562966474628,306.9265132168441,48.493858508760674,-1.3643333725206326,-1.919935545794658,1.073072825592185,2.053045978109525,0.7120165321630736,67.44521264304691,77.99056766784754,READY,12.5,False,84.18530438200278,38.46543574855792,5,86.30887033506777,NOMINAL,LOW,PASSIVE,1,1,2
2025-03-05 10:13:15.246,4930.742057980067,305.0115232333219,48.43614033288708,-1.2322683305530078,-1.470835357173053,1.0406296109029607,1.994986274733983,0.7082149644301128,67.40073227523206,69.91068003000382,READY,12.5,False,84.04718065291223,38.40096577121886,5,86.0776513970518,NOMINAL,LOW,PASSIVE,1,1,2
2025-03-05 10:13:15.294,4933.5501898777375,306.59886045572495,48.325908057672414,-1.4609546703294154,-1.7089416737946188,1.060051576149357,2.088113484339119,0.7020203198049225,67.37056461060224,63.90297645734815,READY,12.5,False,83.95907571916862,38.33216226586839,5,85.83174299177409,NOMINAL,LOW,PASSIVE,1,1,2
2025-03-05 10:13:15.321,4948.137705846487,305.3577371463881,47.826886781188165,-1.6323308978636175,-2.158297814627777,1.0663024300886683,2.1712453482089837,0.7049290574814511,67.3391785528055,68.92565441480896,READY,12.5,False,83.81415470394552,38.25259834829518,5,86.00803389406093,NOMINAL,LOW,PASSIVE,1,1,2
2025-03-05 10:13:15.353,4951.822739411405,306.7072364494987,47.45020269949935,-1.4325754708249197,-2.5771676785863042,1.064063032484413,2.08521376592615,0.7068915457074599,67.30279190490721,39.67845443248598,READY,12.5,False,83.97235472947808,38.16357511327912,5,85.52106317288676,NOMINAL,LOW,PASSIVE,1,1,2
2025-03-05 10:13:15.389,4953.969158711541,308.3859655464624,47.42692874748407,-1.6141664391205228,-2.1650593620639267,1.1000659649081714,2.0578382423594923,0.7092725336779999,67.2914616396451,69.71462893170752,READY,12.5,False,84.14950949059622,38.09063706975415,5,85.39364803822374,NOMINAL,LOW,PASSIVE,1,1,2
2025-03-05 10:13:15.423,4955.442743786645,308.3801460098972,47.325374754351266,-1.4480159335871092,-1.9759279616164254,1.061968458855521,1.9847990124590877,0.706120509958566,67.26430907703403,80.96652550574234,READY,12.5,False,84.26898357209255,37.99759826270495,5,85.83786305817041,NOMINAL,LOW,PASSIVE,1,1,2
2025-03-05 10:13:15.455,4943.5708642402615,308.8460927191653,47.30295886814731,-1.5580027361668982,-2.161017566580253,1.0790539904905005,1.9263717646037941,0.7045951776479172,67.2293274281705,42.01155315988634,READY,12.5,False,84.20039537685258,37.929304134758134,5,86.00342006148614,NOMINAL,LOW,PASSIVE,1,1,2
2025-03-05 10:13:15.488,4938.034719241349,309.3564058083025,47.34411980422398,-1.633668853475351,-2.5704268211609955,1.0579046724235428,1.8949945776744037,0.7109726834796772,67.18809088907888,19.67002411483293,READY,12.5,False,84.34049286678992,37.833668142110376,5,86.10998253462388,NOMINAL,LOW,PASSIVE,1,1,2
2025-03-05 10:13:15.520,4923.703138922901,308.18550519005254,47.60153760228936,-1.6422614369562443,-2.3282408746247887,1.0324336830338123,1.849695590729069,0.7143482321301863,67.16767565920973,31.60469577733358,READY,12.5,False,84.46032547067212,37.73659103479152,5,86.26665591224997,NOMINAL,LOW,PASSIVE,1,1,2
2025-03-05 10:13:15.553,4924.690233950824,309.4343464962346,47.57237800127076,-1.9249955090153046,-1.8748595988157035,1.0355064953260977,1.7845573639102201,0.7090625873918172,67.12734795787628,35.673182425045184,READY,12.5,False,84.35700510769712,37.652060212840816,5,86.40653740297229,NOMINAL,LOW,PASSIVE,1,1,2
2025-03-05 10:13:15.592,4936.319209348776,311.3030845318642,48.030820591551375,-1.9109555821196729,-1.9154471502574066,1.0391856007870484,1.809299887844701,0.7169587691975163,67.08675966720233,28.409881430622846,READY,12.5,False,84.28756092034519,37.55434831856438,5,86.50328156308335,NOMINAL,LOW,PASSIVE,1,1,2
2025-03-05 10:13:15.615,4953.277158363731,310.04574120920734,48.04084567124366,-1.977933751725698,-1.7556642778210283,0.9933044859923382,1.9065476929196086,0.7164654734056698,67.03908158644764,43.72262216593259,READY,12.5,False,84.37362797690493,37.4797756961158,5,86.6953870194707,NOMINAL,LOW,PASSIVE,1,1,2
2025-03-05 10:13:15.649,4955.01186224215,310.3542119284865,48.50661914994366,-2.0542145369669957,-2.1040053542218926,0.9873569092790044,1.902295050374354,0.7069386298909044,67.01672792649013,89.96803333714779,READY,12.5,False,84.48471316775029,37.39517328072739,5,87.02777508440634,NOMINAL,LOW,PASSIVE,1,1,2
2025-03-05 10:13:15.686,4951.0275571255415,311.197357457002,48.57226528902967,-2.2530293811674422,-2.1829673737769912,0.9636696941651883,1.8290719401445446,0.6977526163887656,66.97741233814845,88.5225712169331,READY,12.5,False,84.34093892927035,37.33979861295209,5,86.98190136119197,NOMINAL,LOW,PASSIVE,1,1,2
2025-03-05 10:13:15.721,4945.255458987464,311.1209718718662,48.485019485388065,-2.14999277412941,-2.3840126691996706,0.9853929872665633,1.8515213229808978,0.697464547681998,66.9525518889319,98.96526534009953,READY,12.5,False,84.48384268626275,37.27748245145166,5,86.66595044423212,NOMINAL,LOW,PASSIVE,1,1,2
2025-03-05 10:13:15.753,4944.195910936751,310.2648319509424,48.61795871031077,-1.9790499977396654,-2.689047368449766,1.0177799202508742,1.8168982915011958,0.696521474026763,66.925957371318,133.53160654864638,READY,12.5,False,84.56928710774517,37.21101380661418,5,86.62369761955146,NOMINAL,LOW,PASSIVE,2,1,2
2025-03-05 10:13:15.785,4926.873488936025,310.59426187740985,48.132018028078384,-1.698441892998301,-2.3137396518119964,0.987240124708626,1.90922901363288,0.7028462783866717,66.902292911722,162.08088009588863,READY,12.5,False,84.55372901366621,37.157541915485716,5,86.3953678691434,NOMINAL,LOW,PASSIVE,2,1,2
2025-03-05 10:13:15.816,4912.89448248628,312.4361982394606,47.93785871602275,-1.9937748846311374,-2.7413076840639623,0.9517151148706752,1.9834883165942487,0.7055779195360841,66.85625035477005,113.49895235730573,READY,12.5,False,84.40235727126202,37.06716696718532,5,86.03868303239614,NOMINAL,LOW,PASSIVE,2,1,2
2025-03-05 10:13:15.849,4913.945040060577,311.1150061721717,48.139876879072965,-1.882641793135368,-2.4139257779634677,0.9521157524922699,1.9801197692153243,0.7029214593380964,66.84288648752232,125.91230511287688,READY,12.5,False,84.24146286713439,36.975576441836914,5,86.53585097756451,NOMINAL,LOW,PASSIVE,2,1,2
2025-03-05 10:13:15.883,4912.788262645913,310.1850979140578,48.17513859112429,-1.743839914868016,-2.192378938873769,0.9616544699473102,1.8855627217327617,0.6995413595655535,66.81274318987948,165.93102284871884,READY,12.5,False,84.23849644171361,36.898477304279766,5,86.66769757291398,NOMINAL,LOW,PASSIVE,2,1,2
2025-03-05 10:13:15.920,4907.06729533283,311.5411736592625,47.90200977460047,-1.750636785593525,-1.8314716376900533,0.9828098057030258,1.8595202633486037,0.7009115705462858,66.78188331477011,157.69736375395027,READY,12.5,False,84.19121549817125,36.836518451996106,5,86.48540769970496,NOMINAL,LOW,PASSIVE,2,1,2
2025-03-05 10:13:15.956,4912.926248590398,309.95332607665614,48.169116796845096,-1.9905773936757578,-2.2353529628776796,0.9924619748252209,1.9590616284796851,0.6992242716996143,66.7585117154934,174.68868019268456,READY,12.5,False,84.19344210364949,36.74061045914237,5,86.46689462262273,NOMINAL,LOW,PASSIVE,2,1,2
2025-03-05 10:13:15.988,4904.411876443188,308.4786577506602,47.777486535614884,-2.254416215427939,-2.576627881340322,1.0312030220231465,1.984819297261769,0.7016102490517825,66.71080101806137,154.96145106186793,READY,12.5,False,84.07958063123033,36.66619499951293,5,86.82616127403499,NOMINAL,LOW,PASSIVE,2,1,2
2025-03-05 10:13:16.021,4910.94075380148,307.4350435959242,47.76225603000449,-2.2009926209801423,-2.5624437313063955,1.0316313696452144,1.965444950409843,0.6919356822391631,66.68828891298445,141.0098320545314,READY,12.5,False,84.09827088458098,36.600330278261325,5,87.08422365051668,NOMINAL,LOW,PASSIVE,2,1,2
2025-03-05 10:13:16.062,4910.0614470517685,306.24592157645526,47.96146038886235,-2.327966211233104,-2.770993259306196,1.020711970161595,1.9679058586294171,0.6828769624810674,66.65707310409648,148.5910975806841,READY,12.5,False,83.90269023236176,36.539853044639585,5,86.84794403849214,NOMINAL,LOW,PASSIVE,2,1,2
2025-03-05 10:13:16.084,4894.295753538433,306.532622215536,48.051393875043665,-2.3779276968786487,-2.7335895706622733,1.0208864709732024,1.9917319152685617,0.6791840851061766,66.63759415724749,108.59811214359293,READY,12.5,False,83.98582729890585,36.462362639270054,5,86.8838394761206,NOMINAL,LOW,PASSIVE,2,1,2
2025-03-05 10:13:16.114,4900.483554925922,306.1046356490407,48.09102707338157,-2.2407523568918464,-2.3139822169106177,1.0532545109754001,2.0498293597544617,0.6824181514850314,66.60012604608029,92.04583371302557,READY,12.5,False,83.976971721272,36.3883538038056,5,86.49512413902177,NOMINAL,LOW,PASSIVE,2,1,2
2025-03-05 10:13:16.152,4918.425088962743,306.4788218934214,47.86058038633424,-1.9559372314876011,-2.5670875036212086,1.085423038813515,2.1210720142402777,0.6764279713918567,66.55149844916136,50.0395712992981,READY,12.5,False,84.09603353772424,36.294042724044374,5,86.07635656263159,NOMINAL,LOW,PASSIVE,2,1,2
2025-03-05 10:13:16.186,4914.220578681373,306.19421693466626,47.509473967315444,-1.9420527794385192,-3.011076765836248,1.1112231584912953,2.211707263399059,0.6725437462466772,66.53112605763663,27.556917236663093,READY,12.5,False,84.14071383803388,36.22535273991021,5,85.8840803626364,NOMINAL,LOW,PASSIVE,2,1,2
2025-03-05 10:13:16.218,4920.498896050304,304.47529339719205,47.584752846270675,-1.9799565908953127,-3.1060875461008455,1.133649554517296,2.3077717467118886,0.6762359096698394,66.49525296532458,2.860494474287403,READY,12.5,False,84.31857017325356,36.1596066813135,5,86.38170498105458,NOMINAL,LOW,PASSIVE,2,1,2
2025-03-05 10:13:16.251,4908.571761925,305.39096634361056,47.87136784213471,-2.064536659469629,-3.145882666777111,1.0958981137705506,2.365766287888063,0.6720911848822404,66.44565309088462,41.018659611808715,READY,12.5,False,84.11955224009799,36.06757446138446,5,86.35362323889055,NOMINAL,LOW,PASSIVE,2,1,2
2025-03-05 10:13:16.284,4926.052317790066,306.4308488163564,47.68348305614996,-2.3408949392495897,-3.0532013676110163,1.118848758600692,2.307577621067089,0.6626073905356915,66.41843770691098,83.28630359891224,READY,12.5,False,83.99693262885334,35.996723444088765,5,86.5838654998953,NOMINAL,LOW,PASSIVE,2,1,2
2025-03-05 10:13:16.316,4938.820928241254,304.43889687188874,48.17642567618378,-2.3631875101863438,-3.18166029047174,1.1655066688712967,2.30632914738608,0.6622797690468127,66.39004218616603,71.97541718058915,READY,12.5,False,84.01050658492892,35.919917453955215,5,86.39483910596016,NOMINAL,LOW,PASSIVE,2,1,2
2025-03-05 10:13:16.352,4922.09780634202,303.71839588936575,48.23410230964903,-2.200933634502065,-3.270817815865211,1.1961116269710943,2.389042589097898,0.6659682356752596,66.35590502206473,78.93767966806155,READY,12.5,False,84.0913024691293,35.834195915678286,5,86.60718897377127,NOMINAL,LOW,PASSIVE,2,1,2
2025-03-05 10:13:16.393,4902.450638942327,304.0271488293365,48.28863884227149,-1.9857362666852942,-2.899215470744057,1.170196527456602,2.292599454345593,0.6596052840112133,66.3350695346872,74.91152142806476,READY,12.5,False,84.11739073899275,35.73872130593407,5,86.12085202887434,NOMINAL,LOW,PASSIVE,2,1,2
2025-03-05 10:13:16.424,4884.09809265758,303.41748470237894,48.163003776971514,-2.115619503225449,-2.7128051514655316,1.213993965627841,2.2546006486693155,0.667051582099652,66.31491952114156,70.57046876130741,READY,12.5,False,84.10922159920307,35.6651205735163,5,85.70422688440043,NOMINAL,LOW,PASSIVE,2,1,2
2025-03-05 10:13:16.460,4886.709157106723,303.46106509654624,47.72381541971042,-2.039697242503159,-2.461680708876533,1.1907824684269026,2.343698791738825,0.6632929208729001,66.29554030594262,95.65348892050703,READY,12.5,False,84.19794266392134,35.577375857837204,5,85.24422713172636,NOMINAL,LOW,PASSIVE,2,1,2
2025-03-05 10:13:16.491,4902.448293097347,302.7712122484815,47.669423217335165,-1.832906221146401,-2.038682233725506,1.211540289420277,2.286557336610712,0.6571219802397205,66.27587838671809,137.02077369528112,READY,12.5,False,84.35223289242057,35.52247550449408,5,84.9350627301188,NOMINAL,LOW,PASSIVE,2,1,2
2025-03-05 10:13:16.517,4901.091375185032,300.9961364012301,47.26200714037116,-1.868955204952552,-2.507219581703646,1.2576178115595376,2.2579618846220186,0.6529195524504788,66.2304693362041,104.23981401005068,READY,12.5,False,84.17402680031134,35.44275349930404,5,84.61826222923798,NOMINAL,LOW,PASSIVE,2,1,2
2025-03-05 10:13:16.555,4899.325269495706,302.8368123475646,47.55451888806701,-1.9113069318050573,-2.9505630036193726,1.2718512555590817,2.3000739682630673,0.6510084290905324,66.2062141781281,92.54709162501027,READY,12.5,False,84.1629361107827,35.377908280753125,5,84.3038326691947,NOMINAL,LOW,PASSIVE,2,1,2
2025-03-05 10:13:16.588,4908.593085746366,304.71022953545344,47.40281132794002,-2.181160914375175,-2.593827660165453,1.2869859298484319,2.3968131290582106,0.6524421078414299,66.15691496099743,74.14899020434396,READY,12.5,False,84.350455531944,35.28098868267606,5,84.66017189459868,NOMINAL,LOW,PASSIVE,2,1,2
2025-03-05 10:13:16.621,4922.852510407805,306.3456695071545,47.16306831229866,-2.257321124405499,-2.2043849985605743,1.3037800156031643,2.323395515362776,0.6581352136788938,66.13211249596243,80.86671533635771,READY,12.5,False,84.32205198766161,35.20881655991848,5,84.21832845778017,NOMINAL,LOW,PASSIVE,2,1,2
2025-03-05 10:13:16.655,4935.242178066078,307.9939717928743,47.551613912779764,-2.212437725495159,-1.8206842485870802,1.294268426311863,2.3153834534088884,0.6485236358947492,66.08936150023837,98.31105362380417,READY,12.5,False,84.23366365279793,35.14697232165584,5,84.27981611550273,NOMINAL,LOW,PASSIVE,2,1,2
2025-03-05 10:13:16.687,4930.593222220726,308.92455041120826,47.19383296374474,-2.3757246901315585,-2.0414363127275417,1.3026125566624869,2.2824087647195523,0.6530513044618248,66.04484001998918,110.4436788562545,READY,12.5,False,84.12556699226987,35.09520159436658,5,84.40698839113735,NOMINAL,LOW,PASSIVE,2,1,2
2025-03-05 10:13:16.717,4943.383409025733,308.94192529302546,47.33848438651657,-2.5949681920763084,-2.4991004741846323,1.2694565643305153,2.2947240997918685,0.6596931803184746,65.99834422344468,142.80706401752502,READY,12.5,False,84.0756038974091,35.02076074517354,5,83.93772125685751,NOMINAL,LOW,PASSIVE,2,1,2
2025-03-05 10:13:16.750,4943.610621805382,307.70809285585386,46.88568496344507,-2.7841370422506015,-2.8115846208238824,1.2227218857020683,2.3560634943909933,0.6511457324472905,65.97565178739006,141.25321456258794,READY,12.5,False,83.97142934195057,34.936411573060774,5,83.78084072049924,NOMINAL,LOW,PASSIVE,2,1,2
2025-03-05 10:13:16.784,4954.276583375848,306.20067897409695,47.30657833406546,-2.882857058591072,-2.386000806441782,1.2700106149957786,2.300856115077856,0.6438222934581754,65.9456498598458,161.38663367852587,READY,12.5,False,83.83987979041639,34.87212915912325,5,83.46013031275378,NOMINAL,LOW,PASSIVE,2,1,2
2025-03-05 10:13:16.827,4956.178224815023,304.94781533046466,47.56411815292522,-3.0697476026300925,-1.9531042676320034,1.2887945230603914,2.225269336049847,0.6503086851548666,65.92902271352723,165.20781695924438,READY,12.5,False,83.82393491302685,34.78103115043629,5,83.273525696707,NOMINAL,LOW,PASSIVE,2,1,2
2025-03-05 10:13:16.860,4939.703842463032,303.70377927039476,47.18251080171589,-2.854311389003233,-1.4660733899004517,1.2778467676013294,2.2286497925080466,0.651506488056695,65.88703728871329,135.9313630658167,READY,12.5,False,83.96509163953158,34.71369181394332,5,83.48101475749799,NOMINAL,LOW,PASSIVE,2,1,2
2025-03-05 10:13:16.888,4951.192666969526,304.8511435741742,47.23658443211333,-2.6461944480036395,-1.6159486632859008,1.229737534886044,2.3068803968540434,0.6545351054582448,65.8595740199942,126.25584875791044,READY,12.5,False,84.13382261983426,34.614926372026055,5,83.03225517208571,NOMINAL,LOW,PASSIVE,2,1,2
2025-03-05 10:13:16.920,4933.032561787618,306.0648565332419,47.36483279265164,-2.5514024166230573,-1.8843684578487752,1.2416567191027181,2.2702596903519647,0.6507542022458396,65.82507684289833,149.33800655103062,READY,12.5,False,84.11455688731317,34.56282003296178,5,83.11782794673671,NOMINAL,LOW,PASSIVE,3,1,2
2025-03-05 10:13:16.956,4952.924031984395,304.8453328868935,47.13849021017109,-2.5868148079693287,-1.4936592293458737,1.257143440018625,2.225239822405813,0.6415318031365354,65.81003386258998,158.93599108384115,READY,12.5,False,83.97378843311144,34.462959974171,5,83.46570348828772,NOMINAL,LOW,PASSIVE,3,1,2
2025-03-05 10:13:16.989,4956.143869084524,303.33284793081646,47.23265712122716,-2.4430965050902143,-1.9540431916880503,1.2892498390983778,2.1766989054867083,0.6318602353454386,65.78989155499093,187.77445925987996,READY,12.5,False,83.80191543821023,34.39866855374201,5,82.97705541738986,NOMINAL,LOW,PASSIVE,0,1,2
2025-03-05 10:13:17.025,4946.7610167775,301.4180554161582,47.03334676028471,-2.617471424460203,-1.8331305378351324,1.255406388849413,2.2182362080025366,0.6368499170797689,65.74279997504841,166.37255425994005,READY,12.5,False,83.72740372422477,34.33922434585711,5,83.03698231994181,NOMINAL,LOW,PASSIVE,0,1,2
2025-03-05 10:13:17.061,4945.997030536705,303.0700329823972,46.88375951115343,-2.4727264320635056,-1.8025911952584073,1.2685392126996813,2.2709087556120906,0.6274623946672855,65.69795726986501,179.58278151066347,READY,12.5,False,83.80134470941827,34.25545285166312,5,83.4200401686487,NOMINAL,LOW,PASSIVE,0,1,2
2025-03-05 10:13:17.091,4956.677830629118,304.87748646622543,47.088639747764525,-2.192688113916305,-1.3403566983606905,1.306789056571817,2.2393301805940338,0.6232832135565508,65.68669603849798,183.3339066576026,READY,12.5,False,83.95338894990864,34.19979622754857,5,83.30370314503088,NOMINAL,LOW,PASSIVE,0,1,2
2025-03-05 10:13:17.117,4954.7436163985385,303.53269884176365,47.104061131648734,-2.2835656031734652,-1.1183999955971653,1.3278997882394425,2.3308702554974516,0.6210054514198584,65.65346149365536,139.63084389633656,READY,12.5,False,84.12408246213688,34.1198952017166,6,83.6739118853719,NOMINAL,LOW,PASSIVE,0,1,2
2025-03-05 10:13:17.157,4949.327618188257,302.19652728268767,46.63779588894015,-2.2626699647857613,-0.9398407491946887,1.2927108056125631,2.379032504280171,0.6198704043748093,65.63271047002455,148.54871669671542,READY,12.5,False,84.16690602894893,34.050184441134185,6,83.63562386174677,NOMINAL,LOW,PASSIVE,0,1,2
2025-03-05 10:13:17.188,4955.564769273784,303.6055958061788,46.57922113189819,-2.4174706513297233,-1.384031197283738,1.2570311481870915,2.4743517152915517,0.614246918532561,65.58669655638575,156.0748640277223,READY,12.5,False,84.26564232442782,33.97817975032111,6,83.94165140913118,NOMINAL,LOW,PASSIVE,0,1,2
2025-03-05 10:13:17.222,4975.160355681325,303.4682103281058,46.34908566513252,-2.6098170196659685,-1.7149143851749051,1.290430150382802,2.534329766510266,0.6177012267528927,65.54125135187246,177.93686448062059,READY,12.5,False,84.17668754456805,33.92449095505313,6,83.530203349875,NOMINAL,LOW,PASSIVE,0,1,2
2025-03-05 10:13:17.250,4975.563259818276,303.869293134063,46.1597796300115,-2.3467220473388686,-1.6520512755803933,1.3145853186732812,2.5736849276097313,0.6097484191174287,65.49367744707376,141.14779514746525,READY,12.5,False,84.28055073229397,33.86821291796732,6,83.25612957670995,NOMINAL,LOW,PASSIVE,0,1,2
2025-03-05 10:13:17.283,4981.959616555337,304.0418583989033,46.401669861216284,-2.4917807636477893,-1.9602460273880595,1.3045315057226858,2.6045919921492837,0.6149278766755558,65.4828941010137,168.38349448352864,READY,12.5,False,84.36832642347689,33.81597312335379,6,83.2434849383527,NOMINAL,LOW,PASSIVE,0,1,2
2025-03-05 10:13:17.315,4966.6476119723075,302.18714529616256,46.77305966688438,-2.3345671480132797,-1.6677942045676923,1.3218281396433578,2.5934921289999195,0.6131411545713439,65.44416928726231,216.55104483951806,READY,12.5,False,84.40420254478241,33.7300121065035,6,82.84116193153747,NOMINAL,LOW,PASSIVE,0,1,2
2025-03-05 10:13:17.350,4968.578505162513,303.6069823239714,47.092633080254075,-2.07613464991463,-1.3017641709241454,1.3261153808416966,2.6901868603520827,0.6096980319153471,65.41007813333934,218.02892364435547,READY,12.5,False,84.4021037261768,33.6464924660731,6,82.85399460803491,NOMINAL,LOW,PASSIVE,0,1,2
2025-03-05 10:13:17.382,4986.906894543285,304.81630687433227,46.72195295794433,-2.1531934502572483,-1.2769854973534767,1.3156787011815336,2.6029219692938983,0.6003942187388793,65.3702405473225,265.66350773735724,READY,12.5,False,84.30320796064565,33.5714802893888,6,83.00434301139438,NOMINAL,LOW,PASSIVE,0,1,2
2025-03-05 10:13:17.420,4985.059534615499,306.287309344374,47.216505643635145,-2.187784464892048,-1.5078367528092596,1.2982091967579938,2.671873173285642,0.6086071889134831,65.34211708548543,295.2747311777458,READY,12.5,False,84.45605951902604,33.508135099040544,6,83.24614004918489,NOMINAL,LOW,PASSIVE,0,1,2
2025-03-05 10:13:17.456,5002.649458170054,307.744458566499,47.67965134864412,-2.0206596191924935,-1.4044332905719497,1.3277964331314727,2.6871035998997734,0.6141104016895943,65.29712572953537,335.4612083028099,READY,12.5,False,84.3537844777923,33.438964309739525,6,83.42534252025253,NOMINAL,LOW,PASSIVE,0,1,2
2025-03-05 10:13:17.488,5006.318509994631,308.7194069225292,47.31323196201102,-2.0290249481273266,-1.2747126989601845,1.375733228442506,2.635049409908906,0.6218380706243978,65.27334889107958,317.5071756585325,READY,12.5,False,84.26585978252072,33.36548343070078,6,83.01606410876211,NOMINAL,LOW,PASSIVE,0,1,2
2025-03-05 10:13:17.520,4992.774103213595,308.15142825305327,47.50918455295551,-2.278588529538467,-1.258321496085221,1.4168999211829325,2.552464050980113,0.6158169354229558,65.2515338970312,286.66404450481696,READY,12.5,False,84.28148690150515,33.2759340267356,6,82.98049266454541,NOMINAL,LOW,PASSIVE,0,1,2
2025-03-05 10:13:17.556,4981.051226891576,309.80475210832776,47.80158898578753,-2.283301407914837,-1.3282142259657956,1.370185981644306,2.554807151093846,0.6107037926389909,65.20950072264046,335.91318751090876,READY,12.5,False,84.44560499970939,33.21655656451033,6,82.48887596039994,NOMINAL,LOW,PASSIVE,2,1,2
2025-03-05 10:13:17.588,4961.1030969131325,309.5962960357046,47.34176166847119,-2.4366214927765983,-1.3170516889997925,1.3309934966013368,2.579495783127797,0.614543027718855,65.16306784462448,306.3479201055715,READY,12.5,False,84.49832122470575,33.15669075570585,6,82.74719083363068,NOMINAL,LOW,PASSIVE,2,1,2
2025-03-05 10:13:17.618,4967.095570237026,307.7008744064042,47.13891445275744,-2.4084615102661022,-1.4595135177879914,1.315207518693173,2.5885524708658583,0.6148498814934654,65.14596795198165,313.0904955288101,READY,12.5,False,84.66459416784328,33.06314794820792,6,82.84996001045873,NOMINAL,LOW,PASSIVE,2,1,2
2025-03-05 10:13:17.650,4982.302503115109,308.9563964257103,47.57648448660015,-2.6078854286346136,-1.1856840889039317,1.3026560661858189,2.6135212229687537,0.607048930858099,65.12755784468061,335.0066023846308,READY,12.5,False,84.76404133426557,32.98049191711403,5,82.99410447522138,NOMINAL,LOW,PASSIVE,2,1,2
2025-03-05 10:13:17.686,4998.107681530529,309.3644532713879,47.79752869585957,-2.3496545190621063,-1.6492018477106383,1.3263903497550547,2.6879880000375005,0.6134495841924447,65.105014655834,303.50686540699263,READY,12.5,False,84.7305528251502,32.902489954947114,5,82.51634373147972,NOMINAL,LOW,PASSIVE,2,1,2
2025-03-05 10:13:17.731,4980.891113262122,310.41630963321467,48.08450666949687,-2.2304710871836813,-1.9121397887292395,1.3408010333763853,2.7778384169744714,0.6081776971305554,65.09280547117005,267.9718116965213,READY,12.5,False,84.64446382628181,32.841850408961875,5,82.45578244083691,NOMINAL,LOW,PASSIVE,2,1,2
2025-03-05 10:13:17.754,4963.554746425292,312.0333385172743,48.30548317260163,-2.000184608686189,-2.3606294113342745,1.3062054175739506,2.8428801380387783,0.613915867243419,65.0735025728995,291.8068341492418,READY,12.5,False,84.61897684964354,32.77867388900837,5,82.93492579278492,NOMINAL,LOW,PASSIVE,2,1,2
2025-03-05 10:13:17.784,4963.7281779350915,310.1140239869466,48.30123508588651,-2.223382185519185,-2.438191213891571,1.3475434586422452,2.794062686877043,0.6060794757759478,65.02803953527354,259.1306752276223,READY,12.5,False,84.81683200840918,32.69042246183568,5,82.59833943578948,NOMINAL,LOW,PASSIVE,2,1,2
2025-03-05 10:13:17.825,4972.288420877044,311.5870989291452,48.391671202406265,-2.12070334358689,-2.85023600713882,1.369476451677444,2.723926651571477,0.6082734029650558,64.99494569417054,242.46792931733435,READY,12.5,False,84.92991541902987,32.635634483259196,5,82.97862167733436,NOMINAL,LOW,STANDBY,2,1,2
2025-03-05 10:13:17.857,4967.809394204615,310.06220811301114,48.063545607337,-2.097485323748683,-2.8313127375991045,1.3620590083238184,2.8159156623391746,0.6100352427579123,64.94803868704766,249.9055098244866,READY,12.5,False,84.75072591847115,32.556095772209275,5,82.7834482666169,NOMINAL,LOW,STANDBY,2,1,2
2025-03-05 10:13:17.890,4949.99633272198,310.5944618562425,48.00527965122228,-2.3133862859053114,-2.3976639148485805,1.3916933192969367,2.8943325056916835,0.6021825759757642,64.91676895942068,226.30207154273506,READY,12.5,False,84.59001332505858,32.462943984963246,5,83.124622012879,NOMINAL,LOW,STANDBY,2,1,2
2025-03-05 10:13:17.926,4958.304358930055,310.09770756230205,47.768307288311,-2.295746326243869,-2.6883126931700083,1.4347187796065761,2.8304947143420356,0.6053430087578986,64.89259722241987,252.55041936284482,READY,12.5,False,84.42945390033171,32.385958509659446,5,83.105733179117,NOMINAL,LOW,STANDBY,2,1,2
2025-03-05 10:13:17.954,4959.887983560156,310.3337058782253,47.332636821867524,-2.190159657955433,-2.9057360355517705,1.4830727651425448,2.7414091881280904,0.6060885757220047,64.84934659157966,208.14282771948916,READY,12.5,False,84.59055946390875,32.291902495648515,5,83.40835015704299,NOMINAL,LOW,STANDBY,2,1,2
2025-03-05 10:13:17.987,4959.676723864019,310.4946085382999,47.59783066940684,-2.0886900327485964,-2.4813431113251956,1.53273367334103,2.8198973327329617,0.6113916306072749,64.81274665776779,191.8504332268278,READY,12.5,False,84.40555106402412,32.23163680505266,5,83.2803991702128,NOMINAL,LOW,STANDBY,2,1,2
2025-03-05 10:13:18.030,4940.289414661444,309.03287091801593,47.97504097292269,-2.0096024471012974,-2.5447490611626695,1.5753204387416426,2.7729412604387416,0.6055247091048466,64.80026725933804,173.5960961203609,READY,12.5,False,84.5690935394852,32.145295678091415,5,83.23139596188769,NOMINAL,LOW,STANDBY,2,1,2
2025-03-05 10:13:18.056,4951.943171510519,308.58179900400074,47.968140774956204,-1.9726207396648974,-2.9996170409041554,1.6145594386904858,2.831574064993251,0.5980152379945827,64.7765123540752,177.65392407965513,READY,12.5,False,84.55725658267703,32.08172309074012,5,82.75452149338447,NOMINAL,LOW,STANDBY,2,1,2
2025-03-05 10:13:18.086,4956.530040612977,310.32662988592,48.32290900824376,-1.887627447766546,-3.1180914194423255,1.6184438272095978,2.758897418887222,0.6055363726836289,64.7618271372337,185.90450558248506,READY,12.5,False,84.67119662721652,32.025547977851815,5,82.63578802710181,NOMINAL,LOW,STANDBY,2,1,2
2025-03-05 10:13:18.122,4949.226942563463,310.3841524819697,48.06354365601899,-1.85593967241042,-3.524196521642999,1.6044032108123547,2.82617848019979,0.6021555050381574,64.72085927142378,204.20957659953314,READY,12.5,False,84.81321017853057,31.938537050842285,5,82.42766697038087,NOMINAL,LOW,STANDBY,2,1,2
2025-03-05 10:13:18.161,4949.070062459955,310.5568081540456,47.56739030104649,-1.9521249982901223,-3.6610893821846915,1.649147869938001,2.815633617448934,0.5997089357097936,64.69765437927907,240.34332101528653,READY,12.5,False,84.64407656532438,31.856675085176214,5,82.22656707894791,NOMINAL,LOW,STANDBY,2,1,2
2025-03-05 10:13:18.194,4939.423086461992,308.98337628485655,47.545272036446804,-1.6758427940093796,-3.523742508182921,1.6696306567056012,2.7457852300896506,0.6087177784622242,64.65177257890153,193.2047279018879,READY,12.5,False,84.8025765912373,31.783350828870603,5,82.65547939061071,NOMINAL,LOW,STANDBY,2,1,2
2025-03-05 10:13:18.237,4954.304214101312,307.65347731022825,47.88707849419601,-1.707167712526787,-3.7409355364526804,1.6849041872587853,2.7826248997294933,0.6076367810455285,64.62708743491979,225.70822073935477,READY,12.5,False,84.8022064153354,31.70636628517757,5,82.67973471813332,NOMINAL,LOW,STANDBY,2,1,2
2025-03-05 10:13:18.259,4947.764760972091,306.96742787609776,47.860416130920704,-1.5588019052430515,-3.8930602255851783,1.684924362672678,2.8073021486506593,0.6103001947555339,64.61099735522986,217.92444282942296,READY,12.5,False,84.7959684913074,31.64796163698986,5,82.73518202518547,NOMINAL,LOW,STANDBY,2,1,2
2025-03-05 10:13:18.292,4943.890014035407,305.3651704304311,47.600853837222566,-1.642377810367236,-4.142033549912121,1.6653664637264083,2.7914314240362583,0.6019115087669502,64.56131042281301,239.5470473298803,READY,12.5,False,84.77105878686787,31.55712772792419,5,82.25819756430043,NOMINAL,LOW,STANDBY,2,1,2
2025-03-05 10:13:18.324,4960.554314363249,304.9274492707169,47.456304446508845,-1.7225373499831882,-4.127479376372951,1.6725556100172125,2.869804470104816,0.5939651060712908,64.52080372138022,255.1055837350252,READY,12.5,False,84.82606864483341,31.500832010604373,5,82.27934783206285,NOMINAL,LOW,STANDBY,2,1,2
2025-03-05 10:13:18.356,4954.84068757879,303.64456392329816,47.478342811879834,-1.6822536655531666,-4.53466333502024,1.6814025441981244,2.9035404150778823,0.5861946965472382,64.50365543071891,300.1631986656562,READY,12.5,False,84.67459014799886,31.450739184116003,5,82.47503903209112,NOMINAL,LOW,STANDBY,2,1,2
2025-03-05 10:13:18.391,4938.105202510557,304.4787725132068,47.51654828902135,-1.508866265431455,-4.420210800047727,1.6458651551913848,2.850935083745676,0.5881711774360759,64.46786174027288,292.44635631076176,READY,12.5,False,84.66646256405127,31.37851265584401,5,82.68546924394539,NOMINAL,LOW,STANDBY,2,1,2
2025-03-05 10:13:18.425,4938.0930396870735,305.51580287611847,47.378402975250275,-1.7614879641103536,-4.450210381689949,1.649737377135315,2.8624844395110696,0.5802593179784771,64.450494427056,260.4175739273198,READY,12.5,False,84.79269409056329,31.301422794648143,5,82.63621001843391,NOMINAL,LOW,STANDBY,2,1,2
2025-03-05 10:13:18.456,4920.545019787173,306.15768905967275,47.08300385974146,-1.5094532066123052,-4.6881893687438145,1.6628955576957813,2.9483444934162497,0.5860143636288864,64.41898705345461,216.48641902100445,READY,12.5,False,84.82204268923998,31.226018903332466,5,82.15948884302405,NOMINAL,LOW,STANDBY,2,1,2
2025-03-05 10:13:18.489,4925.333030533698,306.4969782398579,46.64612217443063,-1.782347773184986,-4.237055685526289,1.6626290770675605,2.86051223734541,0.5890076336852075,64.38798587077855,190.92993081087934,READY,12.5,False,84.94042939145638,31.17037486204401,5,82.27431621563608,NOMINAL,LOW,STANDBY,2,1,2
2025-03-05 10:13:18.525,4943.342981496554,308.46391641533273,46.81687412199279,-1.869111406375744,-4.510668323609015,1.6903667381260143,2.7774402722875116,0.5880937095585492,64.34507729763365,183.43139866568723,READY,12.5,False,84.84057971124086,31.09265149022313,5,82.71570707648664,NOMINAL,LOW,STANDBY,2,1,2
2025-03-05 10:13:18.554,4930.628771905513,309.261235297343,47.21151446466761,-1.6526485225675764,-4.89798451267639,1.7285196693828913,2.680400207587525,0.5969066991366465,64.30277787681742,229.5476782692928,READY,12.5,False,84.93660395038465,31.0386877875008,5,82.30180956776928,NOMINAL,LOW,STANDBY,2,2,2
2025-03-05 10:13:18.588,4920.971522650865,310.5875445706529,47.31140593420491,-1.752504294381544,-4.675557026345512,1.745240465195477,2.657493925354885,0.5920811142076833,64.25899760558165,215.98389851842572,READY,12.5,False,85.03664586574966,30.947664570327948,4,82.58412013848677,NOMINAL,LOW,STANDBY,2,2,2
2025-03-05 10:13:18.618,4910.136580254622,309.8519202593695,47.39637432750514,-1.7490968240710427,-5.081769407505108,1.6969626975024141,2.687169035516083,0.5902925253385369,64.22047860996123,246.74516299257468,READY,12.5,False,85.10598421351712,30.85827667385635,4,82.68660900108468,NOMINAL,LOW,STANDBY,2,2,2
2025-03-05 10:13:18.650,4911.487708122974,310.05214212966405,47.383241950238464,-1.5662240511757997,-5.157065561736877,1.6603455114142982,2.590767515726226,0.5945273662820526,64.21043535252403,232.6002270691907,READY,12.5,False,85.072260096099,30.79288004737451,4,83.16681314710914,NOMINAL,LOW,STANDBY,2,2,2
2025-03-05 10:13:18.686,4929.609459742586,310.5682672421482,47.63177797828223,-1.3799232498146865,-4.65831145758815,1.6428492890387958,2.683365825005779,0.5976815304100085,64.19540969399603,231.12303669239697,READY,12.5,False,84.87473837095443,30.725246086677867,5,82.73073512276304,NOMINAL,LOW,STANDBY,2,2,2
2025-03-05 10:13:18.726,4914.732050995616,310.79431071888007,47.83686045944417,-1.5145312041261327,-4.826160833010849,1.6925414348508303,2.7630573247622485,0.5989250540419918,64.17907497229609,251.20350478936317,READY,12.5,False,85.0334491474947,30.67214574829555,5,82.70184129346265,NOMINAL,LOW,STANDBY,2,2,2
2025-03-05 10:13:18.757,4899.720545473474,310.8772664815829,47.96535639955856,-1.441949567710891,-4.746840057240654,1.6459766933281499,2.770879171478623,0.596001077846816,64.15409176471418,221.8189953924814,READY,12.5,False,84.97956116768582,30.603347347212118,5,83.07850362965743,NOMINAL,LOW,STANDBY,2,2,2
2025-03-05 10:13:18.786,4907.149087369578,309.6139026049104,47.88271828002134,-1.279914729078851,-4.511703738827543,1.6161555966068464,2.7963405304132767,0.5932539461811804,64.13230031711957,184.3883097335665,READY,12.5,False,85.03167930561048,30.538661527224487,5,83.542224240318,NOMINAL,LOW,STANDBY,2,2,2
2025-03-05 10:13:18.822,4921.545604063777,309.1606355061546,48.25380773879321,-1.0939543420979552,-4.333965375028872,1.6187579006378772,2.7969503058077105,0.5923848604989952,64.09604132983299,231.89663826487575,READY,12.5,False,85.20441273610685,30.487544563610598,5,83.35023838970272,NOMINAL,LOW,STANDBY,2,2,2
2025-03-05 10:13:18.855,4914.5873750591445,308.19122747488655,48.48171625825056,-1.331039711640279,-4.069733222793829,1.6337595025775928,2.8816249879161453,0.5979227448767556,64.04958993022646,235.6760037316008,READY,12.5,False,85.37212199747012,30.411997025082304,5,83.84472699253483,NOMINAL,LOW,STANDBY,2,2,2
2025-03-05 10:13:18.887,4898.624728159872,306.25193987195024,48.42001217767256,-1.2288626578567126,-4.106521337905854,1.5895997349070825,2.9448146253765044,0.59037184999949,64.00191937466303,219.55498902313386,READY,12.5,False,85.42815369343434,30.356057459064306,5,83.43367544621921,NOMINAL,LOW,STANDBY,2,2,2
2025-03-05 10:13:18.922,4886.0339099270095,307.55233786310345,48.42330112141049,-1.2807096525384014,-4.076630876201778,1.574247448112129,2.9914113556295847,0.594623316025453,63.95678188349574,241.26355594899505,READY,12.5,False,85.46642153418989,30.28838673863003,5,83.18898454356591,NOMINAL,LOW,STANDBY,2,2,2
2025-03-05 10:13:18.960,4869.844946604747,306.36828701111745,48.210400783531526,-1.2278790947598681,-4.012257128480373,1.6183060599027592,3.028328279466949,0.594972484722979,63.92770598996981,224.04418051023345,READY,12.5,False,85.63691690479614,30.231290101990982,5,83.34256795372409,NOMINAL,LOW,STANDBY,2,2,2
2025-03-05 10:13:18.983,4853.3177854688265,304.95578080551905,48.31309024212388,-1.031029192273665,-4.001685172406341,1.5946020074306797,3.1022975802151294,0.6026036799682501,63.89290643709733,192.95770763022142,READY,12.5,False,85.57821544116975,30.17278754648151,5,83.40046762563718,NOMINAL,LOW,STANDBY,2,2,2
2025-03-05 10:13:19.018,4872.711751538146,304.42086599328394,48.201993643577694,-0.9748716065243995,-4.1799387456204355,1.643767125166799,3.0301868637470077,0.599093553901833,63.86858786847416,149.3623841645076,READY,12.5,False,85.65241680241357,30.114479119201107,5,83.41757557557023,NOMINAL,LOW,STANDBY,2,2,2
2025-03-05 10:13:19.050,4891.351147106942,306.20978116079215,48.42665083277218,-1.052756624469376,-4.3137712345629255,1.657167250467003,3.1084135363147287,0.5983984056859579,63.83925972970746,133.66665574707432,READY,12.5,False,85.61903285220126,30.056397279038276,5,83.28576578152511,NOMINAL,LOW,STANDBY,2,2,2
2025-03-05 10:13:19.096,4890.14721793508,307.92991020029325,48.47099507650524,-0.8808113907430251,-4.602762836333358,1.7056745637591204,3.109390787174013,0.5945336393383633,63.80304151575985,114.27322622460576,READY,12.674697835121412,True,85.7115356014874,29.979161085950565,5,83.34733574268603,NOMINAL,LOW,STANDBY,2,2,2
2025-03-05 10:13:19.123,4880.610227157228,307.35080463988,48.54560229734,-0.7106589008128439,-4.705454565306072,1.6910580674706266,3.2078893337163827,0.591045796092146,63.77136122024024,97.6743655259377,READY,12.488562878548043,True,85.60661994586935,29.892592101523125,5,83.09819547214799,NOMINAL,LOW,STANDBY,2,2,2
2025-03-05 10:13:19.157,4872.293718763685,307.4587455662419,48.30400593306401,-0.5328712937172515,-4.736915536133758,1.7407243766546752,3.135539666283977,0.5841392662970953,63.75303396572334,109.38960125091569,READY,12.369289246775114,True,85.45759783614228,29.823206592470697,5,82.69062046175894,NOMINAL,LOW,STANDBY,2,2,2
2025-03-05 10:13:19.182,4859.827865968587,308.95073111449665,48.35938119758156,-0.5724358812061269,-4.80222157476952,1.753643461213075,3.22092110454373,0.5900580861477325,63.708251814247554,88.80345037505509,READY,12.331547938737673,True,85.54435546436994,29.771352704604762,5,82.33201616340666,NOMINAL,LOW,STANDBY,2,2,2
2025-03-05 10:13:19.218,4847.11229643949,307.4782492810556,47.87622086393217,-0.6732171008833111,-5.164014152053665,1.712809114595798,3.2442382783292616,0.5926925345160233,63.69625721549715,103.32901714464653,READY,12.327633281372975,True,85.5480806923053,29.718066950445337,5,82.0714616245185,NOMINAL,LOW,STANDBY,2,2,2
2025-03-05 10:13:19.251,4862.597972105612,306.9536901861949,48.128483795145975,-0.6489040895699649,-4.74575008922091,1.6860309143011691,3.23271138250055,0.5941382121002665,63.67345631911621,85.46866548510293,READY,12.260709284761305,True,85.56432287963956,29.657347296252983,5,81.59489640062266,NOMINAL,LOW,STANDBY,2,2,2
2025-03-05 10:13:19.282,4864.235825153582,308.28154884106607,48.09140232134846,-0.42001743135473685,-4.882984601327408,1.6975595496481068,3.1994290951831292,0.6007127624172498,63.63569911240741,129.90901626611702,READY,12.394704964047365,True,85.73832539467739,29.583242864865856,5,81.73645474483223,NOMINAL,LOW,STANDBY,2,2,2
2025-03-05 10:13:19.317,4850.418388587045,307.06813831106734,47.84765887403201,-0.4783980984864843,-4.8453988494790154,1.6870902772577414,3.1966723082384663,0.6070735085636532,63.590373864388745,145.94287976435737,READY,12.26446450935054,True,85.6724351183052,29.49183471459674,5,81.31897707676305,NOMINAL,LOW,STANDBY,2,2,2
2025-03-05 10:13:19.349,4844.369141567674,305.8314224584588,47.80334747084705,-0.4260940013271315,-4.430896201365268,1.6740369884278292,3.1094355918831136,0.5975198874785198,63.55077735544927,120.28215208359478,READY,12.129311601217415,True,85.85389888866446,29.41152787133024,5,81.4592909259907,NOMINAL,LOW,STANDBY,2,2,2
2025-03-05 10:13:19.382,4830.313203776044,306.9046665429942,47.97952310420065,-0.14838156818230602,-4.898350079819448,1.7099067384640696,3.018009273021867,0.6046505079572567,63.528460778301344,95.13500188707735,READY,11.943046692517017,True,85.75266219325452,29.313300148112038,5,81.45315028762249,NOMINAL,LOW,STANDBY,2,2,2
2025-03-05 10:13:19.419,4845.955307547623,305.8824984847285,48.0536377690465,0.12498216447334243,-4.599250056960688,1.7222167850240326,2.973759753256466,0.6117203046205304,63.503952389711316,131.93422603856285,READY,11.759930070393418,True,85.61710818053777,29.225171821619032,5,81.72215146007225,NOMINAL,LOW,STANDBY,2,2,2
2025-03-05 10:13:19.454,4830.608415447708,304.3476134483664,47.68304965176302,0.24382595901267434,-4.453805893599093,1.6767896304446004,3.0160914753125434,0.6067282709573243,63.45675996595732,134.127028451047,READY,11.948731201533029,True,85.49965532919751,29.14642927175243,5,81.25317228133996,NOMINAL,LOW,STANDBY,3,2,2
2025-03-05 10:13:19.484,4834.133709364777,302.5185622770947,48.064213912182176,0.23024417385524565,-4.320299188748963,1.6662309887986488,3.0318123451677206,0.6133729723302869,63.42347201583337,147.62469987009743,READY,11.865343152233722,True,85.60986118772439,29.075531857767558,5,80.92701469897521,NOMINAL,LOW,STANDBY,3,2,2
2025-03-05 10:13:19.518,4815.767667044357,302.47875497115206,47.987816296223464,0.45937457896296613,-4.081810594197348,1.6444725195069894,2.9968553178760335,0.6173684517979721,63.395791095824485,126.30627003995039,READY,11.894979905727556,True,85.72160753200255,28.980109033124872,5,80.70335477094963,NOMINAL,LOW,STANDBY,3,2,2
2025-03-05 10:13:19.556,4797.970697970379,303.73595058460705,47.95447577798697,0.2714092820241281,-4.227082030730156,1.6056782142074908,2.9731210237497314,0.6130375830755431,63.370760417453184,101.9072889966753,READY,11.715760642796456,True,85.80115920773247,28.913793090272062,5,80.7207871917774,NOMINAL,LOW,STANDBY,3,2,2
2025-03-05 10:13:19.593,4814.8148292809965,304.8391399029318,48.24548036301251,0.019173766702025252,-3.977300228219474,1.5669803412468897,3.061965646301838,0.6182426513490838,63.350431706556336,134.14393636840387,READY,11.554539390905049,True,85.9715013994147,28.814500567668574,5,81.10041449942673,NOMINAL,LOW,STANDBY,3,2,2
2025-03-05 10:13:19.624,4797.110054660653,304.55169543745495,48.671949604370255,0.059359873705912725,-4.178057361419817,1.580929289942321,3.0590348905143148,0.619429736413901,63.30859375005248,159.18005583938935,READY,11.613980548084822,True,85.7829783078325,28.716220472626684,5,81.28109947705593,NOMINAL,LOW,STANDBY,0,2,2
2025-03-05 10:13:19.656,4791.124875040353,302.8169914579879,48.37299837995315,0.04306288535547015,-3.7392772247061346,1.6146010813854055,3.117306012098989,0.6159532623645732,63.27042374908126,167.6764113430468,READY,11.66797187694284,True,85.77404346824737,28.634059149953234,5,80.93009660249818,NOMINAL,LOW,STANDBY,0,2,2
2025-03-05 10:13:19.692,4806.534817264739,300.83996388032267,48.30326330763823,-0.06687859798794557,-3.8425104909035044,1.608820102712766,3.0174327018659333,0.6150998083420756,63.25199275332614,185.764583658871,READY,11.781864110058661,True,85.67623395437774,28.556881844112198,5,80.59531817322839,NOMINAL,LOW,STANDBY,0,2,2
2025-03-05 10:13:19.723,4791.755647731663,301.3128172338334,48.0661396813824,-0.23391824833985167,-3.398078640706178,1.5767426737755554,2.9943670116809713,0.6096321986384283,63.2297251431725,201.52939722745802,READY,11.64886972282336,True,85.6560034195661,28.499280396857447,5,80.47166233753032,NOMINAL,LOW,STANDBY,0,2,2
2025-03-05 10:13:19.753,4808.068726959077,302.12107835015775,48.42249029160775,-0.4202113748479598,-3.7337577168378493,1.6252394784456072,3.021270739010361,0.6096913176284542,63.20654512177697,201.81908086330057,READY,11.639049034575494,True,85.46788036333005,28.440097026444427,5,80.73377278818467,NOMINAL,LOW,STANDBY,0,2,2
2025-03-05 10:13:19.790,4792.3939958449655,302.0161035863907,48.47199722125774,-0.17625177605173276,-4.196698299905856,1.632642072141809,3.084466351113755,0.6006408842645403,63.1899764436009,193.17044647513575,READY,11.765314300292676,True,85.58961369393141,28.342552794880493,5,80.96899263836626,NOMINAL,LOW,STANDBY,0,2,2
2025-03-05 10:13:19.822,4807.924470166104,300.0489331137178,48.462461212895334,-0.18886513323502974,-4.5935053995748145,1.604540394504023,3.0110598722729924,0.5956911407363139,63.15412581414895,227.93922489591122,READY,11.936707115017136,True,85.69056808930202,28.258820959330894,5,81.43741682611105,NOMINAL,LOW,STANDBY,0,2,2
2025-03-05 10:13:19.855,4814.465593059056,298.7697982168363,48.643064063324644,-0.2214316687654138,-4.393618538519144,1.567115831478714,3.1008151962707595,0.6027868002711092,63.141532350757196,239.68421491480933,READY,12.051761453055947,True,85.56294194384334,28.190368105657836,5,81.68352139153953,NOMINAL,LOW,STANDBY,0,2,2
2025-03-05 10:13:19.892,4832.218449603527,299.3594544167971,48.38177887696176,-0.05753364247982562,-4.7854979092795285,1.5673230623541368,3.1212306109656303,0.5979421753168436,63.115745114678575,222.2970474586516,READY,11.867903136134068,True,85.75885857207763,28.13802885691796,5,81.41462205279866,NOMINAL,LOW,STANDBY,0,2,2
2025-03-05 10:13:19.924,4840.238175620139,298.2279265939396,47.98392963038264,-0.06395062571581511,-4.844086546290224,1.550424520837278,3.104626472828029,0.589055908421647,63.09909043488725,172.39731089487896,READY,11.943799568786062,True,85.80708339053726,28.071165359612724,5,81.83886297714409,NOMINAL,LOW,STANDBY,0,2,2
2025-03-05 10:13:19.958,4821.401680927445,298.47670799791314,48.173678074200694,-0.14385384838543905,-5.00818676054886,1.5366007888322288,3.011670439272877,0.5889005733044916,63.06584668476558,214.568094376263,READY,12.049421995784286,True,85.765175299292,27.981071126308724,5,81.88104735698785,NOMINAL,LOW,STANDBY,0,3,2
2025-03-05 10:13:19.986,4817.004939824264,297.5578711188064,48.22936962018874,-0.21522238937386556,-5.061830102483022,1.5561854870833105,3.101940696023876,0.5914816306026293,63.02189471679559,232.3730904937077,READY,12.226579072189521,True,85.82972096581071,27.89743577984021,5,82.19556092091192,NOMINAL,LOW,STANDBY,0,3,2
2025-03-05 10:13:20.018,4814.693614541616,299.0789905492822,48.053871189098565,-0.12683810195528022,-4.791730654431703,1.5821572110797224,3.03181166682858,0.5948448983711087,62.99577297195344,188.17082966471685,READY,12.069042934439807,True,85.879540087633,27.837376093226368,5,81.9152897643708,NOMINAL,LOW,STANDBY,0,3,2
2025-03-05 10:13:20.050,4825.192719242842,298.59393034128976,48.519608772690525,0.12615127774845497,-4.7919220876383175,1.561347146887054,3.1070716563340093,0.6042334224266744,62.968993321811446,179.49106703818552,READY,12.239669824501073,True,85.923954189485,27.749127113187605,5,81.74157283675616,NOMINAL,LOW,STANDBY,0,3,2
2025-03-05 10:13:20.086,4807.912399125355,297.5112801605492,48.212086942038795,0.08125522202394819,-5.03706141933958,1.5215746061845148,3.0351371795668785,0.6077309022688282,62.9193942881109,181.9287986709027,READY,12.097076636985792,True,85.98972140960039,27.697737021296746,5,81.68375096847289,NOMINAL,LOW,STANDBY,0,3,2
2025-03-05 10:13:20.118,4793.798859288432,297.34340019268535,47.88177934780848,-0.18596997405095433,-4.604555958594175,1.50528334513487,3.1174219922085467,0.6067671187672985,62.875345105465385,194.55333821274516,READY,12.027286679637536,True,86.04493440620003,27.598450033659525,5,81.8181371550447,NOMINAL,LOW,STANDBY,1,3,2
2025-03-05 10:13:20.154,4799.98355041451,295.3563101495362,48.31186234421032,-0.3599178785156967,-4.167065675542846,1.49604396574705,3.1628398739336383,0.6075006058066305,62.855061556787945,185.93668746162962,READY,12.157332519375036,True,85.86345881125033,27.516440477903565,5,82.07988060134083,NOMINAL,LOW,STANDBY,1,3,2
2025-03-05 10:13:20.189,4793.981394480835,293.8797204862095,47.88400123450613,-0.4123061499434243,-4.325632326458841,1.4778202250599173,3.0862833620955956,0.6156388874270231,62.84415974402551,146.05788454049474,READY,12.144209932106511,True,85.75377875755193,27.45799578228818,5,82.25001675868144,NOMINAL,LOW,STANDBY,1,3,2
2025-03-05 10:13:20.221,4812.957167794363,292.4771690772753,47.897041965882096,-0.5904025499868057,-4.750903940350959,1.4315003967382316,3.0068487269289315,0.6105897069522874,62.813711970982084,121.62467964319377,READY,12.253218564876725,True,85.94372565877481,27.395137157589883,5,82.12149661497381,NOMINAL,LOW,STANDBY,1,3,2
2025-03-05 10:13:20.255,4807.0238983471245,291.3930683235766,47.87677426699662,-0.7069821110740949,-5.008461355468018,1.4576671649027604,3.0908456914354945,0.6147615124736538,62.78383602107964,87.57352229785283,READY,12.294929842858176,True,85.90154234735301,27.334848451140267,5,81.74122391943119,NOMINAL,LOW,STANDBY,1,3,2
2025-03-05 10:13:20.287,4816.922165262233,289.55244092189,47.689887300193284,-0.9912163644673013,-4.896053490717113,1.4584071712255582,3.0526633347120864,0.6184119216387021,62.75338754576949,136.66210003722512,READY,12.443497725715877,True,85.88265541249349,27.249025585260327,5,82.02431862039747,NOMINAL,LOW,STANDBY,1,3,2
2025-03-05 10:13:20.319,4800.441077640101,290.4854884237624,47.66040389218477,-0.7692666589472328,-5.323559736509883,1.4235207857896774,3.006621901348611,0.6278306905325912,62.71254924749774,97.23033152275076,READY,12.268087239299827,True,86.02132973964598,27.19322095527931,5,82.29715062591175,NOMINAL,LOW,STANDBY,1,3,2
2025-03-05 10:13:20.350,4795.662960823267,288.8256416422573,47.69127941428055,-0.9803049766726268,-5.225245211105099,1.4243427537020812,2.981736792869415,0.637493279554674,62.68165073961314,86.20519587079612,READY,12.317415908629936,True,86.10761036117073,27.116797227287993,5,82.03005857314423,NOMINAL,LOW,STANDBY,1,3,2
2025-03-05 10:13:20.390,4799.350270509565,287.2784440159626,47.645283904032205,-1.0023963502617301,-5.408746423305945,1.3919464781749364,3.062456793720023,0.6463836238329487,62.66675892396978,89.7806787726494,READY,12.436618632500076,True,86.17761744421944,27.043579702562344,5,81.70415068498592,NOMINAL,LOW,STANDBY,1,3,2
2025-03-05 10:13:20.419,4793.705766067131,285.8062936472276,47.75579580145835,-1.1754353824072146,-5.088756544318568,1.4168887886485224,3.0844553999429243,0.6432745035446997,62.62643307136446,64.91342390178878,READY,12.564298559551384,True,86.37750803130169,26.949413016493214,5,81.77633876873274,NOMINAL,LOW,STANDBY,1,3,2
2025-03-05 10:13:20.452,4807.266690620006,286.56721483755075,47.70892924256928,-0.9185996906093039,-5.532273050943212,1.373080659713536,3.0969492654438175,0.6434829608206972,62.598051215619364,80.66127054553414,READY,12.600453510568371,True,86.52017228313662,26.88274614989915,5,81.68592373323521,NOMINAL,LOW,STANDBY,1,3,2
2025-03-05 10:13:20.486,4804.747012390613,287.24846125420663,47.49991956593738,-0.8431445966983733,-5.83915592027368,1.3949079742686104,3.047712387216205,0.6520646042536965,62.57364195803498,113.68300429070037,READY,12.719216249517249,True,86.43508673466302,26.814970908489357,5,81.27517848620118,NOMINAL,LOW,STANDBY,1,3,2
2025-03-05 10:13:20.531,4824.142848615709,288.97978571866196,47.2086164899626,-1.1132126878716486,-5.909466243712998,1.4402690454881166,3.1454850451183134,0.6559970907026587,62.5436323295399,150.27631006629323,READY,12.816698494655082,True,86.38564363077006,26.73990184261948,5,81.06107334157237,NOMINAL,LOW,STANDBY,1,3,2
2025-03-05 10:13:20.562,4813.794261079798,288.605682758898,46.99051866721138,-1.1495203871148485,-5.474991409327091,1.415302027481522,3.128749604161791,0.6636163566352784,62.51650856859924,105.67690229608998,READY,12.677210718056042,True,86.53317911020358,26.681621748913457,5,81.43636546314728,NOMINAL,LOW,STANDBY,1,3,2
2025-03-05 10:13:20.603,4802.89025722208,289.7036779701546,47.184989725475646,-1.0237343040102098,-5.504434076042275,1.397630975467254,3.104725113341689,0.6676346714729917,62.488951676168746,97.84211300854209,READY,12.646717615255671,True,86.69028965879387,26.587703503827736,5,81.02015975259145,NOMINAL,LOW,STANDBY,1,3,2
2025-03-05 10:13:20.630,4806.220335025676,289.57078844673356,47.297950837374614,-1.2138674484309484,-5.278804589904206,1.3538008822365573,3.136335529577268,0.6634492137137765,62.44218228316983,118.68549159691997,READY,12.754319299918157,True,86.5129813405508,26.503929218342396,5,80.67197079314656,NOMINAL,LOW,STANDBY,1,3,2
2025-03-05 10:13:20.665,4824.672507994657,291.0620622698889,47.31066225938013,-1.2328094883517653,-5.648615627544336,1.3791464218151284,3.0657632662144936,0.6589737183603084,62.39906112479714,122.61473350523607,READY,12.58031512330506,True,86.446750152459,26.408119208954346,5,81.1707077605586,NOMINAL,LOW,STANDBY,1,3,2
2025-03-05 10:13:20.699,4808.23716556172,289.66597599399046,47.57981180043329,-1.0050949918733485,-5.827030057121347,1.353988646869018,3.0646060212361395,0.6599634241602221,62.351950522434805,162.20752201556095,READY,12.56622150107058,True,86.53465638807916,26.328547360939332,5,81.52374191527201,NOMINAL,LOW,STANDBY,1,3,2
2025-03-05 10:13:20.734,4812.211563213503,290.69899525939564,47.179282976735685,-0.9765776528284011,-6.277010779227319,1.4034751201724862,3.079843754507699,0.6556412273566845,62.31131847727615,166.07475607723933,READY,12.704266733403033,True,86.47366715942593,26.234119191298685,5,81.85816895958665,NOMINAL,LOW,STANDBY,1,3,2
2025-03-05 10:13:20.765,4803.626108177995,289.7534843304607,46.78317921309689,-0.9732713462485256,-5.948359503294089,1.4460133927867649,3.0784065751994802,0.6569565506950142,62.28512733802717,176.22616542856744,READY,12.784058054644204,True,86.42395130894796,26.17335680596192,5,82.09969842083576,NOMINAL,LOW,STANDBY,1,3,2
2025-03-05 10:13:20.799,4796.636920245204,291.19045132872316,47.090293415176355,-0.9908832064246446,-5.55073334266067,1.4563591949995474,3.140554750073165,0.6654476129674329,62.25522728286776,166.29433827919263,READY,12.749682409990205,True,86.61545685753524,26.119689297967295,5,82.1182774951615,NOMINAL,LOW,STANDBY,1,3,2
2025-03-05 10:13:20.834,4808.528415829775,290.727940531647,47.14185303302224,-1.1195500583433626,-5.838511230965184,1.4587695506495872,3.0821335676551547,0.6638251128643443,62.24376452460661,178.29891069173613,READY,12.692812873894088,True,86.77396054822616,26.043406621879967,5,82.41278173419906,NOMINAL,LOW,STANDBY,1,3,2
2025-03-05 10:13:20.866,4791.68302725601,291.71687811272545,46.872754515750856,-0.8824055869171488,-5.894958776328444,1.505992570417578,3.1810511921915854,0.6682946359415884,62.22518012524405,198.55621552484277,READY,12.84588572797132,True,86.65927847567926,25.944594428167623,5,82.86968969889558,NOMINAL,LOW,STANDBY,1,3,2
2025-03-05 10:13:20.899,4800.450377279309,293.0740848515945,47.327855833104614,-1.173131910231634,-6.3821082134289835,1.5150773768917376,3.136547949480025,0.6753087438765627,62.212042488955575,184.64996785861382,READY,12.917076181462447,True,86.69802650755481,25.85765903444708,5,83.29851419240569,NOMINAL,LOW,STANDBY,1,3,2
2025-03-05 10:13:20.935,4816.452133507088,294.4655551383054,47.53548564573935,-0.8964641067881083,-5.928835528508437,1.4694430470468944,3.234055038771896,0.6789845277839061,62.1919351255197,201.581880838304,READY,13.079469282533523,True,86.77287626964265,25.774870385268773,5,83.69276057413516,NOMINAL,LOW,PASSIVE,1,3,2
2025-03-05 10:13:20.956,4811.424047327316,295.4868594581773,47.490074156354865,-1.141519910866314,-5.630517843605988,1.4491922212412376,3.1858857339677042,0.6759424028232265,62.17655022627102,158.00711584858604,READY,13.056825132396884,True,86.90840769623381,25.680885072142992,5,83.49291816730683,NOMINAL,LOW,PASSIVE,1,3,2
2025-03-05 10:13:20.987,4824.580420904463,295.1914853075717,47.47666013415056,-0.9948512697914783,-5.760672681636639,1.4199311004767465,3.175961014581546,0.679168546152025,62.1304309769988,130.9415026585038,READY,13.04898391681356,True,86.80829215952905,25.603687404306104,5,83.2966193126989,NOMINAL,LOW,PASSIVE,1,3,2
2025-03-05 10:13:21.020,4842.8886831528,294.58890899625266,47.72063473928758,-0.9208411536783195,-5.69929223229401,1.4096275107187477,3.234851310503946,0.6694501678690903,62.09869313538832,106.1000128025897,READY,12.88684153518594,True,86.69999106264163,25.527243188049162,5,83.11567031980138,NOMINAL,LOW,PASSIVE,1,3,2
2025-03-05 10:13:21.065,4843.043534456743,292.6199475555792,47.38847885978183,-0.7549435584087443,-5.270144425499054,1.380882878003188,3.197215067400467,0.6653418827298575,62.062090366526675,83.44461371513175,READY,12.852276217345397,True,86.80522481970303,25.462935438658885,5,82.80008143136499,NOMINAL,LOW,PASSIVE,1,3,2
2025-03-05 10:13:21.099,4837.8592305966895,293.39509237523004,47.84774919962445,-0.46825847107273794,-5.651799999845915,1.3439200756292071,3.1746733250758323,0.6748270279450339,62.04439954820447,87.74362837929715,READY,12.851821687868355,True,86.84443768849259,25.390126094939042,5,83.0652907756555,NOMINAL,LOW,PASSIVE,1,3,2
2025-03-05 10:13:21.133,4828.435151440699,291.5521072014857,48.01821221492878,-0.5108261646540415,-5.747939463783899,1.3531875205033823,3.176076988772648,0.6661883113272146,62.014152311261725,60.269146251575805,READY,13.001313147492356,True,86.86433142529884,25.326775061671036,5,83.40833685442148,NOMINAL,LOW,PASSIVE,1,3,2
2025-03-05 10:13:21.162,4818.62713323424,292.372149247528,48.47560604145467,-0.6013622638601611,-5.925919140397379,1.3897112082468865,3.1475374708178743,0.6662445939484072,61.98399450304822,81.29082778127705,READY,13.200558672470432,True,87.02195761688743,25.24233609068517,5,83.8322613432163,NOMINAL,LOW,PASSIVE,1,3,2
2025-03-05 10:13:21.200,4812.973556206678,291.47166216668063,48.9515937050608,-0.4730374090497247,-6.009664443052221,1.437972440184119,3.1718981786894296,0.6750918807375657,61.96422434492004,54.622390230965195,READY,13.08584735309346,True,86.84246783656336,25.18644625807437,5,84.01570997385984,NOMINAL,LOW,PASSIVE,1,3,2
2025-03-05 10:13:21.230,4822.886005446681,291.89684780078363,49.06815092149659,-0.7389478422324166,-5.936842111638393,1.4164968449704975,3.077297376431287,0.6814197862208692,61.94617431254381,22.541193731454,READY,13.0307864071458,True,86.77972091866175,25.090075330014635,5,83.74089497944367,NOMINAL,LOW,PASSIVE,1,3,2
2025-03-05 10:13:21.264,4834.759888167763,290.15235752775453,48.76893763499899,-0.8160339962173877,-6.122736780289097,1.4592192012627172,3.096545037633,0.6794254763455565,61.90938329538866,-6.560894239394031,READY,12.871713223454224,True,86.68542062421855,24.99865272534774,5,84.21528614423403,NOMINAL,LOW,PASSIVE,1,3,2
2025-03-05 10:13:21.300,4849.84269362132,288.3968207850176,48.37344853160232,-1.0021372285533836,-6.408639979705797,1.4401587105236902,3.14110056881458,0.6758299832778131,61.87068164702992,-9.164750940902344,READY,12.871981748683972,True,86.50976100310662,24.940430030506235,5,83.9529384640337,NOMINAL,LOW,PASSIVE,1,3,2
2025-03-05 10:13:21.331,4852.467128044851,289.1487393288414,48.14550104650226,-0.7217599667481338,-6.70652483149783,1.4657500075188061,3.0641465644533854,0.6831310725847801,61.849152515673964,-13.45123584935525,READY,12.97806158754951,True,86.5700190411841,24.862282387815643,5,84.02898355616514,NOMINAL,LOW,PASSIVE,1,3,2
2025-03-05 10:13:21.362,4840.92042124972,288.5948271090232,48.34611369775361,-1.0135665368575264,-6.682895329432549,1.4965778507209058,2.9744197165650355,0.6773790541566611,61.80103005418624,10.45790943949833,READY,12.917394691668592,True,86.43803285602537,24.79830580363107,5,83.8078703329116,NOMINAL,LOW,PASSIVE,1,3,2
2025-03-05 10:13:21.398,4850.228399915188,290.01755059973175,48.253470206088316,-1.0711137645701319,-6.893834319422779,1.4990954786909112,3.0181532601958274,0.6691223441854648,61.7720615520081,18.50304385746518,READY,12.88870072456248,True,86.35819546642155,24.74138565442467,5,83.38940045792143,NOMINAL,LOW,PASSIVE,1,3,2
2025-03-05 10:13:21.430,4834.401145621204,289.4457652573711,48.33873787581994,-1.206490451255034,-6.766330492213666,1.5232133288903593,3.052331639802329,0.677354176278708,61.75397989715041,4.397106157342009,READY,12.95354103132019,True,86.47394145420716,24.686296971859147,5,82.9660938293689,NOMINAL,LOW,PASSIVE,1,3,2
2025-03-05 10:13:21.466,4834.8246658138205,290.0527364319746,48.39760109038416,-1.2881945526660967,-6.460627347349137,1.54062713701543,3.030506526540918,0.6699067485277735,61.74385017823453,-38.51550233212896,READY,12.902587135355157,True,86.4495711188395,24.61130778911584,5,82.96986186111242,NOMINAL,LOW,PASSIVE,0,3,2
2025-03-05 10:13:21.502,4849.440371452382,290.44733079487025,48.20853190849302,-1.1781877160988479,-6.156682404122602,1.5351236146019451,3.0269060366990606,0.6645038155509182,61.69702068692113,-54.980579367976325,READY,13.040594673690121,True,86.37820476953337,24.527484846306045,5,83.18618104499637,NOMINAL,LOW,PASSIVE,0,3,2
2025-03-05 10:13:21.531,4854.458447944777,291.126593373925,48.153192639737895,-1.3996543462076523,-6.438010280314178,1.5298286807236328,3.044536193496025,0.6654200595258988,61.685184140944415,-73.77195765041162,READY,12.897976642225156,True,86.50877132882987,24.434181675356754,5,83.45541271099903,NOMINAL,LOW,PASSIVE,3,3,3
2025-03-05 10:13:21.566,4837.32769523159,292.2958953656484,48.43116198214932,-1.6460917119982847,-6.832052811298009,1.4825341511918666,3.069711018486327,0.6655306248036987,61.6415322438691,-102.83630754647226,READY,12.80768828303837,True,86.59592258860485,24.36128551291975,5,83.17546897464779,NOMINAL,LOW,PASSIVE,3,3,3
2025-03-05 10:13:21.599,4825.616552108094,291.2009816490368,47.99193565198936,-1.902751948864902,-6.347551584315592,1.456508476328919,2.988138031399888,0.6574868692840653,61.59778791743629,-139.54675934288787,READY,12.850515252117326,True,86.49755010152245,24.289198419370784,5,83.67270633602647,NOMINAL,LOW,PASSIVE,3,3,3
2025-03-05 10:13:21.630,4823.5418205683445,291.7720408513359,47.81044667601625,-1.7035750229211533,-5.989161676136525,1.4196493800823535,3.045373911442103,0.657965769964374,61.55643448933337,-178.60346475367504,READY,12.850515252117326,False,86.55854779962458,24.224816683447475,5,83.88991190705316,NOMINAL,LOW,PASSIVE,3,3,3
2025-03-05 10:13:21.670,4812.772152922114,292.8486434893286,47.92802297925739,-1.716898288100806,-6.0805371810503726,1.4665270537968809,2.9628062827504147,0.6671059632859601,61.52499677349842,-197.1959447298709,READY,12.850515252117326,False,86.46001434733121,24.140381022190805,5,83.99542056071785,NOMINAL,LOW,PASSIVE,3,3,3
2025-03-05 10:13:21.701,4805.474658905278,292.2529258691422,47.72444660749572,-1.5785946303653904,-6.465634212532048,1.505332718897514,2.915286540343308,0.6575044972764031,61.48685724218746,-221.28339493004492,READY,12.850515252117326,False,86.30666643727591,24.07474632437094,5,84.19314733197864,NOMINAL,LOW,PASSIVE,3,3,3
2025-03-05 10:13:21.733,4801.586421872692,291.5660061014225,47.7200748163392,-1.3445215340937173,-5.969641604438857,1.493711792659079,2.9317759774752123,0.6490910472493059,61.447995959746564,-216.94537099392085,READY,12.850515252117326,False,86.44881363819333,24.005721875870773,5,84.43686421590384,NOMINAL,LOW,PASSIVE,3,3,3
2025-03-05 10:13:21.768,4781.872710184307,290.71019748093227,48.14402541918849,-1.285043104974727,-5.500293571685368,1.4457709415761848,3.004164265401201,0.6449263899074307,61.423503283787255,-201.2780440561316,READY,12.850515252117326,False,86.50577207713833,23.943261055721536,5,84.06553135927379,NOMINAL,LOW,ACTIVE,3,3,3
2025-03-05 10:13:21.801,4794.274471870881,290.4225572665351,48.179504357101216,-1.0103247093872654,-5.035015466079272,1.4400029520448017,3.1001340642733943,0.6516943276567312,61.410190958149,-221.4370578835972,READY,12.850515252117326,False,86.58608448120907,23.844947604548043,5,84.09867749711741,NOMINAL,LOW,ACTIVE,3,3,3
2025-03-05 10:13:21.832,4804.917970597279,288.7877452598612,48.63768615534003,-1.2817990552412724,-5.460244822336965,1.4160115721479638,3.14505868145933,0.6449322334869042,61.39874091725387,-249.74205872173314,READY,12.850515252117326,False,86.73066723762594,23.771374259278293,5,83.72735654876487,NOMINAL,LOW,ACTIVE,3,3,3
2025-03-05 10:13:21.866,4794.772684099305,290.55999608385844,48.95782158557564,-1.077399361860031,-5.487350120894085,1.4571502158262197,3.1609056088648084,0.6548068195554083,61.35330038493995,-291.6919861123233,READY,12.850515252117326,False,86.79405866986592,23.712052481781217,5,83.78816888165122,NOMINAL,LOW,ACTIVE,3,3,3
2025-03-05 10:13:21.898,4796.6047955688455,290.1413066626968,49.42576473811645,-1.0521447833594109,-5.498888539759789,1.4419857761983605,3.2455863297378174,0.6630563875260878,61.329532716381806,-294.40569948951236,READY,12.850515252117326,False,86.6438136829329,23.642025950150856,5,83.32391093819578,NOMINAL,LOW,ACTIVE,3,3,3
2025-03-05 10:13:21.930,4813.788850899265,288.570301492308,49.20064380948662,-0.7795560346823647,-5.150387923251662,1.4810085772657031,3.3451059986790623,0.6579786382731206,61.30952050798536,-324.215032634353,READY,12.850515252117326,False,86.84062249301655,23.55089275825814,5,83.58087373560947,NOMINAL,LOW,ACTIVE,3,0,3
2025-03-05 10:13:21.967,4799.129445231864,289.434732669208,48.9734130882492,-0.6054852820657992,-5.4275109822207215,1.5242937132323147,3.403777635694665,0.6538250324174221,61.2689627355519,-349.31851517277977,READY,12.850515252117326,False,86.92589288878987,23.463140101908966,5,84.01888074956706,NOMINAL,LOW,ACTIVE,3,0,3
2025-03-05 10:13:21.998,4816.431069329465,290.36477737709924,49.223268159762014,-0.8342426866673179,-4.944662235871218,1.540691207329917,3.3100119215403265,0.6455564162713164,61.22921980235282,-307.0616729478459,READY,12.850515252117326,False,87.09791682171151,23.38886282465412,5,84.00151277885634,NOMINAL,LOW,ACTIVE,3,0,0
2025-03-05 10:13:22.029,4812.0350020094675,290.5631152917384,48.75352125643425,-0.634693378610157,-4.455844507267904,1.5594890943644608,3.2240489924368765,0.637479306247112,61.21428716382946,-287.79462023663507,READY,12.850515252117326,False,87.0319354836408,23.334414831484146,5,84.35410313926567,NOMINAL,LOW,ACTIVE,3,0,0
2025-03-05 10:13:22.067,4800.301727518214,289.78003822880396,48.55231585188103,-0.6000346924363519,-4.3599667575835435,1.5915307856100938,3.1569617981590143,0.6297241584486836,61.1696042739664,-333.3633683290947,READY,12.850515252117326,False,87.17639560535329,23.284143804508492,5,84.22737898800553,NOMINAL,LOW,ACTIVE,3,0,0
2025-03-05 10:13:22.098,4794.30669049913,288.48518988515673,48.87301805256011,-0.3299215582510105,-4.114828466727225,1.5869459038621194,3.1359604023360004,0.6292844856761843,61.133188929738154,-313.23714258305813,READY,12.850515252117326,False,87.05244805483866,23.212867558722827,5,83.83055272383771,NOMINAL,LOW,ACTIVE,3,0,0
2025-03-05 10:13:22.130,4811.740309513396,289.06047008817256,49.22527859014502,-0.6057335882527223,-4.415841855116378,1.6070755495974167,3.18366147766505,0.6375766223218798,61.104106472559124,-355.56136012475105,READY,12.850515252117326,False,87.11729626415234,23.157226898167544,5,83.37673593568546,NOMINAL,LOW,ACTIVE,3,0,0
2025-03-05 10:13:22.167,4792.4336367698215,287.37108219814985,49.53617520131559,-0.6607249420209573,-4.01537565119026,1.6441938261185545,3.2718525939772043,0.6328587373059272,61.08150651088605,-377.32026196063634,READY,12.850515252117326,False,87.05491348138965,23.085862843955272,5,83.10354857594072,NOMINAL,LOW,ACTIVE,3,0,0
2025-03-05 10:13:22.198,4798.454552728762,287.36119355553814,49.36149818784447,-0.9423133069685918,-3.668214462443954,1.6860439509142189,3.2766882653272726,0.6330189066231434,61.03835200152585,-370.1572116841736,READY,12.850515252117326,False,87.25330046987223,22.990648586613162,5,82.96269487763146,NOMINAL,LOW,ACTIVE,3,0,0
2025-03-05 10:13:22.230,4803.526132829647,285.42010254696237,48.97127949847766,-1.0843476630443147,-4.075487109492361,1.7198497309915837,3.197669836982519,0.6384566851166765,61.01601709658236,-337.4659867943879,READY,12.850515252117326,False,87.40334930153155,22.922626948109468,5,82.80591310099148,NOMINAL,LOW,ACTIVE,3,0,0
2025-03-05 10:13:22.268,4793.382436732702,284.1790603255388,48.72032762188719,-1.2935449906229848,-4.060024040953332,1.6768454796154173,3.157860231081468,0.6341027175292043,60.98623222381022,-339.4602921566688,READY,12.850515252117326,False,87.48260842004854,22.869866804673126,5,83.28930736400855,NOMINAL,LOW,ACTIVE,3,0,0
2025-03-05 10:13:22.298,4788.990435566189,283.45830720320345,48.422900715661704,-1.5474361656713993,-4.250995419945413,1.6392295437383824,3.1664405200478885,0.6277040425257331,60.93958101061487,-334.8146050981114,READY,12.850515252117326,False,87.39502402208363,22.778230908149027,5,83.60584963464835,NOMINAL,LOW,STANDBY,3,0,0
2025-03-05 10:13:22.331,4799.958396306697,281.4778237552401,48.311784944703604,-1.395854123688412,-4.226815038954971,1.602292764078796,3.2202127739705637,0.6245586425720746,60.90898726871857,-288.9360773038174,READY,12.850515252117326,False,87.42404993853695,22.706196493100755,5,83.61104776919137,NOMINAL,LOW,STANDBY,3,0,0
2025-03-05 10:13:22.367,4816.575241644277,282.6821216274665,48.340582504118515,-1.152662238630971,-4.2533666903379554,1.5847169084991253,3.1204834385501807,0.619418096971673,60.86239838634499,-278.8910229052907,READY,12.850515252117326,False,87.23489703784674,22.61406097769179,6,83.15810852779653,NOMINAL,LOW,STANDBY,3,0,0
2025-03-05 10:13:22.398,4817.182691590104,281.42998327731794,48.50585635355994,-1.2049483265266783,-4.625153033707966,1.6297820806713226,3.1432953171878952,0.6187457598134918,60.81572710692249,-281.651614920467,READY,12.850515252117326,False,87.12532764774258,22.525122977544623,6,82.66235146862364,NOMINAL,LOW,STANDBY,3,0,0
2025-03-05 10:13:22.431,4831.00187968671,281.07880577159096,48.33149962788278,-1.4589517538903505,-4.631270078553824,1.5971171327267026,3.163928017625157,0.6280142670983231,60.767734175745936,-316.34119240607174,READY,12.850515252117326,False,87.272747706769,22.437645881193223,6,82.30372248712415,NOMINAL,LOW,STANDBY,3,0,0
2025-03-05 10:13:22.461,4849.924238484461,280.41443969030433,48.324423859767016,-1.5327579269067308,-4.911116703971649,1.5863971307345195,3.154458175935763,0.6335682448116401,60.73875035893522,-274.10407611369226,READY,12.850515252117326,False,87.30468315735921,22.364983015186564,6,81.95192047804836,NOMINAL,LOW,STANDBY,3,0,0
2025-03-05 10:13:22.493,4868.560457054203,278.8007174475224,48.418850655906596,-1.6767394416826633,-4.9754921661035985,1.6275734519038052,3.2540130252614636,0.6276515860242875,60.72755908731137,-267.37403252228927,READY,12.850515252117326,False,87.16057618910096,22.314086086005602,6,82.13066623785858,NOMINAL,LOW,STANDBY,3,0,0
2025-03-05 10:13:22.525,4864.737707285683,277.1272737525315,48.04107730734703,-1.4817088177343338,-4.787242212557504,1.6654348657085742,3.2216709690002645,0.6293009887292528,60.7024497993971,-272.46673268816124,READY,12.850515252117326,False,87.11747256211872,22.232007141409746,6,82.13542446395539,NOMINAL,LOW,STANDBY,3,0,0
2025-03-05 10:13:22.563,4884.195121860378,276.93762433591314,48.47656505705772,-1.2065824664799352,-4.414938878150294,1.6298949275266768,3.2958344239529316,0.6306750414046486,60.68649532084327,-256.3567819975045,READY,12.850515252117326,False,86.93873541430096,22.144492024592974,6,81.9116523423768,NOMINAL,LOW,STANDBY,3,0,0
2025-03-05 10:13:22.587,4900.909295393819,278.8465298095113,48.591473124415096,-1.2512423822970657,-4.0991718620446065,1.6436697164482736,3.2695816256921204,0.628338191314473,60.65592205618364,-234.57003726366094,READY,12.850515252117326,False,87.0078891461342,22.089764683326788,6,82.37427730980875,NOMINAL,LOW,STANDBY,3,0,0
2025-03-05 10:13:22.618,4881.7495999824,278.7871696469353,48.44434874386929,-1.013738899777731,-4.298291485008503,1.6837031009725858,3.288251939668486,0.6340864976892169,60.638244902616805,-261.7080689375495,READY,12.850515252117326,False,87.02340258650983,22.014803263550238,6,82.55106624330745,NOMINAL,LOW,STANDBY,3,0,0
2025-03-05 10:13:22.654,4873.240190114799,279.6396725564884,48.89286429905589,-1.0973092707572374,-4.431288853510472,1.6734572099955731,3.349663851959002,0.6349266745788941,60.599420053322866,-273.50079247360475,READY,12.850515252117326,False,87.21932916803814,21.961698950161825,6,82.5143109287643,NOMINAL,LOW,STANDBY,3,2,0
2025-03-05 10:13:22.688,4888.123654186079,280.3502368926905,49.11498193887094,-0.9719107632303616,-4.395448651074235,1.6560756260988574,3.2959560807331765,0.6362381025809655,60.56193906274388,-255.16904182033693,READY,12.850515252117326,False,87.33969740002703,21.902560273514982,6,82.40916964588477,NOMINAL,LOW,STANDBY,3,2,0
2025-03-05 10:13:22.719,4889.765421905214,281.6372991915875,49.01983230880221,-0.8114619809769508,-4.195512872199694,1.6851158566696756,3.3553255502935753,0.6338711276594927,60.51401047529246,-248.8670956631246,READY,12.850515252117326,False,87.21259925332357,21.834275375453597,6,82.45996881207739,NOMINAL,LOW,STANDBY,3,2,0
2025-03-05 10:13:22.755,4900.686920419065,280.63238002397185,48.957911781665814,-0.6018587296653128,-4.587996671064147,1.6452667399535355,3.3587872163371704,0.6286724403537558,60.49040911034822,-295.8029708697266,READY,12.850515252117326,False,87.15378070280018,21.74060664345831,6,81.97437932223436,NOMINAL,LOW,STANDBY,3,2,0
2025-03-05 10:13:22.798,4885.034283035666,281.53436033824653,48.655967016955515,-0.4221794705703214,-5.0080084763755055,1.6890689288759424,3.2780371099726215,0.6259951186516135,60.44539186112594,-270.10729206705764,READY,12.850515252117326,False,87.03226087309498,21.644722700724863,6,82.45830387267262,NOMINAL,LOW,STANDBY,0,2,0
2025-03-05 10:13:22.829,4879.350831889913,283.28254915390625,49.03313693475195,-0.42777651728247185,-5.464102235430392,1.719190177485582,3.2350924493429276,0.628982182563485,60.4019979504699,-234.14138805806996,READY,12.850515252117326,False,87.12628628402548,21.563876349292503,6,82.3346598939386,NOMINAL,LOW,STANDBY,0,2,0
2025-03-05 10:13:22.860,4867.556878083149,281.8950999826267,48.53616134672803,-0.5629950937780309,-5.274915041885205,1.7360397032176207,3.1613316017872894,0.6245342520423851,60.354400092249705,-237.97114377921113,READY,12.850515252117326,False,87.10466630210728,21.500240251715166,6,82.04637915426524,NOMINAL,LOW,STANDBY,0,2,0
2025-03-05 10:13:22.894,4884.813058774158,280.02484785459035,48.92768932630395,-0.5109323523687852,-4.846974998547822,1.721667716105415,3.161396627808064,0.631936178920678,60.319204156331075,-270.781081525962,READY,12.850515252117326,False,86.9394847131618,21.424094833888745,6,82.40171256552486,NOMINAL,LOW,STANDBY,0,2,0
2025-03-05 10:13:22.924,4883.738898527962,280.5801538437772,48.9124687980822,-0.6459537789258389,-5.207843665873888,1.7029659206227443,3.069094711998313,0.6261495985131023,60.296594495645145,-272.50155080249954,READY,12.850515252117326,False,86.747077229632,21.36565386679211,6,82.52546999328354,NOMINAL,LOW,STANDBY,0,2,0
2025-03-05 10:13:22.961,4880.309911835037,281.59229356907036,48.758392390665136,-0.8329343938676479,-5.484557839883916,1.722123210214688,2.9752961398238282,0.616694629801281,60.24763062905788,-238.46237563577137,READY,12.850515252117326,False,86.80685841896775,21.297923219428455,6,82.97638357230382,NOMINAL,LOW,STANDBY,0,2,0
2025-03-05 10:13:22.993,4892.63950597704,281.1763978630534,48.267188558749545,-0.5444938815778917,-5.888349758589282,1.7438263703670722,2.8983448789153456,0.6261095709675242,60.232809145538845,-248.68741072585703,READY,12.850515252117326,False,86.66282879072342,21.24214324328996,6,83.38580284873389,NOMINAL,LOW,STANDBY,0,2,0
2025-03-05 10:13:23.026,4881.8437019798685,282.3196652569397,47.863125286320816,-0.7266405920656023,-6.137454026166995,1.7234895329718267,2.8676193433815262,0.6321869380813466,60.21696374057492,-208.05900623619067,READY,12.850515252117326,False,86.53427796145868,21.15653236910986,6,83.24684437750486,NOMINAL,LOW,STANDBY,0,2,0
2025-03-05 10:13:23.057,4865.227039886091,282.8397674358694,48.26653849746907,-0.9516627666928712,-5.7878464677533135,1.7228024635121615,2.775081775042012,0.6397893387235215,60.178986164304156,-231.31813522767735,READY,12.850515252117326,False,86.40077132583994,21.0653136367176,6,83.12871750780903,NOMINAL,LOW,STANDBY,0,2,0
2025-03-05 10:13:23.086,4868.223104979719,282.67704128948014,47.89759074468804,-0.7726044515447223,-5.6443320291340715,1.6876488039818778,2.694719919522019,0.6302319177782784,60.14656898032097,-249.77325071264625,READY,12.850515252117326,False,86.20650156395807,20.984780349967984,6,83.01269974947813,NOMINAL,LOW,STANDBY,0,2,0
2025-03-05 10:13:23.118,4878.015587925859,283.297280571389,47.89685250588009,-0.923829323797858,-5.690658203508488,1.6548158564535813,2.651489401132792,0.6345923823130153,60.13371470414928,-214.78884205981444,READY,12.850515252117326,False,86.17280480525928,20.894440843084922,6,82.87696217205905,CAUTION,LOW,STANDBY,0,2,0
2025-03-05 10:13:23.154,4894.369350382074,284.3627030647268,48.03365755705607,-0.7118153805453822,-5.1910544314659175,1.6770632266977084,2.636335574880435,0.6318355925025878,60.10689568961962,-228.43391266454103,READY,12.850515252117326,False,86.25680466906869,20.81005975896966,6,82.64399901445591,CAUTION,LOW,STANDBY,0,2,0
2025-03-05 10:13:23.186,4908.41771264888,285.33364305548247,47.99891285443579,-0.48516808671614936,-4.815304306346414,1.6662009501642565,2.6456545792781516,0.6235466643747686,60.06252583156814,-247.49776068654933,READY,12.850515252117326,False,86.1443619957942,20.758275825451353,6,83.05504018809192,CAUTION,LOW,STANDBY,0,2,0
2025-03-05 10:13:23.218,4908.709707187614,287.12627397730654,48.09739963931421,-0.37559950674359904,-4.478358286218136,1.714120848774895,2.663306203561475,0.6172276722761757,60.03566226746997,-231.75585312906452,READY,12.850515252117326,False,86.3122418217355,20.668827026649474,6,82.74099899484007,CAUTION,LOW,STANDBY,0,2,0
2025-03-05 10:13:23.258,4891.714552707385,288.0507539179541,48.41364157267128,-0.19457044579097849,-4.671190277398981,1.6991850427540665,2.615749703879066,0.6261629814830724,59.9910145773917,-253.02064211690174,READY,12.850515252117326,False,86.12459778345465,20.578098484678875,6,82.45056218527799,CAUTION,LOW,STANDBY,0,2,0
2025-03-05 10:13:23.289,4874.993923533426,288.95129701366716,48.38810947562671,-0.2231951961859373,-4.563100610870251,1.710632041122465,2.6221958387183726,0.6209949058593699,59.943207618897574,-233.399248703272,READY,12.850515252117326,False,86.1031591398963,20.48399761278604,6,82.54443128298492,CAUTION,LOW,STANDBY,0,2,0
2025-03-05 10:13:23.322,4892.872729462448,290.6666233904007,48.15426384316766,-0.33436126929541454,-4.746365372770047,1.687837977698198,2.5711679414073827,0.6224057007128446,59.90768702331562,-229.65726447979605,READY,12.850515252117326,False,86.02793736940852,20.431151538134817,6,82.33162722688309,CAUTION,LOW,STANDBY,3,2,0
2025-03-05 10:13:23.360,4885.228612728166,289.0038866720501,47.853761699421526,-0.10185334213549319,-4.947694770097729,1.7154116454569714,2.605438550790399,0.6225589741136429,59.88981489329062,-188.97850438220507,READY,12.850515252117326,False,86.19134427070114,20.342385884996045,6,81.83799338808103,CAUTION,LOW,STANDBY,3,2,0
2025-03-05 10:13:23.393,4892.28209421686,288.8713883405411,48.04548407096546,0.024247921444797926,-4.765074326047257,1.747276700947197,2.698139184561359,0.6316497587167758,59.85239005538941,-142.86774678045396,READY,12.850515252117326,False,86.19576480093208,20.282316000376714,6,82.12476954760142,CAUTION,LOW,STANDBY,3,2,0
2025-03-05 10:13:23.425,4908.71384155146,287.94720933009427,48.34170337518964,-0.22436886107288842,-4.801879584476022,1.7534775806049006,2.7824516732530062,0.62198153486542,59.82582654148385,-132.21307609841017,READY,12.850515252117326,False,86.06329046056393,20.19036920953319,6,82.38679187618122,CAUTION,LOW,STANDBY,3,2,0
2025-03-05 10:13:23.456,4920.2333047990205,287.5848203627171,48.68361613506247,-0.17240112231216173,-4.924173688848208,1.7977277453959606,2.8793862531072723,0.6228460893517815,59.796590577983125,-108.32934298678794,READY,12.850515252117326,False,86.150520851649,20.114322372826987,6,82.79909781780432,CAUTION,LOW,STANDBY,3,2,0
2025-03-05 10:13:23.487,4917.319869422533,287.46109327081933,48.78419030640171,0.11332254806890227,-4.660452037458257,1.7514057812363928,2.9452837949880553,0.6241069083445873,59.78368169606169,-109.58631217827248,READY,12.850515252117326,False,86.33288349946285,20.050192001044095,6,83.02605217925783,CAUTION,LOW,STANDBY,3,2,0
2025-03-05 10:13:23.528,4900.628575355048,285.63862481752693,49.187791693474566,0.187974510380139,-4.869909084379674,1.7617551446854074,2.9483832341173315,0.6165062543947694,59.771706547167234,-101.51533237106054,READY,12.850515252117326,False,86.16335649651371,19.972961998868083,6,83.22147491801849,CAUTION,LOW,STANDBY,3,2,0
2025-03-05 10:13:23.561,4903.424286479601,286.0900883202909,49.09794526266055,0.47861524405416744,-5.274907576557906,1.738110508151997,2.858413331462138,0.6087676032055809,59.73220699722487,-69.95288049310075,READY,12.850515252117326,False,86.21666453585124,19.886308148337093,6,82.93376701119189,CAUTION,LOW,STANDBY,3,2,0
2025-03-05 10:13:23.593,4912.522060789228,286.5393144374172,49.4862387479181,0.6002906317038206,-5.3876899150867,1.7426979885612621,2.7910529332820286,0.6024437725814303,59.68331813317002,-51.851722437964426,READY,12.850515252117326,False,86.22829178870397,19.796433947070625,6,83.33969899987484,CAUTION,LOW,STANDBY,3,2,0
2025-03-05 10:13:23.628,4910.197466128397,286.1885947952482,49.15264157944823,0.6875352382060795,-5.144302768896823,1.7621389104478071,2.8173986476661868,0.5981899334306495,59.63625288550135,-81.13362928378234,READY,12.850515252117326,False,86.35883524754567,19.739595026286803,6,82.89483502565727,CAUTION,LOW,STANDBY,3,2,0
2025-03-05 10:13:23.663,4929.458683463382,285.36586769729104,48.68644124227087,0.5918221897305521,-5.376680977434324,1.7683127350150674,2.865205667435028,0.5898961920412986,59.60847414065008,-57.77887357526606,READY,12.850515252117326,False,86.40608672336471,19.66146079390531,6,82.97571981707777,CAUTION,LOW,STANDBY,3,2,0
2025-03-05 10:13:23.693,4946.58976424758,284.88392949746714,48.92824102057424,0.5803370499026732,-5.30093071850512,1.78209437151259,2.816077981945103,0.5954393674907194,59.566111385868524,-85.60773930684552,READY,12.850515252117326,False,86.45661692363718,19.61059229288659,6,83.02298005912677,CAUTION,LOW,STANDBY,3,2,0
2025-03-05 10:13:23.729,4928.678119021647,286.7151607688444,48.84941283830066,0.36995187131512947,-5.460970809435666,1.8018558870639223,2.7861884084099384,0.5890376778897499,59.53650388850416,-79.49541353853581,READY,12.850515252117326,False,86.39945761353486,19.55838546680011,6,82.93887308758595,CAUTION,LOW,STANDBY,3,2,0
2025-03-05 10:13:23.757,4927.3995595959295,285.7281213293151,49.1862966833714,0.24302472036582914,-5.542549687169383,1.84975352483456,2.755119479184154,0.5804100879966725,59.504257868877524,-56.069516498713995,READY,12.850515252117326,False,86.44861978792369,19.490409701742042,6,82.4899543149039,CAUTION,LOW,STANDBY,3,1,0
2025-03-05 10:13:23.786,4921.54822119137,287.16986676219994,48.96665554961708,0.5125805671304544,-5.563444500115943,1.8556549175450028,2.7950139907921794,0.5900862109886857,59.474844103765534,-31.267914255408,READY,12.850515252117326,False,86.25550369720831,19.435697050313912,6,82.19715250836532,CAUTION,LOW,STANDBY,3,1,0
2025-03-05 10:13:23.824,4939.516541839224,288.36266281843615,48.9430507050467,0.44606333317711494,-6.0541918379227,1.8744714900483403,2.7682095147310437,0.5917183932644189,59.426082019011936,-11.293138843914974,READY,12.850515252117326,False,86.35893395999776,19.367804712419343,6,81.86246665732571,CAUTION,LOW,STANDBY,3,1,0
2025-03-05 10:13:23.867,4921.14570810642,289.7753234521515,48.50237840236065,0.4568360468611204,-5.594000402515369,1.8257346092833553,2.84508487168742,0.5911414904358653,59.39883930400095,33.564790324051145,READY,12.850515252117326,False,86.32730873346964,19.27739679486881,6,82.1609093906475,CAUTION,LOW,STANDBY,3,1,0
2025-03-05 10:13:23.890,4912.572048984233,289.2806830641281,48.32209483197998,0.6361081291908226,-6.018220906622883,1.8322890972411856,2.9358144392875407,0.5858541857888409,59.36637916405284,-6.485049382564654,READY,12.850515252117326,False,86.30398950999384,19.22115002323922,6,81.92149627432354,CAUTION,LOW,STANDBY,3,1,0
2025-03-05 10:13:23.923,4894.292482994423,288.64642235236755,47.85026954404997,0.6755244784800967,-5.976122958373404,1.792816569787759,2.902338933763655,0.5939605642824106,59.323128709708385,-15.386221928532116,READY,12.850515252117326,False,86.12431298147563,19.125334680656383,6,81.75463840417457,CAUTION,LOW,STANDBY,3,1,0
2025-03-05 10:13:23.957,4912.888027098646,288.0334331343767,47.41264485223891,0.9547109947747296,-6.2996645808773994,1.835740504040275,2.910663241882596,0.5969751919314152,59.29776082699816,-37.485689086517404,READY,12.850515252117326,False,86.29394663736491,19.037839036850254,6,81.85048750669999,CAUTION,LOW,STANDBY,3,1,0
2025-03-05 10:13:23.993,4903.769372377863,289.15788378661904,47.62505667015558,1.1867670246886852,-6.503610506759702,1.7979592398451747,2.8783278042026788,0.5881043016442481,59.25340379504801,-8.281554945162803,READY,12.850515252117326,False,86.25619702846821,18.96018815379854,6,81.9029396445346,CAUTION,LOW,STANDBY,3,1,0
2025-03-05 10:13:24.028,4886.277494058439,288.5022966444473,47.549351744368764,1.4434049570207799,-6.484008450499705,1.7512835594939222,2.926396165746279,0.5977988848458125,59.205228896995735,-0.02659199226574316,READY,12.850515252117326,False,86.21094925629535,18.889487816830904,6,82.15173042923017,CAUTION,LOW,STANDBY,3,1,0
2025-03-05 10:13:24.061,4884.147099400733,290.22512360720276,47.739326217073696,1.2107768969179489,-6.40001162449061,1.71708177548378,2.979663756941179,0.5989558636211372,59.16709213843136,46.037468267665126,READY,12.850515252117326,False,86.06923713177721,18.82076803602204,6,82.50391899814063,CAUTION,LOW,STANDBY,3,1,0
2025-03-05 10:13:24.093,4882.673463795192,290.77237347562857,47.24438029157841,1.2373895535344968,-6.422856011100142,1.7667967469131456,3.06646502678605,0.5985496372213043,59.142523785968066,-2.8129426596042535,READY,12.850515252117326,False,86.09569565403604,18.730820124318328,6,82.35511494829375,CAUTION,LOW,STANDBY,3,1,0
2025-03-05 10:13:24.129,4899.70139524416,291.92547586242074,47.37771720804806,1.4340009270662677,-5.966106787608562,1.7457061465807646,3.1400412664816613,0.606588442509907,59.12671679118946,-23.883633972390868,READY,12.850515252117326,False,86.04392950128508,18.647785855416764,6,82.32171770798524,CAUTION,LOW,STANDBY,3,1,0
2025-03-05 10:13:24.161,4905.578244388334,291.03325147477887,46.8953850415876,1.2278619708239944,-6.297047050043603,1.7079554582448033,3.0515253514425438,0.6022516135185138,59.09798384800058,24.82005366343445,READY,12.850515252117326,False,86.00587521837156,18.585662347388958,6,82.35619297138852,CAUTION,LOW,STANDBY,3,1,0
2025-03-05 10:13:24.193,4891.431030091666,292.2134791569037,46.86297307893315,1.2745120040396873,-5.800445723297634,1.7534201502073785,3.04940749671348,0.6037287342571801,59.06149415326908,-2.397697324106172,READY,12.850515252117326,False,85.87205928760527,18.522342082087718,6,82.13182903466031,CAUTION,LOW,STANDBY,3,1,0
2025-03-05 10:13:24.229,4897.269610993131,291.66220469416993,46.673943405217145,1.1474518592835432,-5.813805398349069,1.7672171139925414,3.078366439290812,0.6038639258598525,59.02559830915613,44.5637495842946,READY,12.850515252117326,False,85.9983789068844,18.46185952600279,6,82.39059439654157,CAUTION,LOW,STANDBY,3,1,0
2025-03-05 10:13:24.266,4877.392693337682,292.6776089816013,46.9790102913465,0.9475424171817027,-5.920307532991616,1.7995782829617877,3.0411787430936092,0.600494115985814,58.98665860984413,25.235421222457386,READY,12.850515252117326,False,86.04489258553761,18.381043386180327,6,82.69853118278778,CAUTION,LOW,STANDBY,3,1,2
2025-03-05 10:13:24.287,4863.869670845335,292.5410220684558,46.694776873148946,1.054142920636943,-5.475483006523034,1.7606783792879346,2.988202150051779,0.5934695562629387,58.963851565939876,8.742975272031504,READY,12.850515252117326,False,85.92441930361603,18.30131316172522,6,82.86655143526923,CAUTION,LOW,STANDBY,3,1,1
2025-03-05 10:13:24.323,4871.440238506933,291.83705712955714,46.406269619048835,1.091954844213443,-5.490401015008384,1.7850604183105465,2.9982925148512694,0.5923220409049363,58.928245748950864,-4.6116191687693195,READY,12.850515252117326,False,85.99850909291729,18.250396412095082,6,83.19104787826097,CAUTION,LOW,STANDBY,3,1,1
2025-03-05 10:13:24.355,4864.609634615777,289.91161499376466,46.19727855076971,0.9339383316389395,-5.098559859006572,1.8256527031887428,3.0925966333432724,0.6002413451947085,58.907592290018286,13.035425332953796,READY,12.850515252117326,False,86.05557753711877,18.16841677672794,6,83.12266217881441,CAUTION,LOW,STANDBY,3,1,1
2025-03-05 10:13:24.386,4884.004483261325,290.9393925185427,46.045060697857615,1.1946748939059233,-4.821315482422271,1.8381465481752506,3.04841572043898,0.5938044829981719,58.86955401766027,25.054544930781173,READY,12.850515252117326,False,86.16414323202332,18.10239936416623,6,82.95260803702949,CAUTION,LOW,STANDBY,3,1,1
2025-03-05 10:13:24.422,4879.827245389429,292.269410463827,46.21715746210766,1.1610414744137567,-5.013767177821297,1.8674097727761685,2.9999618815257305,0.603668671273388,58.852511362750796,19.650843937419825,READY,12.850515252117326,False,86.0375981967165,18.04402970070523,6,82.51883763874254,CAUTION,LOW,STANDBY,3,1,1
2025-03-05 10:13:24.454,4871.004520149464,292.3038928683358,46.511593878768494,1.095260698863111,-4.561092602226303,1.8480206836413724,2.903296687910656,0.5952274154176485,58.805932113106216,-22.47537649223712,READY,12.850515252117326,False,86.19970700873633,17.981135764132464,6,82.27710787839155,CAUTION,LOW,STANDBY,3,1,1
2025-03-05 10:13:24.486,4851.202247439047,293.80646195212495,46.832190392275685,0.8585701079496897,-4.300564503707062,1.8130372608004315,2.8058419704313424,0.600970360019918,58.75637627684578,-40.747982196046564,READY,12.850515252117326,False,86.39544876791963,17.91037201626404,6,82.54597341677437,CAUTION,MEDIUM,STANDBY,3,1,1
2025-03-05 10:13:24.522,4853.332415507399,294.43288829238753,46.76805973338098,0.8279703688928546,-3.8159946051020306,1.7859587192569089,2.8711236505266307,0.6009501588222083,58.71752880888912,-41.300747087279966,READY,12.850515252117326,False,86.40604672547597,17.834003620155524,6,82.20652626382233,CAUTION,MEDIUM,STANDBY,1,1,1
2025-03-05 10:13:24.555,4846.1717434543625,295.372713132136,47.0049054401248,1.1028175749460936,-4.0115034042187965,1.795905333045553,2.9617518065320922,0.5964604989689033,58.670037592933745,-23.40013033277176,READY,12.850515252117326,False,86.40295065383904,17.745649061190697,6,81.84028583197097,CAUTION,MEDIUM,STANDBY,1,1,1
2025-03-05 10:13:24.585,4835.407484604215,295.0681126198504,47.21793583288925,0.8621656274724457,-4.31688831229678,1.8179010794390198,2.882894765724998,0.6011345609642098,58.654055889651424,-49.73612614498772,READY,12.850515252117326,False,86.27628025088302,17.666477137569508,6,82.32162909624176,CAUTION,MEDIUM,STANDBY,1,1,1
2025-03-05 10:13:24.622,4819.504330406483,293.7929490504606,47.19183742689833,0.8574761651522886,-4.172949215970098,1.8056835692631505,2.8795623943041253,0.6052843023966336,58.630413385410385,-61.09317362829142,READY,12.850515252117326,False,86.15412933222083,17.58832443805121,6,82.35553169547812,CAUTION,MEDIUM,STANDBY,1,1,1
2025-03-05 10:13:24.661,4811.029717477508,292.50719158954394,47.25273064560406,0.599382960582566,-3.7465169600339667,1.7880674613462344,2.813869526637859,0.6108452802592222,58.60272990482507,-99.53731022502421,READY,12.850515252117326,False,86.1980146047636,17.498122442318007,6,82.80794518613206,CAUTION,MEDIUM,STANDBY,1,1,1
2025-03-05 10:13:24.693,4792.932470908304,293.4507801226367,46.99899249623868,0.31282889060850516,-3.613169512733723,1.7720477968173185,2.7907652440725457,0.6008645467031427,58.592550054693476,-133.66628190111823,READY,12.850515252117326,False,86.046105845864,17.42129647752689,6,82.74905641149061,CAUTION,MEDIUM,STANDBY,1,1,1
2025-03-05 10:13:24.729,4804.005315215463,293.8226975882148,46.577682371322084,0.4107314860699287,-3.5770935920134863,1.7394086956709898,2.8546391892280396,0.6017726162164609,58.57833769507315,-118.06561452703706,READY,12.850515252117326,False,86.24514309478627,17.367456354951525,6,83.2310925661904,CAUTION,MEDIUM,STANDBY,1,1,1
2025-03-05 10:13:24.756,4817.013835553294,292.40617223553687,46.3320224469072,0.15557970970935503,-3.9192901203073482,1.736653562733254,2.8720296604332756,0.5928334395929905,58.55544493398758,-154.5417806306137,READY,12.850515252117326,False,86.43613326913717,17.29860067477473,6,83.35842471341297,CAUTION,MEDIUM,STANDBY,1,1,1
2025-03-05 10:13:24.787,4812.883224551828,293.93236445561257,46.193379146519895,0.03568658915803044,-3.4615148250601204,1.7355206045546854,2.837307711605997,0.5838570643436498,58.53445458002335,-109.20504952250853,READY,12.850515252117326,False,86.32002608784717,17.220047416418037,6,83.48944431325226,CAUTION,MEDIUM,STANDBY,1,1,1
2025-03-05 10:13:24.824,4818.529395487747,295.2550409298531,45.76102723323045,0.1326680785585921,-3.6448213633842688,1.6928551036348125,2.835414604048512,0.58031753376575,58.494484876530684,-92.37036889786745,READY,12.850515252117326,False,86.30268495367928,17.139713846210476,6,83.09469704778616,WARNING,MEDIUM,STANDBY,3,1,1
2025-03-05 10:13:24.865,4824.199680890424,295.07530028545165,45.509246981311605,0.3615844844374735,-3.1895062422965426,1.7088087713054578,2.8109857026780354,0.5834660274659227,58.48398653841641,-50.92972580967185,READY,12.850515252117326,False,86.23139336895197,17.082969651989224,6,82.71551522019335,WARNING,MEDIUM,STANDBY,3,1,1
2025-03-05 10:13:24.897,4834.656761594391,295.0503343373238,45.08381714464761,0.08728861848042102,-3.4767933222303706,1.7314389656305904,2.8445017606236913,0.5799522082577346,58.46250997636313,-16.5246541020705,READY,12.850515252117326,False,86.04285775619074,17.0142074816178,6,83.15301968800505,WARNING,MEDIUM,STANDBY,3,1,1
2025-03-05 10:13:24.932,4851.1339965220495,293.1974647243524,45.343185477912236,-0.04730311166749307,-3.5785194177151194,1.7781135634756216,2.7570680654605337,0.5841515748620562,58.44381770097515,-35.087746740925354,READY,12.850515252117326,False,85.85144453414365,16.945594598323606,6,83.26312556516875,WARNING,MEDIUM,STANDBY,3,1,1
2025-03-05 10:13:24.961,4860.068466123657,293.30430870543427,44.930260654882474,0.06496279632259616,-3.8167540521967482,1.752961475061633,2.8144192301773012,0.5860600789460548,58.432383820428974,-82.42668374510438,READY,12.850515252117326,False,85.92940561423491,16.89104053574794,6,83.66354778665946,WARNING,MEDIUM,STANDBY,3,1,1
2025-03-05 10:13:24.998,4842.507099632899,293.0057567347787,44.66796998681384,-0.017491086148366197,-3.9648108881157857,1.733319915702522,2.8666339058687376,0.5839494303442693,58.411702986901766,-97.30482012859787,READY,12.850515252117326,False,85.7878444806135,16.828065712070625,6,83.92592316997104,WARNING,MEDIUM,STANDBY,3,1,1
2025-03-05 10:13:25.027,4859.844259907766,294.3228459330835,45.10588977333966,0.21963075607460614,-3.8852916425560107,1.7348676208967402,2.830579260091703,0.5928481843176814,58.39292764331883,-79.90881662835496,READY,12.850515252117326,False,85.72170256411637,16.758525768651726,6,83.51717233684123,WARNING,MEDIUM,STANDBY,3,1,1
2025-03-05 10:13:25.056,4868.9053736726355,294.5424341634879,45.036421008587745,0.015731430132881086,-3.6920934850235607,1.770274948464324,2.7882441173954886,0.5905996081358098,58.372897707517104,-109.10261896841715,READY,12.850515252117326,False,85.66000160943152,16.693551891605996,6,83.56757577174128,WARNING,MEDIUM,STANDBY,3,1,1
2025-03-05 10:13:25.085,4884.844593483131,295.9797837023837,45.44538960357004,-0.03746244995013567,-4.1856403847935155,1.772861933190838,2.7744048972224755,0.5824614903202171,58.36194954816822,-105.67989423105533,READY,12.850515252117326,False,85.71206419269667,16.60103421528805,6,83.82447850085808,WARNING,MEDIUM,STANDBY,3,1,1
2025-03-05 10:13:25.121,4872.5929687004,297.3764584799573,45.22356859393172,-0.09503267899229809,-4.3678413546429695,1.7798234634006003,2.711530111167166,0.5861706627310216,58.349458797041635,-147.95420075493098,READY,12.850515252117326,False,85.85505265972712,16.525799168809527,6,83.61680050813196,WARNING,MEDIUM,STANDBY,3,1,1
2025-03-05 10:13:25.154,4863.792455405143,297.033662628173,44.75205634253187,-0.3536594375158716,-4.697388226592262,1.8131771656297657,2.641790082161391,0.5866493446034585,58.31920661574854,-192.47444170495515,READY,12.850515252117326,False,85.76896333115076,16.472350076282346,6,83.64914698788922,WARNING,MEDIUM,STANDBY,3,1,1
2025-03-05 10:13:25.189,4860.620302138312,296.72323142188446,44.503756831292044,-0.5587019116465624,-4.456306409792668,1.7999423938974526,2.628912069341293,0.5834216181985545,58.29502086574461,-149.7053656007933,READY,12.850515252117326,False,85.9290310430798,16.404376454938028,6,83.96102387629108,WARNING,MEDIUM,STANDBY,3,1,1
2025-03-05 10:13:25.236,4842.555931359434,298.15567605113773,44.032453353658845,-0.8263650800673588,-4.568116676330407,1.849850818327209,2.6614836219305813,0.5847606892696028,58.25307209505402,-111.6480581005589,READY,12.850515252117326,False,85.87321338758329,16.346457018187092,6,83.50256205432936,WARNING,MEDIUM,STANDBY,3,1,1
2025-03-05 10:13:25.266,4849.033232949345,299.5963669066055,44.12159962035448,-0.9126022201923283,-4.119527887778965,1.83975259748469,2.569684371620911,0.5776482033605596,58.2033968427659,-83.79269191067776,READY,12.850515252117326,False,86.00516256342138,16.287825063424982,6,83.56725326265087,WARNING,MEDIUM,STANDBY,3,1,1
2025-03-05 10:13:25.290,4834.810442097356,301.5076389675112,43.785687677528365,-1.0364815919707429,-4.0497294856582435,1.8384413400640702,2.5742121218435,0.5749096454265852,58.172495611717515,-38.529467121038465,READY,12.850515252117326,False,86.18652105140899,16.237019697120868,6,83.14108484339854,WARNING,MEDIUM,STANDBY,3,1,1
2025-03-05 10:13:25.323,4824.425594007639,302.50635121458004,43.8631362267981,-1.25623102054379,-4.348337003127134,1.8228198549138874,2.4933667983399745,0.5707937058358685,58.160343018991334,-8.158438629972082,READY,12.850515252117326,False,86.35370601728218,16.15572130885951,6,82.67682252646269,WARNING,MEDIUM,STANDBY,3,1,1
2025-03-05 10:13:25.355,4817.560092588973,300.84561902440424,43.844018901522354,-1.0662133873900417,-4.221788899087653,1.8255255708941256,2.506319105053886,0.5651034355093871,58.141516078398595,20.49086075948776,READY,12.850515252117326,False,86.36755032153684,16.10086977958752,6,82.30671212697528,WARNING,MEDIUM,STANDBY,3,1,1
2025-03-05 10:13:25.392,4829.327272745293,301.118589321596,43.347038202139096,-1.0376515671508926,-3.9010024565685693,1.775792791836017,2.4469130737701756,0.5672749507951554,58.11150700823868,-2.470557973126354,READY,12.850515252117326,False,86.24345801785208,16.012312984555777,6,82.69362905050384,WARNING,MEDIUM,STANDBY,3,1,1
2025-03-05 10:13:25.428,4812.762880360548,302.10046737781556,43.22463017166775,-0.9526474035322289,-3.4159929730217122,1.752605815322581,2.375937651177333,0.5731054184750176,58.08260807907663,22.836326812451112,READY,12.850515252117326,False,86.21218653197377,15.944411681489537,6,83.14338382620605,WARNING,MEDIUM,STANDBY,3,1,1
2025-03-05 10:13:25.455,4803.270243172683,301.49806116297856,43.630408797577346,-0.8573929158931136,-3.005980525082334,1.7069350366294145,2.3670154962428946,0.5701842289033148,58.05060653820918,3.514360995510213,READY,12.850515252117326,False,86.36390626306806,15.854163260519108,6,83.60937008182161,WARNING,MEDIUM,STANDBY,3,2,1
2025-03-05 10:13:25.486,4791.523557538239,302.84846634299686,43.30479473083441,-0.5761914102863035,-3.4743850212788026,1.6718493136259864,2.311891732579502,0.5657142156776216,58.02270504000927,46.58522699317017,READY,12.850515252117326,False,86.44189785082878,15.774697224014325,6,83.39168457284015,WARNING,MEDIUM,STANDBY,3,2,1
2025-03-05 10:13:25.523,4801.906369354477,302.2145026245383,42.89093068057785,-0.5453548865519434,-3.9632295876446997,1.6320468857784987,2.2266116219573266,0.5648397880489596,58.004409017115755,12.884405446292597,READY,12.850515252117326,False,86.47398114598711,15.720985479376692,6,83.12919628685651,WARNING,MEDIUM,STANDBY,1,2,1
2025-03-05 10:13:25.566,4816.50680814729,301.7651511884828,42.78477453181304,-0.3606679453736035,-3.874077069368955,1.6151814834380749,2.1446909703075954,0.5616653396282769,57.96678086978628,-20.410373204223546,READY,12.850515252117326,False,86.34726764546325,15.647015249556311,6,83.42624808426426,WARNING,MEDIUM,STANDBY,1,2,1
2025-03-05 10:13:25.602,4835.34371539108,302.7064785347537,42.293525577606154,-0.552156673892672,-3.525363345386376,1.6426038142514998,2.238506348659755,0.5623877789940602,57.921368389864305,25.045747432424534,READY,12.850515252117326,False,86.3419173743795,15.574790839622453,6,83.69085947288413,WARNING,MEDIUM,STANDBY,1,2,1
2025-03-05 10:13:25.629,4829.475565936956,302.4801306269639,42.68022580312137,-0.8075501969130436,-3.497103292855689,1.6361051428128945,2.3211204850905416,0.5671308363348604,57.908996101346915,-10.448067573153764,READY,12.850515252117326,False,86.38500993716114,15.508001992867872,6,83.40237144705347,WARNING,MEDIUM,STANDBY,1,2,1
2025-03-05 10:13:25.661,4823.941111504603,302.72556827216533,43.159421138982516,-1.0895339894207492,-3.4842621487823395,1.6428148101260045,2.3340931151505995,0.5703042099769146,57.89131422496658,-16.269315626894276,READY,12.850515252117326,False,86.51635609344014,15.428727790349562,6,83.54053006421033,WARNING,MEDIUM,STANDBY,1,2,1
2025-03-05 10:13:25.697,4833.938387963446,303.4446804159752,43.45935152137326,-0.8525018894773688,-3.925485127390057,1.6830354372556466,2.4245035212157533,0.5796978804252484,57.845293470743535,31.830271650100038,READY,12.850515252117326,False,86.49144129830354,15.375899250114626,6,84.0213294502358,WARNING,MEDIUM,STANDBY,1,2,1
2025-03-05 10:13:25.729,4851.365084551178,303.6850016040562,43.940771462578134,-0.7648275132837221,-3.6382291494219743,1.6780849988332605,2.3709848881445907,0.58166385058758,57.80035331286912,50.94794986764847,READY,12.850515252117326,False,86.42164905016622,15.325245386563893,6,84.01343850230074,WARNING,MEDIUM,STANDBY,1,2,1
2025-03-05 10:13:25.762,4831.929688285704,304.2579007067549,43.46950880583584,-1.018592310243964,-3.605933590667637,1.6858838610319138,2.389359337852846,0.5850204525503002,57.782978763672084,69.69840671964553,READY,12.850515252117326,False,86.58766530841,15.231070716782844,6,83.70783872284694,WARNING,MEDIUM,STANDBY,1,2,1
2025-03-05 10:13:25.792,4819.3827529965,302.605096895382,43.81217745205359,-1.1269362640828735,-3.142190677040866,1.7251464225125692,2.3344001429643346,0.5901256510594604,57.75819290262833,55.31519987834438,READY,12.850515252117326,False,86.74626396057855,15.178640229062587,6,83.80792061508284,WARNING,MEDIUM,STANDBY,1,2,1
2025-03-05 10:13:25.824,4805.656465304614,301.4336383554299,43.568127145722606,-1.2525494937583457,-2.7294834196956486,1.700577649447946,2.268001085654233,0.5956626434155143,57.74163966161405,48.363754913739186,READY,12.850515252117326,False,86.56801181302929,15.118115921927563,6,83.99291260178312,WARNING,MEDIUM,STANDBY,1,2,1
2025-03-05 10:13:25.858,4806.086903620383,299.5138376696243,44.029666685346925,-1.0816736877285535,-2.5494604708143234,1.7394025983424037,2.220703936381853,0.5996415087044413,57.72122628546237,1.1235465637569604,READY,12.850515252117326,False,86.44208316829051,15.038450279759079,6,83.9731978778268,WARNING,MEDIUM,STANDBY,1,2,1
2025-03-05 10:13:25.895,4817.950248730667,299.3893243714722,43.8393202812568,-1.244859016282943,-2.7430924341833114,1.7497308314008768,2.2369287134887994,0.599504258453077,57.69718272440542,-3.4840163213063704,READY,12.850515252117326,False,86.51907127168478,14.973985218791256,6,84.06968000559425,WARNING,MEDIUM,STANDBY,1,2,1
2025-03-05 10:13:25.927,4800.221793707025,297.5667053988157,43.87766766188059,-1.3739167347978838,-2.4329018012425627,1.7785842357477812,2.2415071632381567,0.6093482017632769,57.68578283459264,-39.027171057610765,READY,12.850515252117326,False,86.45570102087406,14.920942859674575,6,83.79119643385664,WARNING,MEDIUM,STANDBY,1,2,1
2025-03-05 10:13:25.958,4808.7618755669055,297.53660608124534,44.16223006898881,-1.4298484084926297,-2.337711530373185,1.7755810949065314,2.1563430648862583,0.6096414700710648,57.655422023352976,-82.62543776915908,READY,12.850515252117326,False,86.64089752010213,14.86455257711958,6,83.66746246719205,WARNING,MEDIUM,STANDBY,1,2,1
2025-03-05 10:13:25.992,4794.634220084743,296.143224616172,43.70237462071784,-1.7236253768909633,-2.494453871464854,1.7893975819262986,2.1112516475539698,0.6158859753846514,57.6156975048011,-66.27898286861674,READY,12.850515252117326,False,86.47669562484076,14.814021286056716,6,84.0553349779193,WARNING,MEDIUM,STANDBY,1,2,1
2025-03-05 10:13:26.023,4799.027889324284,294.66213550273466,43.749516145497175,-1.4675319585069881,-2.5432285854472534,1.8307774139228505,2.082691769796489,0.6137820775090629,57.58901502730851,-74.6638325175416,READY,12.850515252117326,False,86.36614434887984,14.752328329351183,6,83.89486525331233,WARNING,MEDIUM,STANDBY,1,2,1
2025-03-05 10:13:26.054,4805.0676615261855,293.2570919796962,43.99389105163423,-1.6125396579292777,-2.9862230378317522,1.835757934841618,2.06753794961544,0.6081209020470426,57.56497655103089,-93.68370265307757,READY,12.850515252117326,False,86.41524098932514,14.670184619407864,6,83.83330024267252,WARNING,MEDIUM,STANDBY,1,2,1
2025-03-05 10:13:26.093,4798.439545803826,294.90041986451854,44.40424982848959,-1.8844999961838207,-2.94063822782356,1.8839941618536065,2.1390808635497693,0.6086817439718696,57.53148825135985,-67.12354748485097,READY,12.850515252117326,False,86.3927591707973,14.60345594757127,6,83.7305566583407,WARNING,MEDIUM,STANDBY,1,2,1
2025-03-05 10:13:26.126,4798.8227263594345,293.0900723761225,44.48717885110743,-1.832408897123669,-2.952429853695976,1.9044111784894155,2.164286158601617,0.6072024694896261,57.48970203715692,-32.0243025731652,READY,12.850515252117326,False,86.44229856775011,14.511269220455652,6,83.53166212284066,WARNING,MEDIUM,STANDBY,1,2,1
2025-03-05 10:13:26.158,4797.751359447876,294.6389295514086,44.0763910061683,-1.8630741787225604,-3.4361793369374114,1.9151824217274493,2.198700998801946,0.6021893389165066,57.4400815710731,-56.712872915487225,READY,12.850515252117326,False,86.35356603265342,14.44900939723472,6,83.60089187753357,WARNING,MEDIUM,STANDBY,1,2,1
2025-03-05 10:13:26.197,4792.537474077602,294.2217765464917,43.98859374529655,-1.8817108554942354,-3.0990669346974977,1.934223568345489,2.1980516991854824,0.6118161181949233,57.393475140268286,-9.805787560795622,READY,12.850515252117326,False,86.36027786817927,14.365857533994648,6,83.196678367766,WARNING,MEDIUM,STANDBY,1,2,1
2025-03-05 10:13:26.235,4804.056010141401,295.20823372359723,43.97233409724891,-1.651421976289025,-3.151115523557169,1.908526333557264,2.2012377061343646,0.6069989995293218,57.36259224909635,-59.49649716163354,READY,12.850515252117326,False,86.44762615336629,14.271492376919321,7,82.91733346172484,WARNING,LOW,STANDBY,1,3,1
2025-03-05 10:13:26.261,4788.749197743765,294.9279937609447,43.5307343305282,-1.7092233420123384,-3.4560652320074516,1.9223074560965059,2.1646084787497832,0.5993748839933889,57.32777182019265,-41.882370400179,READY,12.850515252117326,False,86.27533046225173,14.216084203652652,7,82.58345418558135,WARNING,LOW,STANDBY,1,3,1
2025-03-05 10:13:26.293,4770.087755417994,293.22127483143265,43.509410984857865,-1.4620618356550854,-3.2559271636357447,1.9085507044930932,2.147373368232592,0.5943503902194125,57.294986521609594,3.515978332292562,READY,12.850515252117326,False,86.24884133885743,14.117546787299478,7,82.09065950687526,WARNING,LOW,STANDBY,1,3,1
2025-03-05 10:13:26.325,4774.929572568797,295.06484470026845,43.70731870759813,-1.6817817152683991,-3.7257216446326744,1.8738101708434092,2.0985316141845964,0.5873650017807207,57.2671087927569,46.719940485077686,READY,12.850515252117326,False,86.38042657302547,14.066181236926386,7,82.38230975830169,WARNING,LOW,STANDBY,1,3,1
2025-03-05 10:13:26.367,4762.52835063805,295.93188381687526,44.01648354514104,-1.9281728899849886,-3.365593150569369,1.911347081122451,2.1920370779965275,0.5844660131333016,57.24645839101946,77.39751752784102,READY,12.850515252117326,False,86.28659934245955,14.000199753080466,7,82.22719296467399,WARNING,LOW,STANDBY,1,3,1
2025-03-05 10:13:26.394,4761.594956114372,295.3973557291366,44.083881767881,-1.909675794902074,-3.5612913361298673,1.9010132859860565,2.1383413057311635,0.5821330108284615,57.218743960554406,115.79042352921206,READY,12.850515252117326,False,86.26752969587149,13.915430748573156,7,82.01932489725041,WARNING,LOW,STANDBY,1,3,1
2025-03-05 10:13:26.426,4753.919839445271,297.1627823296431,44.11281363061814,-1.9670553017163679,-3.717481673216181,1.928679466564955,2.100127645312377,0.574137868135012,57.19424941558664,74.84222058298893,READY,12.850515252117326,False,86.30796338673257,13.86002213340941,7,81.99021537923879,WARNING,LOW,STANDBY,1,3,1
2025-03-05 10:13:26.457,4741.147307610306,296.0855619675776,44.49899670080954,-1.8294087528450904,-4.04468180708797,1.903214288054702,2.118935659188248,0.5766867596109924,57.15696608123048,85.79536514168679,READY,12.850515252117326,False,86.30668381213039,13.80769810495222,7,82.4867094691389,WARNING,LOW,STANDBY,1,3,1
2025-03-05 10:13:26.494,4727.069221903527,294.40398851794436,44.479218529450186,-1.7242302328273629,-3.95183827800144,1.9053467815770988,2.1426963647585557,0.584529132821643,57.142082894091374,96.52834296619861,READY,12.850515252117326,False,86.46146003551544,13.746499639526466,7,82.5073126923498,WARNING,LOW,STANDBY,1,3,1
2025-03-05 10:13:26.528,4720.672700025199,294.60281921952605,44.63269044535367,-1.7297107592074916,-3.7289065659837797,1.9503839119948148,2.203574199212161,0.5860683210812137,57.10015144141013,141.01847448784775,READY,12.850515252117326,False,86.4940255203295,13.66633540928693,7,82.74178332378621,WARNING,LOW,STANDBY,1,3,1
2025-03-05 10:13:26.559,4724.057370571453,294.3007617799354,44.663034527776865,-1.9029358214475047,-3.5570927816271807,1.9655075410919547,2.2683620229143293,0.5848008628405165,57.07153579254178,163.49931730957024,READY,12.850515252117326,False,86.4019122986462,13.577462482593447,8,82.64535682560222,WARNING,LOW,STANDBY,1,3,1
2025-03-05 10:13:26.596,4709.396690115882,295.01097490549637,45.04932332062764,-1.896110240494091,-3.7203993482729727,1.973528972572452,2.2559528918218636,0.5828296191150317,57.030435063010586,157.34025771284263,READY,12.850515252117326,False,86.38102654102794,13.491713406639846,7,82.66244861725707,WARNING,LOW,STANDBY,1,3,1
2025-03-05 10:13:26.623,4728.628921481087,295.3101881484288,44.81473656845374,-2.0531188201585477,-3.7939228791542075,1.9355045417000167,2.234453742046501,0.5927079414820646,57.00412923282354,204.2334035307456,READY,12.850515252117326,False,86.39642036223306,13.437301969271504,7,82.5488468543401,WARNING,LOW,STANDBY,1,3,1
2025-03-05 10:13:26.653,4726.882070023043,295.04014363349097,45.12842342897487,-1.881086599717456,-3.687628940061675,1.9620041452168528,2.1582386824369126,0.5887058209842521,56.95509110282862,163.92501479225706,READY,12.850515252117326,False,86.34043184430367,13.359412695514767,7,82.33804754996832,WARNING,LOW,STANDBY,1,3,1
2025-03-05 10:13:26.691,4744.994426832748,294.69336455760543,45.13697008692045,-1.6956141577877235,-3.1991671292624844,1.9174030167520633,2.0664708509381127,0.5851354219121687,56.91713413693046,134.77700048747337,READY,12.850515252117326,False,86.18097918698344,13.26563259703768,7,82.0450778333829,WARNING,LOW,STANDBY,1,3,1
2025-03-05 10:13:26.727,4733.310019530195,295.13446069559126,45.171095133628164,-1.5548512165217165,-3.155363572960082,1.9246548232864495,2.1093117557915537,0.5888272943694777,56.88239941837056,129.8562058103505,READY,12.850515252117326,False,86.21614057093504,13.18126766914309,7,81.84076077894929,WARNING,LOW,STANDBY,1,3,1
2025-03-05 10:13:26.758,4752.347025443856,296.2044085865764,44.87768118259822,-1.6961277799265608,-3.226885660809332,1.879219199247926,2.088987736001525,0.5967054186063454,56.851168651695524,127.60580109272215,READY,12.850515252117326,False,86.19369423554876,13.131256645047932,7,82.20410829032774,WARNING,LOW,STANDBY,1,3,0
2025-03-05 10:13:26.794,4739.448975809072,296.89595515704474,44.53438336025484,-1.6408174912510722,-2.9116369265775948,1.9237032046772307,2.0274846396667416,0.5933228734787971,56.81787694618236,92.82693813994521,READY,12.850515252117326,False,86.19706305697488,13.0581363501954,7,82.40466000636216,WARNING,LOW,STANDBY,1,3,0
2025-03-05 10:13:26.827,4720.673728937647,297.3376810003752,44.429151961576125,-1.7286204711079962,-3.3720653130798417,1.9576709967187569,1.9321940298544211,0.5967039258428753,56.77109878054169,78.15916853237084,READY,12.850515252117326,False,86.12572321358208,13.00242260250937,7,82.47662031971385,WARNING,LOW,STANDBY,1,3,0
2025-03-05 10:13:26.858,4739.8802011376765,298.32805688301727,44.00297480683665,-1.7416622408378357,-3.610721503276645,1.9585873745297817,1.8411911941659795,0.5953827833638189,56.72565686005392,99.89122209784867,READY,12.850515252117326,False,85.97642478017853,12.947978170916537,7,82.6120891028506,WARNING,LOW,STANDBY,1,3,0
2025-03-05 10:13:26.894,4755.803639906782,300.1632334558389,44.18479058952177,-1.7462672966562542,-3.812305157548909,1.983240320484116,1.8908158781746547,0.5975034139192761,56.70196516170415,114.79079823228518,READY,12.850515252117326,False,85.84673345302438,12.881142373761135,7,82.49834973069485,WARNING,LOW,STANDBY,1,3,0
2025-03-05 10:13:26.922,4771.8821204141,298.6395015405492,43.75440125434055,-2.0347470149571985,-3.6900166224776547,1.9733940047105158,1.9539271349782623,0.5888636077358524,56.68113593228842,78.68839777271216,READY,12.850515252117326,False,85.68516055347426,12.826308725263699,7,82.79848585066834,WARNING,LOW,STANDBY,1,3,0
2025-03-05 10:13:26.954,4756.592529407773,298.6334052355633,43.58288959919624,-2.082593280476103,-3.4403282801668382,1.9626347264510344,2.0494994712962953,0.5967476857362018,56.66647320634132,31.997756943196336,READY,12.850515252117326,False,85.64828171395443,12.731298216810783,7,82.95522208223052,WARNING,LOW,STANDBY,1,3,0
2025-03-05 10:13:26.993,4768.816409379404,299.06341714772174,43.6532595300028,-2.023692449620045,-3.6004688074347615,1.9744489400674339,2.0417143412752434,0.5912251086518304,56.65237116504293,45.69280465183657,READY,12.850515252117326,False,85.60579783319197,12.649553132054272,7,83.12799007685024,WARNING,LOW,STANDBY,1,3,0
2025-03-05 10:13:27.034,4757.316458362503,300.0594900794831,44.02801073238865,-1.7934375192082355,-3.7742000341004642,1.9922173031071062,1.9865282139810772,0.593291310972477,56.62006430607245,39.61851654535182,READY,12.850515252117326,False,85.51777159277233,12.580905401310451,7,83.37533739736106,WARNING,LOW,STANDBY,1,3,0
2025-03-05 10:13:27.068,4760.589348612006,300.19432903457056,44.210359840477594,-1.5534968825976179,-3.5767224445149246,1.976386521199915,1.9522457369935011,0.5910596831426579,56.58142916336469,76.94950574301077,READY,12.850515252117326,False,85.38978884048515,12.51705268108509,7,83.8109107187452,WARNING,LOW,STANDBY,1,3,0
2025-03-05 10:13:27.094,4764.403564592447,300.53196743530503,44.343751983235364,-1.563333636924541,-3.7859773746029415,2.0114715897119493,1.965609040400654,0.5834834167724822,56.55760702252715,108.66819881544231,READY,12.850515252117326,False,85.19395572603834,12.46183014828129,7,84.29653842719095,WARNING,LOW,STANDBY,1,3,0
2025-03-05 10:13:27.126,4755.190264791425,298.91327651557083,44.436880292678076,-1.7170737858047027,-3.5355811311511514,2.008321245105619,1.937436246183577,0.5884324089969385,56.53049673940926,82.59898073383977,READY,12.850515252117326,False,85.26910549633128,12.403156261575369,7,84.03042439064363,WARNING,LOW,STANDBY,1,3,0
2025-03-05 10:13:27.158,4739.150665930084,300.45955152631836,44.81121118881132,-1.4805070216227565,-3.597759100573419,1.981225532487024,1.8759517836702795,0.5908012501737322,56.50698315017939,132.14547071522696,READY,12.850515252117326,False,85.18247166385295,12.340036535174915,7,84.10092906340448,WARNING,LOW,STANDBY,1,3,0
2025-03-05 10:13:27.196,4729.963533869391,299.7621121324151,45.2097003722856,-1.4196519532570995,-3.945187642762401,1.936301433848567,1.837313837483701,0.5951531162262095,56.47346243896569,141.43540215137105,READY,12.850515252117326,False,85.16224745433271,12.26415702727657,7,83.66012671650483,WARNING,LOW,STANDBY,1,3,0
2025-03-05 10:13:27.229,4744.885009449699,298.6726007667781,45.11110042455937,-1.2039657890770914,-3.7698479371374716,1.9109055922554659,1.9337700231002413,0.6033382733327555,56.441011756270626,110.3211296399837,READY,12.850515252117326,False,85.08081872303144,12.182300683155884,7,83.76850960546925,WARNING,LOW,STANDBY,1,3,0
2025-03-05 10:13:27.260,4759.019802924601,300.48981110523704,44.76301861603741,-1.4881056390294847,-4.239610334028713,1.8826544959636493,1.8501936677165784,0.5959219104492188,56.40130611927213,87.31633427912894,READY,12.850515252117326,False,85.24974396831148,12.103458448799515,7,83.87765157576243,WARNING,LOW,STANDBY,1,3,0
2025-03-05 10:13:27.290,4751.211532600522,302.1264711374555,44.76274380937668,-1.5384230086935333,-3.7888305706440413,1.8429012035746457,1.8009518480251854,0.5954254530077259,56.366244313866204,122.09179899808585,READY,12.850515252117326,False,85.1792202218111,12.046243761939245,7,84.06309101803187,WARNING,LOW,STANDBY,1,3,0
2025-03-05 10:13:27.322,4746.623061563519,301.5110290375896,44.40792908781711,-1.3844451286593773,-4.0347699971477375,1.823161726933091,1.7213407856100615,0.589852536143904,56.34019796191404,109.07014513173092,READY,12.850515252117326,False,85.04538057004385,11.989068386120156,7,84.48299862062854,WARNING,LOW,STANDBY,1,3,0
2025-03-05 10:13:27.366,4729.45740551396,303.059509155808,44.664197171884,-1.4065927690848627,-3.6611677086206207,1.8569457397677556,1.701699295445496,0.5926702783399515,56.303464485322245,111.28048615739294,READY,12.850515252117326,False,85.0764697285303,11.908289074801148,7,84.56150916865204,WARNING,LOW,STANDBY,1,3,0
2025-03-05 10:13:27.402,4715.688960518228,303.62766730047707,44.73221246534307,-1.1895915659457015,-4.145141158180592,1.8099583620625963,1.7222528705646143,0.5827022443241334,56.288436683336556,68.50764387931022,READY,12.850515252117326,False,85.07772786816768,11.85543158277874,7,84.8159808785511,WARNING,LOW,STANDBY,1,3,0
2025-03-05 10:13:27.428,4735.674350521201,304.29210594026375,44.66731060208123,-1.1740415345448376,-3.7044258038602424,1.8276496041351211,1.6529097203446983,0.5923539323797057,56.277826831849396,18.825609649697675,READY,12.850515252117326,False,85.10185009913955,11.782124786008882,7,84.71996939472109,WARNING,LOW,STANDBY,1,3,0
2025-03-05 10:13:27.456,4723.602596487504,305.36281075069405,44.91053105711874,-1.3627808188183361,-3.4272451355728073,1.8258314804463862,1.6786472204569454,0.5891360143538404,56.24243549762029,7.035829292148634,READY,12.850515252117326,False,85.2897125657321,11.717804878292265,7,84.26697630886156,WARNING,LOW,STANDBY,1,3,0
2025-03-05 10:13:27.490,4723.046136980852,303.9952998114627,44.804254459054526,-1.5508257944115382,-3.40427905695495,1.8503326999104688,1.6630935457444187,0.5930819331184416,56.22976941409502,19.161288797811565,READY,12.850515252117326,False,85.32560923090554,11.653473676400111,7,83.97598804440642,WARNING,LOW,STANDBY,1,3,0
2025-03-05 10:13:27.524,4714.916241976091,303.1928940021606,44.5126950921389,-1.495226934365381,-3.0786291373513626,1.8736381816949592,1.744570780345374,0.6027022309357223,56.182115494599984,-0.9764892730614037,READY,12.850515252117326,False,85.15002305146653,11.603102338385991,7,84.19264148229742,WARNING,LOW,STANDBY,1,3,0
2025-03-05 10:13:27.570,4699.312282622379,302.6178699422406,44.055384038704325,-1.7630616285796838,-3.4204788241353272,1.8752728562035985,1.679855783622869,0.5981258754733373,56.138275128377316,11.882432472995191,READY,12.850515252117326,False,85.28919093909049,11.51375568833482,7,84.124139831277,WARNING,LOW,STANDBY,1,3,0
2025-03-05 10:13:27.602,4705.439150831429,300.71976580208985,43.778837885380874,-1.9985627523215712,-3.249778077140111,1.9138392883121982,1.7493416967909499,0.6058109215557435,56.09701740422117,36.993214682697015,READY,12.850515252117326,False,85.46959645445492,11.427791313532733,7,83.85972264584586,WARNING,LOW,STANDBY,1,3,0
2025-03-05 10:13:27.628,4719.102431999769,301.9467725947963,43.88000317064835,-1.7429002084877936,-2.969571166659481,1.9270285459169563,1.8383886536994842,0.6094450320790402,56.0792489187897,57.739863010293774,READY,12.850515252117326,False,85.55408511837365,11.331496335864639,7,83.43951640186742,CHECK,LOW,STANDBY,1,3,0
2025-03-05 10:13:27.665,4709.795332194582,302.9319630529328,43.7664032175557,-1.708028065297573,-2.7580753191114207,1.9321362534848243,1.8897952137012644,0.6136704995073191,56.05301256673557,71.56615248906047,READY,12.850515252117326,False,85.61934099503254,11.269034717092033,7,83.44666695356786,CHECK,LOW,STANDBY,1,3,0
2025-03-05 10:13:27.698,4692.211259386272,302.97697230320836,43.76890006717342,-1.8273031992294884,-2.882015913284956,1.954260177608689,1.8080880128874877,0.6182336042357354,56.02994044722016,90.33746775149699,READY,12.850515252117326,False,85.51734499491232,11.180910763548534,7,83.42764271798578,CHECK,LOW,STANDBY,1,3,0
2025-03-05 10:13:27.729,4675.145307559309,302.1921972695523,43.33546263664745,-1.834484686693258,-3.3558045255846265,1.9941128484891157,1.8702121326194838,0.6250953853557878,56.000052606421626,93.48144334422744,READY,12.850515252117326,False,85.53872487453839,11.104170342852981,7,83.07584448673619,CHECK,LOW,STANDBY,1,3,0
2025-03-05 10:13:27.759,4674.937692240218,301.80334487308744,43.5508122438508,-2.1264763813855057,-3.529861896459116,1.9915411121365902,1.8731090108498771,0.620196598866567,55.96702886665248,63.619609302451174,READY,12.850515252117326,False,85.69228374127434,11.026811365004948,7,82.81901716785859,CHECK,LOW,STANDBY,1,3,0
2025-03-05 10:13:27.791,4673.599406961687,303.11795006351423,43.35570376480233,-2.234300297999745,-3.123020401004274,1.9500124767635465,1.8085052050498185,0.6253197516551185,55.93595010213665,14.132226164634162,READY,12.850515252117326,False,85.7985900874354,10.96644631641161,7,83.23084376512753,CHECK,LOW,STANDBY,1,3,0
2025-03-05 10:13:27.825,4676.8005429226805,301.989706011438,43.60732992896271,-2.4957230228397544,-3.5151845655059217,1.941569098294154,1.8789562352865365,0.6253745439947981,55.91969728604533,-0.4820320262682003,READY,12.850515252117326,False,85.74599194320524,10.882600281413808,7,83.4044559154966,CHECK,LOW,STANDBY,0,3,0
2025-03-05 10:13:27.869,4672.690865087733,302.37287245427353,43.51758478168075,-2.239514540527547,-3.103784167912228,1.9900024504175566,1.867468665370522,0.6163702946493279,55.89684222289392,-34.824213446979684,READY,12.850515252117326,False,85.70456104159997,10.81032859745256,7,83.44728792115184,CHECK,LOW,STANDBY,0,3,0
2025-03-05 10:13:27.904,4661.511600254332,303.02542433783333,43.29219023318605,-2.237359643799337,-2.8660737561385403,1.9491215059062124,1.9651733731521135,0.6075043739928042,55.87033932382767,-8.63499227199523,READY,12.850515252117326,False,85.88664163541378,10.759158288815565,8,83.52330085257944,CHECK,LOW,STANDBY,0,3,0
2025-03-05 10:13:27.926,4661.579857270891,304.02573352444773,43.566171272765835,-2.343539711578677,-2.3918238637048344,1.965834704010827,1.9561438033377172,0.5986712893875993,55.8387054147232,-51.90950477565118,READY,12.850515252117326,False,85.98372297679694,10.661200373886304,8,83.98645068772281,CHECK,LOW,STANDBY,0,3,0
2025-03-05 10:13:27.962,4667.266447884008,302.34891717538903,43.943036608352045,-2.3148372280834018,-1.9453060193202751,1.9216647472447541,1.8924399701184131,0.5964306704939557,55.789518551606726,-96.80626120934335,READY,12.850515252117326,False,85.78564785180016,10.578423828127814,8,83.96571389900691,CHECK,LOW,STANDBY,0,3,0
2025-03-05 10:13:27.994,4680.957733927975,301.5750046792947,44.17275285180783,-2.5182476997944834,-2.310691279332741,1.964938855590993,1.7975215254700712,0.6021204398403521,55.778747094619675,-120.52305144515104,READY,12.850515252117326,False,85.65553857321353,10.49104944278089,8,83.91138086826227,CHECK,LOW,STANDBY,0,3,0
2025-03-05 10:13:28.026,4661.377679529487,301.6964670923162,44.096631103995435,-2.3093797967502145,-2.7504379377292074,1.9658118537515479,1.8664228287435891,0.5988950204782716,55.76596910125564,-107.9301259446379,READY,12.850515252117326,False,85.71631976373163,10.431832051175059,8,83.81568338500627,CHECK,LOW,STANDBY,0,3,0
2025-03-05 10:13:28.062,4657.459873346645,303.170860897829,44.10821065390999,-2.322591165283202,-3.2138222681418864,1.9342399817804752,1.950875221170877,0.6064959237264045,55.71838192862182,-79.04336076035925,READY,12.850515252117326,False,85.59913802613217,10.350572976240175,8,84.29895966649859,CHECK,LOW,STANDBY,0,3,0
2025-03-05 10:13:28.098,4653.048061195217,303.78917533037594,43.674616622347486,-2.467322437066945,-2.9314136345593416,1.9642030620262245,1.9020691948233903,0.6009266966955946,55.70051258657069,-36.47054832151568,READY,12.850515252117326,False,85.57542549524472,10.250942624102102,8,84.56062458763148,CHECK,LOW,STANDBY,0,3,0
2025-03-05 10:13:28.124,4653.934572567385,302.85410197998533,43.20192325854073,-2.1924580550584363,-2.5064482971250013,1.9319160713167565,1.823662835624352,0.6026703858242007,55.688340449808784,-63.75183633541398,READY,12.850515252117326,False,85.53813197808896,10.179279070976493,8,84.51925488212346,CHECK,LOW,STANDBY,0,3,0
2025-03-05 10:13:28.163,4650.802251790935,301.76797861116125,43.11218365322541,-2.4434034861024756,-2.7534086693126767,1.9581860134349327,1.7666875960354234,0.5930114570325832,55.657228290612146,-42.5856583312551,READY,12.850515252117326,False,85.73564681351245,10.096169366093475,8,84.50657383578861,CHECK,LOW,STANDBY,0,3,0
2025-03-05 10:13:28.190,4664.19245755107,302.6117384400998,43.41538757129319,-2.5243178195205607,-2.8061002673440454,2.0034765031097894,1.6888176517822622,0.5902358147573555,55.64146821214708,-9.009341508022565,READY,12.850515252117326,False,85.74758900805395,10.022748479229458,8,84.93525321409369,CHECK,LOW,STANDBY,0,3,0
2025-03-05 10:13:28.222,4663.167738434309,303.5716505891755,43.87534428360354,-2.2258339968472867,-2.7432897658046294,1.9592167181039273,1.612122995660406,0.5862412172515962,55.624469887295284,23.991635642292145,READY,12.850515252117326,False,85.93982457058307,9.96788155509949,8,84.718017265407,CHECK,LOW,STANDBY,0,3,0
2025-03-05 10:13:28.259,4654.733852120872,301.5802036333834,44.04499349873572,-2.515782435044433,-2.927351707874103,1.9992278268043073,1.6308513658482138,0.5773241256478304,55.578593428240595,48.595157648061495,READY,12.850515252117326,False,85.89391879929104,9.881818149802807,8,85.20105492806462,CHECK,LOW,STANDBY,0,3,0
2025-03-05 10:13:28.291,4655.29351309121,302.66614640323826,43.80959428695718,-2.4789052264511984,-3.388553539275386,2.0034912437163865,1.5737933172154164,0.5771224371043256,55.5537122130333,81.05577154755844,READY,12.850515252117326,False,86.06901646349088,9.786981881368261,8,85.51227364384303,CHECK,LOW,STANDBY,0,3,0
2025-03-05 10:13:28.325,4669.844758391026,304.619608550334,43.575411547778195,-2.2243237518310366,-3.194596292220644,1.9836597157681874,1.5984727435566246,0.5825485907920581,55.524747096354844,52.5631118351392,READY,12.850515252117326,False,86.16750594332376,9.69990182092432,8,85.27008895954707,CHECK,LOW,STANDBY,0,3,0
2025-03-05 10:13:28.363,4658.919321968897,302.66096408083587,43.96895548842701,-2.146848195929758,-3.5475553340940724,1.9712826788871198,1.6772949952269338,0.5904125393592842,55.48240318402658,67.06143924307003,READY,12.850515252117326,False,86.08684752191427,9.624963153173745,8,85.22182434551968,CHECK,LOW,STANDBY,0,3,0
2025-03-05 10:13:28.396,4645.595642365091,304.6321454397419,43.69978619964787,-1.9892147225644272,-3.8149939965355544,1.942357143990748,1.6894127552944127,0.5956911729236188,55.440109665419925,116.52168873629486,READY,12.850515252117326,False,86.1103154381283,9.554146157684004,8,85.4948651679504,CHECK,LOW,STANDBY,0,3,0
2025-03-05 10:13:28.426,4643.763609085924,303.17385270384045,43.69099913187023,-2.0033039919245854,-4.028207887935761,1.9018533123679158,1.6275207934593767,0.600946234598136,55.41985438970178,111.08147932773727,READY,12.850515252117326,False,85.98383779381261,9.49267289380714,8,85.19395714448012,CHECK,LOW,STANDBY,0,3,0
2025-03-05 10:13:28.463,4648.435634934242,302.8790716965768,44.073620162281145,-2.1223607554412793,-3.8172509377289368,1.948428404404477,1.6882645006442392,0.6102273162712638,55.40177849061358,91.48122049744002,READY,12.850515252117326,False,86.11971631618428,9.411635187567796,8,85.0558972183013,CHECK,LOW,STANDBY,0,3,0
2025-03-05 10:13:28.494,4639.479508870404,304.4329776065733,44.42334985674026,-2.059933011126295,-4.100937197793634,1.9785615609994531,1.6013412980045312,0.6116629798310032,55.36102775618299,43.81860124655827,READY,12.850515252117326,False,86.07405354292003,9.323221575737277,8,85.55055037878763,CHECK,LOW,STANDBY,0,3,0
2025-03-05 10:13:28.526,4640.580834327243,304.3469467524888,44.14881704241552,-2.1986132698501937,-4.194578229618847,1.9705628333781284,1.5589950635682677,0.616101535394887,55.32341158365945,21.4939185639591,READY,12.850515252117326,False,86.10629667547606,9.249242665336775,8,85.92402105355887,CHECK,LOW,STANDBY,0,3,0
2025-03-05 10:13:28.563,4659.9197037724625,302.858365892423,44.45404422964134,-2.38661207957339,-3.9889414387775695,1.9662119603565422,1.656289535114601,0.611507207491561,55.279391652739065,24.92746727975812,READY,12.850515252117326,False,86.28404902569085,9.174560397805273,8,85.84343117600997,CHECK,LOW,STANDBY,0,3,0
2025-03-05 10:13:28.594,4659.27398242285,303.2040134488161,44.684447950997544,-2.170937180925873,-4.431081483264844,1.9340266634559207,1.6195702911358238,0.6184522203082184,55.25627952677444,27.02362789153375,READY,12.850515252117326,False,86.41219852373455,9.081222882518405,8,85.5372827502421,CHECK,LOW,STANDBY,0,3,0
2025-03-05 10:13:28.626,4659.3259089732055,302.07746091840903,44.93385901928813,-2.378976551561149,-4.531952713899278,1.9519200012331195,1.6272303913637196,0.6205090680031184,55.24419907161954,-4.825549867463668,READY,12.850515252117326,False,86.52425517016763,9.000118149261194,8,85.23542681717149,CHECK,LOW,STANDBY,0,3,0
2025-03-05 10:13:28.662,4674.734453884563,302.55717183387236,44.61456779743615,-2.3420636695410977,-4.619854339092313,1.9475022753553057,1.5414343356619677,0.6224916933993762,55.19985251553554,-36.38957475708478,READY,12.850515252117326,False,86.4649264713677,8.913902302344425,8,84.84144037795114,CHECK,LOW,STANDBY,0,3,0
2025-03-05 10:13:28.694,4665.64652144931,302.32098721097304,45.086869986453294,-2.324435147026008,-4.466938388180196,1.9440771586351582,1.6356046575850212,0.618536588928847,55.16573379173428,-57.13716727385691,READY,12.850515252117326,False,86.50611518365426,8.836687162811074,8,85.06684816218548,CHECK,LOW,STANDBY,0,3,0
2025-03-05 10:13:28.726,4683.644582725411,301.0698235087119,44.977423307045676,-2.5650748705485493,-4.575280700534838,1.899235121213107,1.696479011046488,0.6273317499333033,55.12585418557033,-72.00526155528556,READY,12.850515252117326,False,86.59656325587562,8.768596827415129,8,85.47131298197122,CHECK,LOW,STANDBY,0,3,0
2025-03-05 10:13:28.765,4663.880455217724,299.12771938203116,45.23948053506282,-2.283473271163199,-4.932132524402054,1.9221612307767693,1.7317209815609724,0.6266807978222861,55.081510785769474,-111.0864946740657,READY,12.850515252117326,False,86.67804819127349,8.700137594900887,8,85.70534208453859,CHECK,LOW,STANDBY,0,3,0
2025-03-05 10:13:28.795,4658.341311499503,298.7757544789676,45.635335667014274,-2.2193266294086444,-4.7137935912559215,1.9597957144304696,1.6710189733734284,0.6351666078021206,55.06615042294488,-108.35526664407405,READY,12.850515252117326,False,86.74749614278718,8.617318441580828,8,85.29411688304057,CHECK,LOW,STANDBY,0,3,0
2025-03-05 10:13:28.826,4638.636802474946,296.84818189347106,45.993503886819326,-1.9523380685485823,-4.242711922237823,1.9836656656100284,1.7533075466876127,0.6449077724156448,55.04861695785337,-129.1396065104204,READY,12.850515252117326,False,86.88088475521194,8.54644590421956,8,85.69313402579036,CHECK,LOW,STANDBY,0,0,0
2025-03-05 10:13:28.862,4640.1000244636925,297.9178853857402,46.18287995352616,-1.8915091279761944,-4.611875866644362,1.9391319701027283,1.807035933001536,0.6375652639850453,55.02936151824561,-120.75953215944946,READY,12.850515252117326,False,86.89534619474462,8.480506370071042,8,85.99783106774997,CHECK,LOW,STANDBY,0,0,0
2025-03-05 10:13:28.900,4644.705048190592,298.8684535213411,45.70017788522111,-1.8931669310217185,-5.0135970070923435,1.9753010861497995,1.7709392282531606,0.6417053113628393,55.00101133547782,-117.66946317499495,READY,12.850515252117326,False,86.92905874486186,8.39243882240471,8,85.57829894798202,CHECK,LOW,STANDBY,0,0,0
2025-03-05 10:13:28.931,4659.525734984006,299.8081772168382,45.50842032068936,-1.9414339120617057,-4.54532340041189,1.9387828510395144,1.8613420078285792,0.6409842149121406,54.966266213028554,-115.03828748108995,READY,12.850515252117326,False,86.87585686243676,8.308738072825655,9,85.76467002235968,CHECK,LOW,STANDBY,0,0,0
2025-03-05 10:13:28.967,4656.976672632978,298.93703766590704,45.241303011840024,-2.1348393117490727,-5.0312717694571125,1.9526076538306727,1.7639372170486962,0.6338406443702662,54.92423920198809,-153.01417330720662,READY,12.850515252117326,False,86.92241992161503,8.23779015576964,9,86.15572858716324,CHECK,LOW,STANDBY,0,0,0
2025-03-05 10:13:28.996,4663.076344110923,299.7606502926612,45.05441275514605,-2.2073649993941498,-5.20067099012775,1.9433743645680728,1.747067404879055,0.6412778174167727,54.88570248441662,-197.35937118228156,READY,12.850515252117326,False,86.98057437537875,8.185144458373847,9,86.14111863347944,CHECK,LOW,ACTIVE,0,0,0
2025-03-05 10:13:29.028,4652.486227444514,298.48923767740905,45.432526517483815,-2.441318034116085,-5.591696108067004,1.9321348314056588,1.8366571883385605,0.6409220915011908,54.84888957115725,-214.45961834333758,READY,12.850515252117326,False,86.88001244581218,8.12529115467866,9,85.7521942522379,CHECK,LOW,ACTIVE,0,0,0
2025-03-05 10:13:29.060,4646.473305246344,297.7392032500836,45.230417576929185,-2.244105919910559,-5.773086575264104,1.926709209757846,1.7916891862876538,0.6436588299417462,54.813935448565,-238.65138506296367,READY,12.850515252117326,False,86.7677768491072,8.027084792494604,9,85.81806327967485,CHECK,LOW,ACTIVE,0,0,0
2025-03-05 10:13:29.090,4656.828098471804,297.6808901332584,44.93828018887037,-2.4811714159010174,-5.560544184243511,1.9489193539801273,1.8060487925614663,0.6480272973418262,54.79395690849328,-221.90094391125092,READY,12.850515252117326,False,86.59762683074672,7.932821828693884,9,85.97865456643527,CHECK,LOW,ACTIVE,0,0,0
2025-03-05 10:13:29.127,4663.385176661177,298.56077480809364,45.42915385300123,-2.6858359866962283,-5.778631115840632,1.9439617810648149,1.755215418854609,0.6471810687911633,54.753502921510126,-212.80786506193,READY,12.850515252117326,False,86.59201803255345,7.8707446045253295,9,85.91069768674807,CHECK,LOW,ACTIVE,0,0,0
2025-03-05 10:13:29.170,4678.564092514957,300.5384969725331,45.56377990779821,-2.933390077645402,-5.316926354620801,1.9329779735961807,1.7234127053202764,0.6474362558346631,54.71245567859712,-232.62768986224836,READY,12.850515252117326,False,86.67269160130867,7.802276009269084,9,85.55752909593707,CHECK,LOW,ACTIVE,0,0,0
2025-03-05 10:13:29.204,4668.516238750727,302.24759451687027,45.45062804921474,-2.829992953630997,-5.30260440124645,1.9742453754499014,1.635274674231763,0.6506586773039063,54.6943302902814,-188.57936741396725,READY,12.850515252117326,False,86.52093179346254,7.712794863409947,9,85.73879513777995,CHECK,LOW,ACTIVE,0,0,0
2025-03-05 10:13:29.225,4661.141247157008,303.2532794379864,45.07028905404823,-2.838193747350082,-5.398509439330715,1.9278663163998095,1.6450425684306025,0.6569131739960841,54.683821362871036,-226.90693487170182,READY,12.850515252117326,False,86.5721748022147,7.614448589455388,9,85.4908388908343,CHECK,LOW,ACTIVE,0,0,0
2025-03-05 10:13:29.261,4651.151812805039,304.9154748987559,45.406604283141874,-2.739089688847006,-5.147686015888216,1.907602057098744,1.581982171536542,0.6668385919627645,54.654085081495026,-180.76596092380754,READY,12.850515252117326,False,86.69801706084378,7.550203276066476,9,85.8335876845884,CHECK,LOW,ACTIVE,0,0,0
2025-03-05 10:13:29.292,4644.435468839069,306.38736608347324,45.283662478950156,-2.6212831539307055,-5.035960881292046,1.9368370788070877,1.531766233141877,0.66713658187335,54.60549078724919,-226.73393795225354,READY,12.850515252117326,False,86.59674849966126,7.482500370856504,9,85.76058627185068,CHECK,LOW,ACTIVE,0,0,0
2025-03-05 10:13:29.322,4661.992560242545,305.90143001120924,44.91196503776035,-2.872006282893831,-5.154075739849508,1.9288772070126228,1.5025798618413089,0.6615919561017098,54.56738632196832,-273.9509718458868,READY,12.850515252117326,False,86.65914728705388,7.385414627869787,10,86.22292700217976,CHECK,LOW,ACTIVE,0,0,0
2025-03-05 10:13:29.357,4647.122139194169,306.20174132159434,44.87772607493314,-2.8819408634143233,-4.9319817269635475,1.9166323394634641,1.4685253132513376,0.6636982565800186,54.51787045415583,-319.7180264757941,READY,12.850515252117326,False,86.54446995239813,7.324018355517061,10,85.74312225119361,CHECK,LOW,ACTIVE,0,0,0
2025-03-05 10:13:29.389,4658.9487783739305,308.0481589599375,44.77189656647606,-3.104563489803456,-5.428444260529539,1.9226131426132222,1.5127364828108028,0.6648883857837303,54.487033833554435,-300.8167531984277,READY,12.850515252117326,False,86.74288029464117,7.240116098000486,10,86.13735979678508,CHECK,LOW,ACTIVE,0,0,0
2025-03-05 10:13:29.421,4675.617288622766,309.95775465089577,44.461844791572915,-3.288159861422319,-4.954628574531291,1.9339277731875488,1.4238774707843718,0.6635852986908855,54.44275228906923,-288.1476914878926,READY,12.850515252117326,False,86.89876808234972,7.17675128967347,10,85.72290268696632,CHECK,LOW,ACTIVE,0,0,0
2025-03-05 10:13:29.458,4664.77389754632,308.49891166819765,44.71112518859924,-3.023192833416747,-4.676604098474854,1.9371538447873609,1.441306985345253,0.6553407104069087,54.43140112642869,-277.36986041032253,READY,12.850515252117326,False,87.00095012680343,7.104307668550369,10,85.60675977484479,CHECK,LOW,ACTIVE,0,0,0
2025-03-05 10:13:29.489,4651.843383977004,310.03831430469967,45.0729397379061,-2.881023485339597,-4.94102933495775,1.9134779465712852,1.4113173926470053,0.6511432918375556,54.41815664996927,-318.165185100629,READY,12.850515252117326,False,86.83391752711319,7.015431128670532,10,85.25544997725244,CHECK,LOW,ACTIVE,0,0,0
2025-03-05 10:13:29.526,4638.514241448727,310.42311239506483,45.05985946015829,-2.962616444727568,-4.603164452673874,1.9358728067770854,1.459904269109817,0.647074188396375,54.37465398041984,-342.69149009122157,READY,12.850515252117326,False,86.72944985301363,6.958313948527353,10,85.11268062183285,CHECK,LOW,ACTIVE,0,0,0
2025-03-05 10:13:29.557,4649.847932076997,308.70361433273405,44.74006745645685,-2.827410898321897,-4.405645971956149,1.8978502707333136,1.492054339573375,0.642812660033184,54.34422965989344,-353.9561383873625,READY,12.850515252117326,False,86.61459754750047,6.90433707085051,10,84.98907736251383,CHECK,LOW,ACTIVE,0,0,0
2025-03-05 10:13:29.591,4647.44515142096,310.06578256851805,45.06251446410784,-2.930417336945209,-4.597409092170594,1.919490601049056,1.5776153711496381,0.6360970963826578,54.3004713676181,-369.86085151238143,READY,12.850515252117326,False,86.44393710212697,6.851247242856642,10,84.78173329786786,CHECK,LOW,ACTIVE,0,0,0
2025-03-05 10:13:29.627,4641.149854239185,309.00966323351724,44.8995041771962,-2.904563346592882,-4.164522651845807,1.9479377328840068,1.5705276725384203,0.6262350729687379,54.26814951459917,-370.58686228274485,READY,12.850515252117326,False,86.31530235772435,6.79800464808816,10,85.12317581014852,CHECK,LOW,ACTIVE,0,0,0
2025-03-05 10:13:29.659,4627.567845575447,307.21802042095544,45.01141360489946,-2.9187834098171432,-4.623199184148798,1.9493432712139978,1.4824167445586507,0.6330940862666363,54.2448121757077,-389.2268726885018,READY,12.850515252117326,False,86.12874464054254,6.734672200816909,10,85.09725655167408,CHECK,LOW,ACTIVE,0,0,0
2025-03-05 10:13:29.690,4642.832084379142,306.7524770560852,45.10452638271016,-2.8710825279900822,-4.319907418805977,1.9701490311349508,1.4950501223956276,0.6369724034991843,54.22680779916027,-392.3534710922427,READY,12.850515252117326,False,86.2794753202019,6.650862469931487,10,84.88342377068403,CHECK,LOW,ACTIVE,0,0,0
2025-03-05 10:13:29.726,4658.200938550623,305.8547599274196,44.6735560289562,-2.775608996065225,-3.8870611728582505,1.9389331754827437,1.5704830114253245,0.6392872808762775,54.19704473517616,-352.7482625089773,READY,12.850515252117326,False,86.13249749922984,6.557481916253884,10,85.35399527227747,CHECK,LOW,ACTIVE,0,0,0
2025-03-05 10:13:29.758,4672.428487177811,306.545859515991,44.54695349192944,-3.052956591092886,-3.5090088395489065,1.9352385870725715,1.6520522414866508,0.6491220008021079,54.14843027929678,-372.8588959007015,READY,12.850515252117326,False,86.14502735238743,6.496369632154893,10,85.292913198675,CHECK,LOW,ACTIVE,0,0,0
2025-03-05 10:13:29.789,4677.549754104538,306.8961152036498,44.731389975878464,-3.241088447943311,-3.5423484448853984,1.9406499394111472,1.6673676952781342,0.6508378389403033,54.13042175923888,-368.1089726356322,READY,12.850515252117326,False,86.09555035297288,6.409053779977259,10,85.18888516889137,CHECK,LOW,ACTIVE,0,0,0
2025-03-05 10:13:29.825,4674.42528415901,308.1618368588267,44.756351324030064,-3.056226824531464,-3.381950166406085,1.9505838536553006,1.6140725966689016,0.645105918560069,54.09956588661201,-364.6683998028746,READY,12.850515252117326,False,85.99805400082647,6.3585795307096316,10,85.34757060110296,WARNING,LOW,ACTIVE,0,0,0
2025-03-05 10:13:29.858,4665.018735446215,308.71995782153897,45.14872028683655,-2.8273023843832306,-3.551447927321666,2.0002926159362313,1.6122340759150593,0.6529728914847364,54.06369105788312,-394.7618790352142,READY,12.850515252117326,False,86.08319439491295,6.272329775173924,10,85.05068695438153,WARNING,LOW,ACTIVE,0,0,0
2025-03-05 10:13:29.889,4645.8447913588625,307.20537718552526,45.16352715812383,-3.0559573776579323,-3.9890163892756463,1.9581600129355665,1.6244341841498258,0.6475756859609889,54.014449280551254,-384.6160644523805,READY,12.850515252117326,False,86.03299568922104,6.18059671301091,10,84.59312164077289,WARNING,LOW,ACTIVE,0,1,0
2025-03-05 10:13:29.926,4642.701504346411,308.53884464486566,45.55450200369426,-2.8152805846255764,-4.096636669785693,1.9138430537227604,1.6319707767480776,0.6412997832073677,53.97724371644023,-369.4183837048629,READY,12.850515252117326,False,85.95330908973229,6.11325216554454,10,84.2407649073964,WARNING,LOW,ACTIVE,0,1,0
2025-03-05 10:13:29.957,4639.1440173989995,309.2276757098761,45.81488361460649,-3.0409974933760653,-3.850660562801552,1.934847833670981,1.5815539286813678,0.6324223062439648,53.96263113300164,-409.9122061899386,READY,12.850515252117326,False,85.92315201001519,6.034716669394403,10,83.81852128904531,WARNING,LOW,ACTIVE,0,1,0
2025-03-05 10:13:29.989,4622.569863122716,311.0367917111549,45.7736122019778,-2.9805256110196345,-3.8291007338244167,1.8866239853640143,1.6005163417316841,0.6422964027408123,53.94075507773923,-441.95158602619466,READY,12.850515252117326,False,85.89747098129166,5.957576839126485,10,83.64552954643392,WARNING,LOW,ACTIVE,0,1,0
2025-03-05 10:13:30.025,4614.104983769068,309.78547881553897,45.530597334418744,-3.086977880967513,-3.4190488894162945,1.8637277894939468,1.6347064719997677,0.6386263527747698,53.89454240749565,-474.1900342618356,READY,12.850515252117326,False,85.74184222281376,5.858937860274224,10,83.78332061957852,WARNING,LOW,ACTIVE,0,1,0
2025-03-05 10:13:30.057,4609.449305442559,311.69618043468137,46.02355450188284,-3.3553004857885007,-3.8281192587238015,1.8292548635425696,1.711174445020945,0.6297716253048273,53.86351627748134,-499.85712124695976,READY,12.850515252117326,False,85.59862257157343,5.783185558855395,10,83.5560517914037,WARNING,LOW,ACTIVE,0,1,0
2025-03-05 10:13:30.090,4613.141655658227,312.08637215441024,46.02288365756956,-3.384564048600203,-3.6558000401900266,1.8245183406177308,1.7137409199349123,0.6376774992606877,53.839447243538636,-539.734852222387,READY,12.850515252117326,False,85.40172830574613,5.698402653729286,10,83.62355551680247,WARNING,LOW,ACTIVE,2,1,0
2025-03-05 10:13:30.128,4605.6559347471275,311.2301405187901,46.272073536531934,-3.30312832874236,-3.5500119299944775,1.8498280728988268,1.7438123663333147,0.6309052613866065,53.82299430625899,-516.9823205796354,READY,12.850515252117326,False,85.54751823801362,5.6105093407612845,10,83.22297350803444,WARNING,LOW,ACTIVE,2,1,0
2025-03-05 10:13:30.158,4616.569443312537,310.60700844513093,45.96297619004205,-3.5114051963951614,-3.482098070304026,1.8113113912818557,1.6990106153407962,0.6312374863658438,53.80913539184239,-508.0126297862203,READY,12.850515252117326,False,85.61432689375759,5.551088614559567,10,83.58747076350285,WARNING,LOW,ACTIVE,2,1,0
2025-03-05 10:13:30.190,4614.0158857037195,311.1865316703544,46.11811567860771,-3.270049495540314,-3.9748764704683004,1.7651810898443872,1.7174107872741786,0.6314884913139468,53.76558403938478,-462.5672894369093,READY,12.850515252117326,False,85.61003995887322,5.462416659732977,10,84.00208673773702,WARNING,LOW,ACTIVE,2,1,0
2025-03-05 10:13:30.226,4619.430871785324,311.5095956052214,46.1113021781759,-3.267808915300072,-4.147133880870109,1.7484226755658372,1.6536484887983163,0.6256283238545176,53.72759170041385,-454.23797688664496,READY,12.850515252117326,False,85.63107353621506,5.392581190085016,10,83.50636901504205,WARNING,LOW,ACTIVE,2,1,0
2025-03-05 10:13:30.260,4620.934686705815,310.1188048174938,46.10721982853584,-2.9820074977146604,-3.820323621679015,1.7552761435767799,1.7344885440421605,0.6224921961797367,53.70183107083041,-486.64120604124895,READY,12.850515252117326,False,85.66592143198879,5.301253956841878,10,83.23429847112875,WARNING,LOW,ACTIVE,2,1,0
2025-03-05 10:13:30.290,4618.1616405945715,308.9515098634463,45.784199727749275,-3.0984154163950706,-3.806091419905672,1.7519793970033621,1.8324563185275164,0.6260700372801166,53.653532753655654,-477.04256136588475,READY,12.850515252117326,False,85.59165837944379,5.245173176064691,10,83.27327757002462,WARNING,LOW,ACTIVE,2,1,0
2025-03-05 10:13:30.327,4606.824478614527,309.59860370720673,45.4334149422942,-2.9986056897744398,-4.213396253926373,1.7119062618672294,1.872955677374976,0.6264190496350865,53.63799208996549,-477.43074867951066,READY,12.850515252117326,False,85.77317945242771,5.154271808904067,10,83.35646449475891,WARNING,LOW,ACTIVE,2,1,0
2025-03-05 10:13:30.362,4615.477477448437,307.79829727926017,45.901915745623725,-3.14339003070048,-3.9112762344825693,1.696615541925952,1.829842102687727,0.6288255757579108,53.61384157384978,-442.1372935339622,READY,12.850515252117326,False,85.78917839292038,5.087891654004999,10,83.77482149479519,WARNING,LOW,ACTIVE,2,3,0
2025-03-05 10:13:30.394,4607.53134747878,309.57562603748454,45.75472202058303,-3.3610337685445426,-3.780690279212344,1.7080423422277933,1.8865473168269429,0.6372903883229111,53.59994481506625,-435.76399575859466,READY,12.850515252117326,False,85.74355485692865,4.989970826449062,10,83.54579066400615,WARNING,LOW,ACTIVE,2,3,0
2025-03-05 10:13:30.430,4603.61559145324,310.3868582004429,45.42174858880154,-3.2844955929458264,-4.094582333576103,1.7517882813931658,1.9121718579767988,0.6391726390691489,53.559426059694324,-408.306498964886,READY,12.850515252117326,False,85.80170224705884,4.937144288325815,10,83.89006986058348,WARNING,LOW,ACTIVE,2,3,0
2025-03-05 10:13:30.463,4600.627492850279,311.89852895165006,45.228213462434674,-3.0220307645421687,-4.456165841131921,1.7106133158047212,1.8840139485291214,0.6295729885947414,53.54501163223716,-398.1651945988409,READY,12.850515252117326,False,85.65289503971961,4.857459511238476,10,84.2176271684655,WARNING,LOW,ACTIVE,2,3,0
2025-03-05 10:13:30.496,4590.855870843927,313.06532561689477,44.94867299432325,-3.050873184784119,-4.438382124496406,1.7535618473395718,1.8350549559334914,0.6382053764332062,53.505497392935446,-394.68053121806497,READY,12.850515252117326,False,85.46488753848547,4.776570387542796,10,84.66952303232031,WARNING,LOW,STANDBY,2,3,0
2025-03-05 10:13:30.535,4574.400674986172,312.2644453772715,45.21567307444109,-3.0094201603431343,-4.106483874731268,1.7765398461062822,1.864293186909574,0.633487726830721,53.491853812109994,-345.35051174190977,READY,12.850515252117326,False,85.55804758016987,4.703746613832393,10,85.02005115398043,WARNING,LOW,STANDBY,2,3,3
2025-03-05 10:13:30.568,4575.484673868734,311.41601904904445,44.95659875800485,-2.938247947588967,-4.024542361275495,1.770859552529265,1.962119513938819,0.6391766088848823,53.473240942703036,-313.08240033873665,READY,12.850515252117326,False,85.3891379521156,4.619142304596426,10,85.2780402450261,WARNING,LOW,STANDBY,2,3,3
2025-03-05 10:13:30.595,4566.6978281647125,310.79542232791863,45.093896848394444,-2.7908919300340016,-3.908888373588305,1.7578933831725227,2.020227171688796,0.6344268939028732,53.455658612429545,-281.0848001141379,READY,12.850515252117326,False,85.27745186879383,4.5287929866282814,10,85.12296492141417,WARNING,LOW,STANDBY,2,3,3
2025-03-05 10:13:30.631,4570.147658939673,309.4546071317595,45.058480154599295,-2.819498594468532,-3.5092042522687876,1.8048649765191196,2.0817208471431723,0.630961345781785,53.44499121923454,-235.93189374922437,READY,12.850515252117326,False,85.19233641311517,4.467343044207229,10,84.9113825228343,WARNING,LOW,STANDBY,2,3,3
2025-03-05 10:13:30.663,4573.977833319686,311.28589466140636,45.28510583339236,-2.7419793077777634,-3.6446420300887303,1.7935398214182543,1.9874404516125141,0.6405304444826004,53.41393204482672,-203.44212961432504,READY,12.850515252117326,False,85.30364281575818,4.373684817035248,10,84.7321343895689,WARNING,LOW,STANDBY,2,3,3
2025-03-05 10:13:30.695,4555.333038422918,309.81259348966046,45.279300532772254,-2.9494225164354675,-3.680455749090132,1.7872964110038925,1.953648194063635,0.6447830058783603,53.3876488806483,-241.87571971970908,READY,12.850515252117326,False,85.42331055695142,4.305128885747542,10,84.35966697862311,WARNING,LOW,STANDBY,2,3,3
2025-03-05 10:13:30.731,4573.496145171578,310.27921198614393,45.219578328462596,-2.679720294230326,-3.6829765794587166,1.7613406785049677,1.9008464849942601,0.6367219145512747,53.34862512778965,-211.72000991747353,READY,12.850515252117326,False,85.5803604571274,4.238408686700412,10,84.19776466319169,WARNING,LOW,STANDBY,2,3,3
2025-03-05 10:13:30.766,4569.279967192643,309.41102834627645,45.24779388179956,-2.938471761667592,-3.597645994104161,1.785763879837506,1.9206463969912233,0.6337354931182767,53.328076355251476,-211.37754476484417,READY,12.850515252117326,False,85.5447070875482,4.177108335538635,10,83.74565576805126,WARNING,LOW,STANDBY,2,3,3
2025-03-05 10:13:30.791,4552.841197182179,310.9993779518868,45.37758861742712,-2.7056366989491467,-3.5441314145763463,1.8080970528381317,1.9821782091132234,0.6399843264571881,53.308000741543715,-245.621012318238,READY,12.850515252117326,False,85.62194425905192,4.110503226903681,10,84.19347338813647,WARNING,LOW,STANDBY,2,3,3
2025-03-05 10:13:30.827,4562.700911135304,312.08068597789264,45.2701105532528,-2.565149840469166,-3.217470975479581,1.76455970592519,2.023263788846504,0.6472102934438247,53.28707048741854,-291.2969985859031,READY,12.850515252117326,False,85.75672208231981,4.033336183320644,10,84.46521396885588,WARNING,LOW,STANDBY,2,3,3
2025-03-05 10:13:30.859,4553.262687349853,310.2604587645444,45.5937859146692,-2.3445860761876274,-3.7161200098629372,1.742029733178533,2.019354294948302,0.6459384710128333,53.267586815788036,-308.73285787215366,READY,12.850515252117326,False,85.7439826393104,3.9775255732260386,10,84.81657960807729,WARNING,LOW,STANDBY,2,3,3
2025-03-05 10:13:30.893,4540.045222116448,311.1882594764824,45.397086006112396,-2.330177943637385,-3.5998206167088647,1.7215138705026878,1.9212856880618019,0.6483248148739181,53.23100566770541,-316.2257055886504,READY,12.850515252117326,False,85.54455540512043,3.920397729287989,10,84.80149345409794,WARNING,LOW,STANDBY,2,3,3
2025-03-05 10:13:30.935,4523.613710674898,310.05719068881865,45.89587714596377,-2.602053739503835,-3.9744955812006166,1.6961962285300374,1.9124064438500237,0.6538396329906442,53.206438241797414,-351.6238010462746,READY,12.850515252117326,False,85.53171839273493,3.860871528604422,10,84.72384375218417,WARNING,LOW,STANDBY,2,3,3
2025-03-05 10:13:30.966,4540.70621670766,309.0988799871105,46.25418394685773,-2.4262496134754685,-4.26166243729106,1.7120198699040812,1.8683531682988064,0.6628743038104647,53.16556123349715,-362.99888650742633,READY,12.850515252117326,False,85.6014062480948,3.7903465300480783,10,84.30427046461527,WARNING,LOW,STANDBY,2,3,3
2025-03-05 10:13:30.991,4541.29953279537,310.4501665943406,46.0862790278009,-2.132540357604687,-4.246524343789416,1.756773144237767,1.9384161974542804,0.6634259766719274,53.15289532340615,-384.940620731693,READY,12.850515252117326,False,85.49198741708668,3.7099404992794955,10,84.58870610714331,WARNING,LOW,STANDBY,2,3,3
2025-03-05 10:13:31.030,4528.421163670072,312.35309242323746,46.46995259117114,-1.9374077459315349,-4.4958316764239585,1.7131924171698303,1.8991932493905495,0.662959668238796,53.10798107431471,-366.78345799423766,READY,12.850515252117326,False,85.6228918603179,3.657231542765815,10,84.62301903615536,WARNING,LOW,STANDBY,2,3,3
2025-03-05 10:13:31.070,4511.409239345459,312.7706782982911,46.62116165651507,-2.141072677573474,-4.431303619487187,1.7052849749083099,1.9975125804680312,0.6663918832019687,53.08652570866895,-355.5276775550078,READY,12.850515252117326,False,85.79682820552726,3.5953898789468823,10,84.96410906600543,WARNING,LOW,STANDBY,2,3,3
2025-03-05 10:13:31.092,4522.319055253009,314.64177058239153,46.55728508101907,-1.8821036132455622,-4.542591205624732,1.7413393914456745,1.9560495893090204,0.6663134866247343,53.074194413764516,-321.2962547424047,READY,12.850515252117326,False,85.97195723486298,3.503263348468795,10,85.02905896765466,WARNING,LOW,STANDBY,2,3,3
2025-03-05 10:13:31.126,4517.3415062131135,315.3926842123435,46.323069441632306,-2.0675366996559283,-4.758010062976881,1.762081982099013,1.8800374898427235,0.6752985255307085,53.043000151732244,-279.7158502828962,READY,12.850515252117326,False,85.79807835879917,3.428183051625416,10,85.14588351056248,WARNING,LOW,STANDBY,2,3,3
2025-03-05 10:13:31.158,4499.779046139855,316.39676433021214,46.516816445508105,-2.080832841503604,-5.201141586703176,1.804619754526043,1.924219967981252,0.6791868329947257,53.00699816929166,-249.5264222190247,READY,12.850515252117326,False,85.9221214573861,3.3308702137879607,10,85.43185578148677,WARNING,LOW,STANDBY,2,3,3
2025-03-05 10:13:31.192,4509.543981003351,315.80416397845084,46.65310841466631,-2.146733467543339,-5.43148053707621,1.8417035690940735,1.8518525918143294,0.6776800970226341,52.992212100806235,-221.79498175143277,READY,12.850515252117326,False,85.76574060507882,3.24474984447282,10,85.07412837684019,WARNING,LOW,STANDBY,2,3,3
2025-03-05 10:13:31.227,4518.610109088412,316.6745433003703,46.34353710799176,-1.8748843859070563,-5.687515155343315,1.8818442474775932,1.7775700044161677,0.6733156801119892,52.98076468076142,-256.93312639098355,READY,12.850515252117326,False,85.58294684851346,3.144938736364772,10,84.99095249651157,WARNING,LOW,STANDBY,2,3,3
2025-03-05 10:13:31.262,4526.89621098104,315.43213745907155,46.68447185261238,-1.6738648622167098,-5.2087017840276095,1.8984620630067242,1.8333081271424876,0.6753430409079343,52.93649022642063,-280.6857898045531,READY,12.850515252117326,False,85.41664615544249,3.0813554601386492,10,84.65848772928543,WARNING,LOW,STANDBY,2,3,1
2025-03-05 10:13:31.293,4526.646217877884,316.6342829101655,46.967677331439255,-1.877949068375615,-5.123182035526581,1.9049155153784505,1.8348353830661228,0.6730611444458316,52.91954446968122,-267.6871367210007,READY,12.850515252117326,False,85.47930026099131,2.990585164152531,10,84.41552995057452,WARNING,LOW,STANDBY,2,3,1
2025-03-05 10:13:31.328,4521.371112836509,316.5474550015211,46.90467150499058,-1.797880988075904,-5.0156277075692834,1.9041867716407714,1.8060803868439055,0.6653027698794515,52.889055753269844,-301.1607345116726,READY,12.850515252117326,False,85.5826903684175,2.9239529680623413,9,84.81699304045117,WARNING,LOW,STANDBY,2,3,1
2025-03-05 10:13:31.360,4540.822559097221,317.33758122426224,47.25262441316515,-1.5196389833749822,-5.372340994706113,1.952511036824143,1.7959725736874235,0.6712033724634765,52.851102438625055,-294.35441370090206,READY,12.850515252117326,False,85.47485642552672,2.8518275456965445,9,84.37655697514714,WARNING,LOW,STANDBY,2,3,1
2025-03-05 10:13:31.393,4532.852152026029,319.3063368893336,47.22492893080276,-1.7574342648842625,-5.3235271754397155,1.9115426141059164,1.7148120213785176,0.6737102458998312,52.820715238431795,-319.21711833778653,READY,12.850515252117326,False,85.6639778465603,2.7822961255020187,9,84.86034975801967,WARNING,LOW,STANDBY,2,3,1
2025-03-05 10:13:31.428,4512.930084403658,320.7721392189752,47.13278962570115,-1.647530376358684,-5.726290769614918,1.9415262253616887,1.7132612724506187,0.6746560697551246,52.80612041608109,-285.65789984617345,READY,12.850515252117326,False,85.85390212242606,2.6893150344281347,9,84.63283430320725,WARNING,LOW,STANDBY,2,3,1
2025-03-05 10:13:31.469,4505.288172022959,319.4313951646974,46.95523181914822,-1.8434681316887511,-5.762563516299336,1.90606260635757,1.8077345855750748,0.6730180569291978,52.79393010478027,-283.82611251252297,READY,12.850515252117326,False,85.99992529855004,2.60525333139879,9,85.01641331535893,WARNING,LOW,STANDBY,2,3,1
2025-03-05 10:13:31.499,4487.61602886719,320.280108129469,47.04204913189842,-1.917144909875897,-5.349735817316712,1.8713018923598328,1.8148494630613037,0.6748785780980163,52.753505714837466,-249.72307164350218,READY,12.850515252117326,False,86.14157905508404,2.5434653623045733,9,84.61447561857673,WARNING,LOW,STANDBY,2,3,1
2025-03-05 10:13:31.533,4487.346732429099,321.00516221778463,46.88692514299247,-2.123403495197558,-5.440533366735919,1.8979294143156666,1.7869495336437793,0.6716892521801548,52.73731085869087,-286.504985583392,READY,12.850515252117326,False,86.14596324756305,2.4445698013787416,9,84.71808441774107,WARNING,LOW,STANDBY,2,3,1
2025-03-05 10:13:31.565,4495.785386251938,319.44726251456194,47.28604388680938,-2.0128984285675005,-5.856506472666839,1.911814742973573,1.8316583952268002,0.6791924331757463,52.72541309398302,-276.1051672352637,READY,12.850515252117326,False,86.32121607476031,2.3786022128838407,10,85.10360043233393,WARNING,LOW,STANDBY,2,3,1
2025-03-05 10:13:31.600,4480.000068109645,321.0984255822831,46.84046054089476,-1.9616037394820427,-5.888929600145679,1.8893749791451417,1.8713856250370207,0.672292444225921,52.71465531783534,-300.556687287317,READY,12.850515252117326,False,86.21391849089646,2.320330626061127,10,85.40864048604848,WARNING,LOW,STANDBY,2,3,1
2025-03-05 10:13:31.632,4460.0515106526545,322.86345385444685,47.16692504011791,-1.7388582236161034,-6.283270310749842,1.8502656864960039,1.9514233836871522,0.6637236607108378,52.687036298144115,-280.6725020158573,READY,12.850515252117326,False,86.07836927491287,2.2479945691480983,10,85.27757722748522,WARNING,LOW,STANDBY,2,3,1
2025-03-05 10:13:31.665,4463.988859751357,323.4560547953788,47.092663414371245,-1.792628869118025,-6.497027851454471,1.8373452668367711,1.9676165268973902,0.6589533394938593,52.66456360981644,-257.96020995785807,READY,12.850515252117326,False,86.16465828559224,2.189243934750809,10,85.1937599886763,WARNING,LOW,STANDBY,2,3,1
2025-03-05 10:13:31.703,4475.068173167587,324.62716863845526,46.67376172782044,-1.7768760417304388,-6.37222715760346,1.8232089633776891,1.9741002979076177,0.6542995998150654,52.6460278163928,-266.26171612037643,READY,12.850515252117326,False,85.97750141783358,2.1121929292867248,10,85.65170307845474,WARNING,LOW,STANDBY,2,3,1
2025-03-05 10:13:31.734,4462.747806631963,325.4631437495496,46.75976941612971,-1.7818047163643644,-6.578222564029645,1.8705020666947432,1.9798921645728464,0.6568461480781909,52.59723615707327,-265.95492931621243,READY,12.850515252117326,False,86.16755446936733,2.0142953807870865,10,85.36885322747541,WARNING,LOW,STANDBY,2,3,1
2025-03-05 10:13:31.760,4480.575200906068,325.6085363335293,46.47063410015577,-1.6666795097805824,-6.880846279275719,1.8212838415247237,1.9765910409995415,0.6477953475582388,52.578814634687156,-266.402143583099,READY,12.850515252117326,False,86.16788266393833,1.9306494364866018,10,85.41805500051137,WARNING,LOW,STANDBY,2,3,1
2025-03-05 10:13:31.794,4471.22419922961,324.04544253724947,46.087463329083405,-1.4850945240083568,-7.23799853094948,1.8016357262080933,2.0543957462557803,0.6537541535360376,52.5423575421274,-235.57557500466004,READY,12.850515252117326,False,86.01065381167182,1.837152424464614,10,85.3255352232074,WARNING,LOW,STANDBY,2,2,1
2025-03-05 10:13:31.830,4477.414586462244,324.4332962269064,45.58883879501273,-1.3810402720852781,-6.9686501754113905,1.7979755574016634,2.08126701023739,0.6496464295454909,52.50148882077733,-208.3459551993477,READY,12.850515252117326,False,85.8809085056808,1.7736582818688718,10,85.59070061227126,WARNING,LOW,STANDBY,2,2,0
2025-03-05 10:13:31.867,4484.351523018209,324.3076540409294,45.61200659100499,-1.2253651768980527,-7.285246927585444,1.7573240487949124,2.0474450946937695,0.6484394960175247,52.461280263001846,-161.83411360686313,READY,12.850515252117326,False,85.84493209618338,1.69802675606021,10,85.36097998009477,WARNING,LOW,STANDBY,2,2,0
2025-03-05 10:13:31.903,4500.29774992115,322.79729976480246,45.89455922138304,-0.9977428176989827,-7.394698255613495,1.7162125551601362,1.9693958865289218,0.6556978075011428,52.43823666762768,-146.3410954947426,READY,12.850515252117326,False,85.95500130181594,1.61171368936103,10,85.10018789424123,WARNING,LOW,STANDBY,2,2,0
2025-03-05 10:13:31.935,4512.021608679203,323.0634365773781,45.756964522750735,-0.860898689403671,-7.217640356324919,1.6866289812705637,2.006235909731399,0.6477764194735425,52.39031149430368,-143.7452541788108,READY,12.850515252117326,False,86.011929041256,1.5336089218956794,10,85.39382246651051,WARNING,LOW,STANDBY,2,2,0
2025-03-05 10:13:31.963,4492.26143027783,322.3209721806741,45.94024070989888,-0.8152544990191016,-7.496865399984717,1.708876694577688,2.0900779257860296,0.639500196250845,52.377757362622425,-182.4233030334733,READY,12.850515252117326,False,85.8806731295094,1.467524108490169,10,85.40237440690503,WARNING,LOW,STANDBY,2,2,0
2025-03-05 10:13:32.006,4501.161694129957,322.91180021274346,45.53418780557799,-0.9660188762254996,-7.066103266925821,1.6642704620916278,2.1588337615210538,0.6326682812920267,52.35303028764864,-188.53713908776538,READY,12.850515252117326,False,85.97860011584888,1.3765044567981293,10,85.24040340635584,WARNING,LOW,STANDBY,2,2,0
2025-03-05 10:13:32.037,4513.791112280328,323.1430477756755,45.71057260560338,-0.8183762572420274,-7.308259738581513,1.711115959164457,2.0758319576396875,0.6401075227105533,52.3065212059314,-190.96461785233396,READY,12.850515252117326,False,85.8605372148796,1.291936724719003,10,85.73485846364409,WARNING,LOW,STANDBY,2,2,0
2025-03-05 10:13:32.062,4501.680164883692,321.69694151382214,45.453832122123444,-0.9051668453700836,-7.077482111571998,1.6686984550358874,2.1595635913321174,0.6433916515212589,52.2637863988406,-146.58341638260197,READY,12.850515252117326,False,85.84889688562082,1.2251484519741451,10,85.68821875566572,WARNING,LOW,STANDBY,2,2,0
2025-03-05 10:13:32.100,4503.128801146792,323.0614236335329,45.39790836965928,-0.7607575433899283,-7.0768955279171255,1.7112186119812192,2.1027628022257256,0.6463246896811937,52.22360115803724,-172.5213660991451,READY,12.850515252117326,False,85.96810570070086,1.1376599418391415,10,85.77317965370843,WARNING,LOW,STANDBY,2,2,0
2025-03-05 10:13:32.138,4508.198012765636,322.4703130192759,45.82239076487634,-0.7512976272666876,-6.695049088530644,1.756715809135998,2.14286585832636,0.6455849787345038,52.18071660268153,-176.56178456091777,READY,12.850515252117326,False,86.02934754950094,1.074036951123816,10,85.85224263366547,WARNING,LOW,STANDBY,2,2,0
2025-03-05 10:13:32.169,4488.326313866967,323.30570653855705,45.9188762358123,-0.7657890598810129,-6.699893148169475,1.723848668015865,2.0977335830292736,0.6495137239591352,52.14351685083394,-184.94943059119723,READY,12.850515252117326,False,86.0542490809742,0.9950552022840077,10,85.65997510977748,WARNING,LOW,STANDBY,2,2,0
2025-03-05 10:13:32.196,4493.941400947708,324.5658204630813,46.103026011590394,-1.0013001090118023,-6.501198601829858,1.765954493857304,2.0287707534387716,0.6429976952850764,52.10567828329523,-229.1221004563746,READY,12.850515252117326,False,85.96306783263852,0.9186206567441135,10,85.90615980664172,WARNING,LOW,STANDBY,2,2,0
2025-03-05 10:13:32.228,4483.407549576491,322.59515558577107,46.135860996588306,-0.9753203570389761,-6.358492199439084,1.7582507644434204,2.05090497549331,0.6330966947904769,52.07703847621464,-240.58987427063175,READY,12.850515252117326,False,85.92595105277597,0.8294655738944525,10,85.74631420291283,WARNING,HIGH,STANDBY,2,2,0
2025-03-05 10:13:32.260,4489.002844509756,321.5319475235746,45.841621680732196,-0.7723653132276593,-6.088177546761256,1.7380284174679133,2.1060586803009946,0.6358317054638392,52.04287112382325,-194.96053557747956,READY,12.850515252117326,False,85.80258745732567,0.7555683612339167,10,85.98622382741492,WARNING,HIGH,STANDBY,2,2,0
2025-03-05 10:13:32.297,4476.8675068943685,323.4508076311071,45.591423616686605,-0.9618938617124951,-5.8982080807183825,1.7658771441320638,2.162585767540318,0.6388720556413477,52.02301412879199,-159.5161586608579,READY,12.786063835213024,True,85.84178560220835,0.6814813513821605,10,86.00732299891936,WARNING,HIGH,STANDBY,2,2,0
2025-03-05 10:13:32.328,4496.301543512175,324.36826562333033,45.16859537081472,-1.131744278646153,-5.417252958830645,1.7844374044087725,2.146828266758034,0.6333845323333371,51.982211093738606,-203.13446413772954,READY,12.96703346569717,True,85.867635550928,0.6101910191350488,10,86.46741045341433,WARNING,HIGH,STANDBY,2,2,0
2025-03-05 10:13:32.361,4498.644872721445,324.2556430155382,44.8402047202604,-1.271685796077763,-5.14290671533578,1.8188765721020275,2.11062397545318,0.6240169924602436,51.94209190198801,-227.09310630302448,READY,13.017735936704964,True,85.993012050163,0.5477711219721937,10,86.57227017788264,WARNING,HIGH,STANDBY,2,2,0
2025-03-05 10:13:32.398,4488.1827761190425,324.74302373885797,44.61637823374982,-1.085913976626618,-5.345895201286508,1.7943367881313712,2.205070949841059,0.6226055031527188,51.929671499509844,-227.49408561301436,READY,12.89542865961181,True,85.90114660273312,0.45328074984764094,10,86.30027222601248,WARNING,HIGH,STANDBY,2,2,0
2025-03-05 10:13:32.426,4495.752631842085,324.8826660668511,44.62757123845822,-1.0748962932034343,-5.277167239153595,1.7575488848372895,2.296340919719948,0.620462123537168,51.911925118490856,-219.98264494772587,READY,12.990221499812098,True,85.75123115525935,0.3959483292683355,10,86.14804391212444,WARNING,HIGH,STANDBY,2,2,0
2025-03-05 10:13:32.461,4503.134140740122,323.77168533275045,44.2645668312166,-1.10821300389091,-5.133692221291718,1.7520457259741458,2.309733836165824,0.6144631447633437,51.87216158665506,-196.3562384716636,READY,13.079785424253682,True,85.84272773464151,0.3217286669275459,10,86.07837395125415,WARNING,HIGH,STANDBY,2,2,0
2025-03-05 10:13:32.494,4505.083568982533,325.6597944448383,44.08396889881163,-1.1131534026326884,-5.559679944759931,1.7221659508482443,2.380484414360111,0.622134223726404,51.83611653434886,-199.95250155875374,READY,12.883869684059501,True,85.8164242982354,0.2575692283073307,10,85.92174994148094,WARNING,HIGH,STANDBY,2,2,0
2025-03-05 10:13:32.530,4505.143334560189,323.90892157199784,44.410432545890274,-1.263733383271405,-5.178073955443925,1.7460846996271056,2.2960120743949184,0.6267529887507647,51.80194528388084,-161.35387257081905,READY,12.849073472122331,True,85.62470593098682,0.174098908672883,10,85.68087965307713,WARNING,HIGH,STANDBY,2,2,0
2025-03-05 10:13:32.562,4510.389019996257,323.95022953165426,44.82421526569962,-1.2814209003871717,-5.466411067302751,1.6973357747967845,2.2134183058154204,0.6316753864596615,51.79162389400209,-115.76947235017933,READY,12.66390904102222,True,85.74377420072987,0.08526596251215832,10,85.8474844605159,WARNING,HIGH,STANDBY,2,2,0
2025-03-05 10:13:32.598,4493.184164968379,322.1685469795431,44.43475928305374,-1.0394396109778945,-5.131117228401063,1.718130640275476,2.230797836705618,0.6323653540122888,51.75366863761424,-161.17399900820567,READY,12.848859157999085,True,85.76546553589822,0,10,85.45971717227296,WARNING,HIGH,STANDBY,2,2,0
2025-03-05 10:13:32.630,4476.1931448410405,322.0942686534625,44.35642672376669,-1.1392524537212219,-4.9333238570305165,1.7144718286729352,2.2970174858532664,0.6347538690028472,51.72320564410315,-202.35568832994207,READY,12.872513361870503,True,85.89797177474749,0,10,85.87176832418822,WARNING,HIGH,STANDBY,2,2,0
2025-03-05 10:13:32.662,4493.70695273543,323.6965298088942,44.00285098584703,-0.9708746980289085,-5.415574425593186,1.7375950996158733,2.345547134490232,0.6405121175494819,51.7100411546068,-249.12432160122063,READY,13.066487920188917,True,85.93201509261955,0,10,85.48178422463405,WARNING,HIGH,STANDBY,2,2,0
2025-03-05 10:13:32.698,4477.208304439137,322.62314801846236,43.57326870798848,-0.8956696055279906,-5.7776918344778005,1.7845843014442038,2.284368052219404,0.6379444706045598,51.67468128759824,-285.0318282157505,READY,13.17936542102431,True,85.8864469688438,0,10,85.83674736757986,WARNING,HIGH,STANDBY,2,2,0
2025-03-05 10:13:32.731,4487.431025608415,322.9909704514343,43.21691261629933,-1.1780525118913077,-5.476555404606673,1.8085700528955075,2.316721750294118,0.6300998181890649,51.62735370568154,-272.5096917897119,READY,13.150588637710916,True,86.08238132849237,0,10,85.8019660799229,WARNING,HIGH,STANDBY,2,2,0
2025-03-05 10:13:32.762,4500.232637669638,323.5912308257705,43.33501794255012,-0.9059868336319497,-5.336674696633679,1.7883241603308129,2.4110191273327053,0.6280343313824487,51.590919608958465,-255.5321552568768,READY,13.109850281426155,True,86.11072400566134,0,10,85.79566979362156,WARNING,HIGH,STANDBY,2,2,0
2025-03-05 10:13:32.798,4489.29557158224,323.0727245751259,42.849919920849274,-0.9275477680651256,-5.162687628066611,1.7410641636983928,2.4381762284451467,0.6228193028050201,51.5789880726597,-239.41939302778889,READY,13.300366427066061,True,86.08020238995857,0,10,85.70923974378984,WARNING,HIGH,STANDBY,2,2,0
2025-03-05 10:13:32.830,4487.354235068564,323.26211955795526,43.15494721717031,-0.6725115311086554,-5.257194296010129,1.7752570520741997,2.5192635002634494,0.6284452068843943,51.56003428968541,-286.7674563058814,READY,13.382434299262705,True,86.0718551144425,0,10,85.35511994815518,WARNING,HIGH,STANDBY,2,2,0
2025-03-05 10:13:32.864,4504.057510236666,323.41570882706054,42.91776125645281,-0.9314465381285275,-5.320255178067428,1.786786624359934,2.497103940951699,0.6344205161130564,51.51612172360742,-252.30259224381666,READY,13.434803810123004,True,86.17391001156496,0,10,84.8920320477446,WARNING,HIGH,STANDBY,2,2,0
2025-03-05 10:13:32.900,4500.101777161195,322.2242423782179,42.61060863755258,-1.091075059740263,-5.661754373732403,1.8180090454724527,2.5865686496383518,0.6356153617313267,51.50407765712396,-299.83078838620656,READY,13.249574531125184,True,86.1792298208452,0,10,85.2674253142296,WARNING,HIGH,STANDBY,2,2,0
2025-03-05 10:13:32.932,4490.248899571609,323.0310190128704,42.2662187125162,-1.3405974429370446,-5.504637228597209,1.823406074666327,2.6416027896283434,0.6286581097214378,51.47240548783167,-297.67080367723537,READY,13.246989586313127,True,86.15000599713525,0,10,85.40244564591967,WARNING,HIGH,STANDBY,2,2,0
2025-03-05 10:13:32.964,4484.140127856505,324.90687097835644,42.3683311083144,-1.289497372773188,-5.149586788820818,1.8148466530665417,2.693274591320067,0.6210468883481787,51.432762748187656,-306.07501759056686,READY,13.417324609342364,True,86.12419656135123,0,10,85.17200316472967,WARNING,HIGH,STANDBY,2,2,0
2025-03-05 10:13:33.000,4496.145311869909,323.382296884012,41.91388837425604,-1.423953305367176,-4.804020912564393,1.8042283805872197,2.7021410515503677,0.6157316870729057,51.419776388308975,-285.6229638940874,READY,13.600738677015167,True,86.10259872461626,0,10,85.11919152204051,WARNING,HIGH,STANDBY,2,2,0
2025-03-05 10:13:33.032,4511.262119134818,324.00834691296836,41.59665904995608,-1.6483398415576302,-4.316501132229964,1.8206480109453391,2.6169052869310856,0.6150445803372794,51.38270051196605,-252.3163072459398,READY,13.684257136935466,True,86.076201817757,0,10,84.8243079105936,WARNING,HIGH,STANDBY,2,2,0
2025-03-05 10:13:33.064,4492.081047534768,322.7243477209205,41.95540350830421,-1.7593417723178713,-4.551201283771729,1.7764477495176627,2.711021829014441,0.6155450362500346,51.353625701785624,-224.29892264195837,READY,13.806198565441175,True,86.12719849729521,0,10,84.51466686903031,WARNING,HIGH,STANDBY,2,2,0
2025-03-05 10:13:33.100,4482.12541301541,322.41700129929256,42.0218007272071,-2.0431621116740653,-4.931497342148976,1.8229032973313435,2.6798367674947587,0.6166162434866816,51.32225284807815,-233.75044019851742,READY,13.749991494928471,True,86.22801289990257,0,10,84.65811811320907,WARNING,HIGH,STANDBY,2,2,0
2025-03-05 10:13:33.132,4462.272822388776,323.0184450447285,41.960304030688114,-2.3111501324782453,-5.048177382117819,1.8152596378218853,2.7140616255236703,0.6138868264694265,51.28402666264532,-192.1575915855787,READY,13.856250756682176,True,86.20422600187547,0,10,85.12729516693443,WARNING,HIGH,STANDBY,2,2,0
2025-03-05 10:13:33.165,4461.803910225323,321.10413064186434,42.19487546132092,-2.3099020915312742,-4.9444824723923935,1.7851561347327505,2.790598570997175,0.6038923625764113,51.25179119943764,-185.15374957509022,READY,13.733646021181723,True,86.08729388171265,0,10,85.46009935913298,WARNING,HIGH,STANDBY,2,2,0
2025-03-05 10:13:33.197,4475.709561925168,322.7715857966163,41.93054281373374,-2.151434072936345,-4.610450162761533,1.7820231288922146,2.825603415879514,0.6035730899295157,51.21962001159883,-202.76332962971776,READY,13.732642067126669,True,85.91848816812634,0,10,85.94982111194007,WARNING,HIGH,STANDBY,2,2,0
2025-03-05 10:13:33.231,4495.5830171641355,320.89192436388817,42.30747085356522,-2.0077594028441625,-4.113877856943914,1.7346975105570774,2.865019317127952,0.5982817109504162,51.19707079846413,-186.65191087723608,READY,13.700071432419096,True,85.80360341298244,0,10,86.2936052656419,WARNING,HIGH,STANDBY,2,2,0
2025-03-05 10:13:33.258,4505.0734509040485,322.6165623364169,42.571739578375926,-1.7767615966628285,-4.064266168639534,1.719704204987106,2.8946209367673887,0.6033662569823542,51.1689598512412,-232.47547428399378,READY,13.757279702783578,True,85.97112164435586,0,10,86.35124227361456,WARNING,HIGH,STANDBY,2,2,0
2025-03-05 10:13:33.294,4512.679529646692,323.5286860983182,42.827175122075246,-1.9422560496962162,-4.192440754602497,1.762285955348977,2.7975684033433645,0.6047821330940265,51.126435669313175,-253.3791217043443,READY,13.58026240333564,True,86.04065757049574,0,10,86.57261269010874,WARNING,HIGH,STANDBY,2,2,0
2025-03-05 10:13:33.328,4500.160862178397,324.1379491494657,42.56663003496525,-2.0577741423730678,-4.171295395635249,1.77262417123773,2.781594009584698,0.6039010250574454,51.10423876489883,-241.69500959498467,READY,13.515190896636494,True,86.20910857453461,0,10,86.85869135861022,WARNING,HIGH,STANDBY,2,2,0
2025-03-05 10:13:33.358,4514.2110644331615,322.5289515443445,42.86324759418002,-2.1380856520057496,-4.66894070574732,1.7416325066286278,2.705613453367162,0.5960587078753441,51.06457257192972,-268.25030555951776,READY,13.417819080820276,True,86.10726997836944,0,10,86.66905567135404,WARNING,HIGH,STANDBY,2,2,0
2025-03-05 10:13:33.395,4527.316887002903,323.83456807258017,42.766573735220874,-1.9439606562033125,-4.92121661555306,1.7537926542410056,2.715076286656072,0.6026928995269794,51.02023251811892,-235.16505826990044,READY,13.348654386743357,True,86.28376335754665,0,10,87.09930247282098,WARNING,HIGH,STANDBY,2,2,0
2025-03-05 10:13:33.437,4543.107838624994,325.4608645076238,43.221676105735504,-1.6692574766632926,-4.522363383697478,1.7164002718166462,2.7276047747476198,0.6079997361051988,50.97955610562539,-188.49839619779075,READY,13.302597041963574,True,86.12844626209241,0,10,87.55965601556237,WARNING,HIGH,STANDBY,2,2,0
2025-03-05 10:13:33.473,4529.218754581412,325.74663384247157,43.37118158139353,-1.3720821416563174,-4.9576587786362465,1.7263210370242776,2.6523694381713594,0.6126387995830334,50.94862462121234,-207.88451464605316,READY,13.302597041963574,False,86.03535445058873,0,10,87.45031072247579,WARNING,HIGH,STANDBY,2,2,0
2025-03-05 10:13:33.506,4532.7090512609775,324.0545425612143,43.50881526120027,-1.6049612163316018,-4.66811810873109,1.7585823544721682,2.730357868160651,0.6194370224336414,50.90542290889487,-187.62487102535772,READY,13.302597041963574,False,85.94334035013122,0,10,86.99227327723757,WARNING,HIGH,STANDBY,2,2,0
2025-03-05 10:13:33.539,4520.822590029484,323.4169712866738,43.03185692623362,-1.406810020876456,-4.634439301466984,1.748191530327328,2.6309089748881136,0.626574197335807,50.86168634769886,-152.86553878697958,READY,13.302597041963574,False,86.03445797656985,0,10,87.05325062335443,WARNING,HIGH,STANDBY,2,2,0
2025-03-05 10:13:33.574,4520.433298514583,323.8300880884886,43.52306036508657,-1.3709287732414208,-4.892850002725675,1.742618829184259,2.7043771330462714,0.6171349500487404,50.81693184340123,-190.05066746322927,READY,13.302597041963574,False,85.84627487907792,0,10,86.64116328332607,WARNING,HIGH,STANDBY,2,2,0
2025-03-05 10:13:33.606,4514.449729799737,324.8674776979923,43.35763062285486,-1.564839517312924,-4.838057358837438,1.7759986708532758,2.6595450705895436,0.6200501434560823,50.78854746897137,-179.72334140153197,READY,13.302597041963574,False,85.82456858561325,0,10,86.44105803073717,WARNING,HIGH,STANDBY,2,2,0
2025-03-05 10:13:33.638,4522.2593366705805,323.55613818100585,43.208066568953946,-1.2838715064538537,-4.989179716685263,1.7311740867270495,2.641413467193564,0.621016881979659,50.74159449421356,-183.6934542901433,READY,13.302597041963574,False,85.71169446101581,0,10,86.36518576192097,WARNING,HIGH,STANDBY,2,2,0
2025-03-05 10:13:33.674,4512.186047663704,322.4979853846329,43.282096457114505,-1.472781264615376,-5.155563174822393,1.716366088274878,2.6068730312687527,0.6142127722501235,50.69861804512204,-207.7006385251151,READY,13.302597041963574,False,85.841775996361,0,10,86.08563166529113,WARNING,HIGH,STANDBY,2,2,0
2025-03-05 10:13:33.706,4514.095355383254,324.0472078395705,42.854217026941996,-1.226384797960194,-5.399578872643319,1.7038916218050952,2.5446211565354093,0.6229491382725495,50.65063530284518,-161.2533827020814,READY,13.302597041963574,False,85.69428597786805,0,10,86.1668033971184,WARNING,HIGH,STANDBY,2,2,0
2025-03-05 10:13:33.730,4497.641943137229,323.5761597793169,43.14068248769376,-1.1450293473437285,-5.205673182315092,1.6931461638334155,2.454025198408533,0.629980935641482,50.60559979208609,-112.31688834134651,READY,13.302597041963574,False,85.53195902930155,0,10,86.22173196020515,WARNING,HIGH,STANDBY,2,2,0
2025-03-05 10:13:33.767,4499.155603234793,324.6053453635818,42.65581742913404,-0.9338283105020371,-5.438084978241983,1.7156417867975555,2.5068825697457204,0.6260870392666299,50.58898749278907,-83.32802823587595,READY,13.302597041963574,False,85.57120106024358,0,10,86.58222728993826,WARNING,HIGH,STANDBY,2,2,0
2025-03-05 10:13:33.798,4510.074953095696,326.2409609182704,42.655947727334976,-1.086281929823105,-5.8611051280705855,1.6761338887655735,2.4089918670581216,0.6176928221828794,50.55608316052579,-44.973895151216425,READY,13.302597041963574,False,85.74956724181614,0,10,86.76850414872341,WARNING,HIGH,STANDBY,2,2,0
2025-03-05 10:13:33.830,4517.838324704827,324.9879726037382,43.05084374785041,-0.970671980716761,-5.996723549682681,1.700135360482708,2.316660076022944,0.6083987475061288,50.533820625351794,-55.01029768860004,READY,13.302597041963574,False,85.66692169741079,0,10,86.50109107068708,WARNING,HIGH,STANDBY,2,2,0
2025-03-05 10:13:33.867,4511.924739814839,324.47796396040764,43.46744724681205,-0.6816627178666599,-6.294131702524361,1.7330767001483318,2.3046611374570465,0.6094096387744664,50.50188513546615,-33.91159141684022,READY,13.302597041963574,False,85.67991328868177,0,10,86.02594670966548,WARNING,HIGH,STANDBY,2,2,0
2025-03-05 10:13:33.895,4497.905190785656,322.5607062110292,43.86205779683059,-0.8355255089120357,-6.609719358849131,1.7596401603888538,2.245125741538938,0.6143303086291659,50.48686599184855,5.426551133372904,READY,13.302597041963574,False,85.5676206900934,0,10,86.3654072219189,WARNING,HIGH,STANDBY,2,2,0
2025-03-05 10:13:33.927,4494.716939308914,324.4717623066069,44.33170128867494,-1.0045149732631304,-6.1684592435565655,1.7688311831799415,2.3312879339741257,0.6186280988746488,50.44082762028014,3.7362393857167433,READY,13.302597041963574,False,85.47808875072204,0,9,86.7110019961206,WARNING,HIGH,STANDBY,2,2,0
2025-03-05 10:13:33.965,4506.459524698183,322.66567406842233,44.76532103944251,-1.159317684209654,-6.1941332255473105,1.7936863374395158,2.252167154721325,0.6282569603331737,50.391981598884705,21.14064969018372,READY,13.302597041963574,False,85.34277241841515,0,9,86.25443242596695,WARNING,HIGH,STANDBY,2,2,0
2025-03-05 10:13:34.001,4509.246845779308,323.2479983000716,44.942572092377034,-1.2008603197351773,-6.377662959244538,1.8278144659521665,2.236942778080496,0.6267444542866364,50.37362243013281,40.789644895806404,READY,13.302597041963574,False,85.37769335333057,0,9,85.75523571042946,WARNING,HIGH,STANDBY,2,2,0
2025-03-05 10:13:34.032,4509.742084497915,323.9828563190566,44.96178927590482,-1.4815304646395766,-6.219175975650918,1.8356734290431063,2.137591887327208,0.6351968447293742,50.32993819417291,35.31384947180412,READY,13.302597041963574,False,85.2058072542057,0,9,85.40373403015417,WARNING,HIGH,STANDBY,2,2,0
2025-03-05 10:13:34.069,4494.184706684102,325.7271487653736,45.04364770068017,-1.727525880551819,-5.803626634658981,1.8601343138050617,2.1258403032908992,0.638461885803971,50.3106116852004,28.910454692810767,READY,13.302597041963574,False,85.1690378633042,0,9,85.1460754715391,WARNING,HIGH,STANDBY,2,2,0
2025-03-05 10:13:34.100,4489.190709549979,324.19289436569835,44.7649713124644,-1.783976230877657,-5.954389515081191,1.856126754320785,2.1305588146322676,0.6400331321573072,50.2652871903884,10.17800447948703,READY,13.302597041963574,False,85.12910421667924,0,9,85.05850182019613,WARNING,HIGH,STANDBY,2,2,1
2025-03-05 10:13:34.133,4505.273042551342,324.57487809554726,44.955333638614796,-1.9510869914457454,-6.172980512276081,1.842448626824031,2.111599736014293,0.6430216421789801,50.24508489638417,5.547117810624584,READY,13.302597041963574,False,85.18055017675017,0,9,85.36499744883793,WARNING,HIGH,STANDBY,2,2,1
2025-03-05 10:13:34.172,4521.688653713047,323.51537250859127,45.1023912909658,-1.6762249037934704,-6.025883519707291,1.8251529245943001,2.1722685616865816,0.6529673536136682,50.21109370589175,-23.27801522682423,READY,13.302597041963574,False,85.2207641113077,0,9,85.5400813021097,WARNING,HIGH,STANDBY,2,2,1
2025-03-05 10:13:34.203,4503.663712254288,323.0477167087386,45.124013778143926,-1.6891796041029954,-5.867022669588535,1.8501652931760386,2.210098654294423,0.6539291167254603,50.1840583721098,14.907808050923428,READY,13.302597041963574,False,85.24382257635136,0,10,85.45251285046497,WARNING,HIGH,STANDBY,2,2,1
2025-03-05 10:13:34.227,4522.252148096345,321.8935818820924,45.55705402376882,-1.5522591409144726,-5.731644034170278,1.8290040953804954,2.1123297299810346,0.656288155221317,50.156374543389596,-33.19660758305322,READY,13.302597041963574,False,85.40845868488061,0,10,85.26143670473294,WARNING,HIGH,STANDBY,2,2,1
2025-03-05 10:13:34.262,4538.901587789521,320.5562649088029,45.327838116261475,-1.8124111148451472,-5.788276200778391,1.7919797949377851,2.050911496248681,0.6588085445149493,50.117377369770686,-33.34390210311748,READY,13.302597041963574,False,85.49114048202499,0,10,84.95154414761606,WARNING,HIGH,STANDBY,2,2,1
2025-03-05 10:13:34.294,4557.92787230341,320.31918899277764,45.75599151853461,-1.7439050853597053,-5.9041687698373275,1.8399535423097753,2.1387741108707625,0.6673255706459779,50.08232134381917,-33.41639775208991,READY,13.302597041963574,False,85.29554583202379,0,10,85.03385358321155,WARNING,HIGH,STANDBY,2,2,1
2025-03-05 10:13:34.326,4551.228102522301,318.9158131049573,45.83034581959641,-1.848052442065573,-6.344510574399493,1.8550645330128461,2.1307906445668148,0.6665015804283472,50.03254597692376,-22.19121361058633,READY,13.302597041963574,False,85.16888736546207,0,10,85.22992708937834,WARNING,HIGH,STANDBY,2,2,1
2025-03-05 10:13:34.369,4557.483106230566,316.9320065099409,45.43881418458578,-2.0542314170529217,-6.419224151388714,1.809205944263047,2.0842277499600645,0.6723257885234325,49.985823734627715,19.828370498079906,READY,13.302597041963574,False,84.98857923944468,0,10,85.02390182906677,WARNING,HIGH,STANDBY,2,2,1
2025-03-05 10:13:34.407,4542.706554353078,318.6112019088094,45.03742905546068,-2.219810489298177,-6.376201515188458,1.7709380623627964,2.008207602703823,0.6689304888811013,49.970710033657454,46.82702452058281,READY,13.302597041963574,False,84.91583639855163,0,10,84.88233155216547,WARNING,HIGH,STANDBY,3,2,1
2025-03-05 10:13:34.433,4559.443958965674,318.9551087515312,44.761560187608744,-2.5069374099593933,-5.880889560319428,1.732356209422716,2.0156095296402277,0.6634524856422862,49.93233297243882,17.21632477762565,READY,13.302597041963574,False,84.94414059890586,0,10,85.27602426992793,WARNING,HIGH,STANDBY,3,2,1
2025-03-05 10:13:34.466,4551.049709666381,319.6972890467823,44.79570768053056,-2.3384916946601453,-5.536906814124117,1.712698795003631,2.0175578643165037,0.660772836463724,49.91686178868959,63.16215967426002,READY,13.302597041963574,False,85.03822341365017,0,10,85.4854131241878,WARNING,HIGH,STANDBY,3,2,1
2025-03-05 10:13:34.501,4566.1994842642025,319.67401168888637,44.3681954208103,-2.306062096441445,-5.412525396662793,1.7547470555548068,2.0922448263058264,0.6532636146742,49.89074285613773,30.283340689488973,READY,13.302597041963574,False,85.07521876509321,0,10,85.89552122697592,WARNING,HIGH,STANDBY,3,2,1
2025-03-05 10:13:34.533,4549.486075562582,319.8066257296093,44.73820194875237,-2.07663751162707,-5.133055435433832,1.778594756959322,2.1358299932684073,0.6534405475307723,49.84171175469404,0.41278805427698373,READY,13.302597041963574,False,85.27205082559453,0,10,85.43327726751424,WARNING,HIGH,STANDBY,3,2,1
2025-03-05 10:13:34.564,4566.924688487807,321.7180509780159,44.58224193429478,-2.187437335382986,-5.563655495256102,1.7604707214372834,2.055347564793485,0.6484310805065184,49.80949384849101,0.9404905351538524,READY,13.302597041963574,False,85.4271317569401,0,10,85.49530058806242,WARNING,HIGH,STANDBY,3,2,1
2025-03-05 10:13:34.594,4550.2646438798265,323.0552543176662,44.48654122929357,-2.048845071755486,-5.360617919252863,1.7120902390559132,2.110858489063899,0.638604590430634,49.781179831096175,-5.011378566859779,READY,13.302597041963574,False,85.2696035900763,0,10,85.08275458609769,WARNING,HIGH,STANDBY,3,2,1
2025-03-05 10:13:34.627,4553.694754305743,321.8269400139817,44.84426212525851,-2.321809979704038,-5.039382344024084,1.7317354817929507,2.0349261538868975,0.6412566132988997,49.75018865266566,-47.126822952346316,READY,13.302597041963574,False,85.24109399392759,0,10,84.72617342228213,WARNING,HIGH,STANDBY,3,2,1
2025-03-05 10:13:34.671,4548.537256354231,322.42105559517756,44.42749366986118,-2.3500837053745562,-4.717792261343694,1.7800407506226519,2.1163019425272727,0.6411511652428419,49.716784752415855,-39.137860630150456,READY,13.302597041963574,False,85.27133018634834,0,10,85.00188253551399,WARNING,HIGH,STANDBY,3,2,1
2025-03-05 10:13:34.703,4556.857424099058,320.44795066705933,44.18736074330896,-2.2436479019133024,-4.510603614927504,1.778233313968984,2.1234982820081,0.6418918823945636,49.703484291346264,-22.362460242373643,READY,13.302597041963574,False,85.09112527226918,0,10,84.84352470073303,WARNING,HIGH,STANDBY,3,2,1
2025-03-05 10:13:34.735,4554.5103531656905,320.53809167893155,44.315029991781344,-2.4043810956626754,-4.244781898088008,1.7335545652561617,2.0960205915530175,0.643392541044356,49.68137383627949,-3.4466009990646853,READY,13.302597041963574,False,84.92535439860019,0,10,84.64657507661477,WARNING,LOW,STANDBY,3,2,1
2025-03-05 10:13:34.765,4567.2082412850605,321.3915294767943,44.80703530660924,-2.2171597539459,-4.2404628564952915,1.7447540220860016,2.052766905160887,0.65322373868405,49.66418154009843,-8.145022542156063,READY,13.302597041963574,False,85.00212612013786,0,10,84.54515334535195,WARNING,LOW,STANDBY,3,2,1
2025-03-05 10:13:34.794,4566.025828157154,320.6775397420202,44.95417516074017,-1.9909553542479095,-4.150358715536569,1.7447088916128328,2.1241005000010533,0.6528632634737717,49.62633918511444,-14.65635741487656,READY,13.302597041963574,False,85.17199100326474,0,10,85.0171577172541,WARNING,LOW,STANDBY,3,2,1
2025-03-05 10:13:34.827,4578.223923942405,319.55201148704896,45.21802341210942,-1.963566507726718,-3.806574934965999,1.7865010151612306,2.156161061506254,0.6615195232999103,49.584935320868816,-46.62907165162241,READY,13.302597041963574,False,85.26706994739801,0,10,85.19637938970675,WARNING,LOW,STANDBY,3,2,1
2025-03-05 10:13:34.863,4577.51332667149,320.9648235438381,44.97579483566321,-2.200443833288012,-3.3286302635420304,1.7794930253790098,2.117452855835067,0.6528214009349816,49.54622288823992,-22.19048829874987,READY,13.302597041963574,False,85.103386787423,0,10,85.46609823676214,WARNING,LOW,STANDBY,0,2,1
2025-03-05 10:13:34.896,4571.662619530847,320.4820349311431,45.20165923034347,-2.052625923797501,-3.7427066344643456,1.7541518387665642,2.144140718154092,0.6565087368762748,49.498219465669706,-17.800880632070687,READY,13.302597041963574,False,85.07328086392464,0,10,84.98862012204047,WARNING,LOW,STANDBY,0,2,1
2025-03-05 10:13:34.927,4573.517017448433,319.8965777460855,45.62986822067221,-2.11287985533379,-3.659247747370452,1.7264091360267322,2.0636057450083887,0.6608742924192768,49.45801405237032,-50.246044807896254,READY,13.302597041963574,False,85.08068088686845,0,10,84.99216093174134,WARNING,LOW,STANDBY,0,2,1
2025-03-05 10:13:34.964,4568.272194402526,320.73868065117495,45.47819435390971,-1.8514947870054703,-4.029780289534282,1.7489708951351817,2.097953217831998,0.657954827781909,49.42344298968422,-79.81983996878067,READY,13.302597041963574,False,84.91471401581805,0,10,84.78175187199493,WARNING,LOW,STANDBY,0,2,1
2025-03-05 10:13:34.994,4564.042578739976,320.8226615505204,45.722786177271544,-1.552305985698869,-4.345574215442197,1.732659294495796,2.0692459651480632,0.6545788280084802,49.399965339781666,-51.15512803170418,READY,13.302597041963574,False,85.06960241716035,0,10,85.0274580544723,WARNING,LOW,STANDBY,0,2,1
2025-03-05 10:13:35.026,4561.451515744528,321.52020262067197,46.18950789214581,-1.467146232212931,-3.8901752150536093,1.7252699338962132,2.040697636226506,0.6478857148677009,49.3562139424106,-82.30950412435347,READY,13.302597041963574,False,85.05404038551784,0,10,84.81618037286633,WARNING,LOW,STANDBY,0,2,1
2025-03-05 10:13:35.074,4556.038939475414,320.3261348877186,46.488640156664495,-1.6690775792902743,-3.51428135349233,1.6890405019179737,2.0430175025050965,0.6447850917841959,49.31377247365548,-115.48230187103809,READY,13.302597041963574,False,84.95291880634151,0,10,84.57110173495397,WARNING,LOW,STANDBY,0,2,1
2025-03-05 10:13:35.107,4541.7629197783635,320.30815976427243,46.72719028713294,-1.4299765050033142,-3.071512282079719,1.6577566536433532,2.058878872679165,0.6506930442638447,49.264782371918436,-141.8808105108875,READY,13.302597041963574,False,84.76024262224578,0,10,85.02321755557577,WARNING,LOW,STANDBY,0,2,1
2025-03-05 10:13:35.139,4551.474606058926,320.7468192018643,46.63670738944992,-1.2337477121539266,-3.265938673010557,1.7007680231553772,1.9635421878489678,0.6478250487637657,49.25289770476894,-160.93316288479227,READY,13.302597041963574,False,84.75371232552564,0,10,84.7646119492864,WARNING,LOW,STANDBY,0,2,1
2025-03-05 10:13:35.169,4560.431681621781,320.21479316447875,46.39612298785914,-1.3379535092680905,-3.42985245526131,1.6682192942822187,1.9016134848034307,0.6453312314242862,49.21743326415292,-185.0568927445263,READY,13.302597041963574,False,84.73288900598631,0,10,84.58175627689153,WARNING,LOW,STANDBY,0,2,1
2025-03-05 10:13:35.195,4555.030877843584,320.3863605951035,46.020249329826314,-1.1617277074641366,-3.8372525337982033,1.706808560801271,1.9189011341658564,0.6379537752524991,49.186642184692154,-232.12626099833426,READY,13.302597041963574,False,84.67562286233505,0,10,85.0038750219323,WARNING,LOW,STANDBY,0,2,1
2025-03-05 10:13:35.227,4572.563213392618,319.7739404077445,46.274443851000385,-0.9758162587812766,-4.283913336823813,1.712789024402831,1.9237606747727405,0.6341625601102746,49.15411513883442,-253.82984809930431,READY,13.302597041963574,False,84.55601337027004,0,10,84.82661718179033,WARNING,LOW,STANDBY,0,2,1
2025-03-05 10:13:35.264,4587.793510503645,320.73134920765233,46.417090398809584,-0.7524001846818387,-4.2789612583516785,1.752152241028266,1.8562058245443274,0.6424485321525214,49.1371103724382,-283.05107080680216,READY,13.302597041963574,False,84.36965181866852,0,10,84.50261590204234,WARNING,MEDIUM,STANDBY,0,2,1
2025-03-05 10:13:35.294,4570.813883676356,320.6773539700371,46.87057340740736,-0.6317370847740911,-4.066517745443839,1.751243175016718,1.9443505789102264,0.6481737471045759,49.11025753233445,-315.27912118110396,READY,13.302597041963574,False,84.28856009220922,0,10,84.54946089444998,WARNING,MEDIUM,STANDBY,0,2,1
2025-03-05 10:13:35.326,4555.828508441575,321.9185706953942,46.45571852944445,-0.5545600411232736,-4.174511160248021,1.7591324819468028,1.8706873495692486,0.6520737366965672,49.08856951489345,-335.54367020841494,READY,13.302597041963574,False,84.33581913006702,0,10,84.19527676921331,WARNING,MEDIUM,STANDBY,0,1,1
2025-03-05 10:13:35.366,4568.397993794955,322.0722434025053,46.51889976687062,-0.8113761458204212,-4.5375140592657,1.793478259990907,1.8960371334255528,0.651518086260245,49.04857777398215,-297.9074969894634,READY,13.302597041963574,False,84.25243358759833,0,10,83.76840866390789,WARNING,MEDIUM,STANDBY,0,1,0
2025-03-05 10:13:35.398,4584.195090981759,323.8727032061067,46.3167287753557,-0.5415235047474094,-4.301081835052762,1.8340131826548989,1.8034129927716287,0.6560397626153377,49.02292271596852,-346.2755499852431,READY,13.302597041963574,False,84.33312189915904,0,10,84.01329001074612,WARNING,MEDIUM,STANDBY,0,1,0
2025-03-05 10:13:35.432,4596.879827324936,323.5095707569305,46.71712862542319,-0.6734060201474628,-4.557029797172253,1.8673860848420933,1.730597960131779,0.6549471407396285,49.00720239986487,-366.8321746404868,READY,13.302597041963574,False,84.26953630429735,0,10,83.64625183238488,WARNING,MEDIUM,STANDBY,0,1,0
2025-03-05 10:13:35.466,4604.011293446503,322.734065171358,46.27171645118782,-0.9136794858116593,-4.15628422682823,1.8188801629462907,1.680993652439223,0.6534227157685523,48.962814320872205,-381.0953542918868,READY,13.302597041963574,False,84.37556768938921,0,10,83.870040604173,WARNING,MEDIUM,STANDBY,0,1,0
2025-03-05 10:13:35.495,4589.094531504803,320.8129640213151,45.9968414103039,-0.739134506431327,-4.030316370931878,1.8625555141862584,1.6816142253138675,0.6497871976935976,48.92390643953822,-413.4314185572483,READY,13.302597041963574,False,84.22880316256743,0,10,84.29173382954272,WARNING,MEDIUM,STANDBY,0,1,0
2025-03-05 10:13:35.531,4576.218169847148,319.39258595759173,46.194181972404074,-0.8568106556690086,-3.6277345313358778,1.8245209706797056,1.663367464907592,0.6550264975501007,48.90172616920755,-441.8953173556012,READY,13.302597041963574,False,84.25602266099918,0,10,84.50810674527894,WARNING,MEDIUM,STANDBY,0,1,0
2025-03-05 10:13:35.577,4596.120144301274,319.21098779005536,45.803969188383896,-0.9845821246994673,-3.3234534640285585,1.8613154020764928,1.7136675960697132,0.6594564406244952,48.87582717402763,-469.9672548941794,READY,13.302597041963574,False,84.37681097542809,0,10,84.35055568410729,WARNING,MEDIUM,STANDBY,0,1,0
2025-03-05 10:13:35.607,4586.714291024008,317.33699958103387,45.43499297659923,-0.8423895913435809,-3.1215689527675914,1.836776391786771,1.6968023722624423,0.6657975443131019,48.840402305650514,-480.97328788663134,READY,13.302597041963574,False,84.43244339075734,0,10,84.26824414349744,WARNING,MEDIUM,STANDBY,0,1,0
2025-03-05 10:13:35.642,4572.0071939151085,315.9829063402331,45.61180791776734,-0.6561168357134595,-3.600040014860932,1.8221598909116263,1.6667591320046897,0.6581928463531874,48.82198706429677,-460.95044658711373,READY,13.302597041963574,False,84.4432277682557,0,10,84.23757999235855,WARNING,MEDIUM,STANDBY,0,1,0
2025-03-05 10:13:35.673,4575.476628462329,317.00923187555026,45.8814492238419,-0.6172205136701632,-3.5332531697507776,1.7932669982451048,1.5943073408230382,0.6509283331009271,48.79418731881744,-427.9192481195721,READY,13.302597041963574,False,84.42184537751822,0,10,83.9897425518085,WARNING,MEDIUM,STANDBY,0,1,0
2025-03-05 10:13:35.700,4562.0141498659,316.8202180199008,46.046100391518785,-0.8692064394771507,-3.307627673187822,1.8248059927784366,1.6108144904758392,0.6508489476004459,48.75125689693207,-453.9676227311893,READY,13.302597041963574,False,84.5973747852329,0,10,83.56340593014954,WARNING,MEDIUM,STANDBY,0,1,0
2025-03-05 10:13:35.736,4559.368310776236,315.40833442015025,45.588101045749816,-1.0070474350545704,-3.200604107518717,1.8303624777918446,1.5515367435008298,0.6584404462827482,48.703535142090985,-498.3626843010122,READY,13.302597041963574,False,84.73125117275835,0,10,83.88658419812778,WARNING,MEDIUM,STANDBY,0,1,2
2025-03-05 10:13:35.768,4556.5861986740865,314.42118467171275,45.19898528298351,-1.0247049393781624,-3.614256809362222,1.8304695067401888,1.610110381875821,0.6568928380470868,48.671266964249256,-493.1774235046154,READY,13.302597041963574,False,84.65365632893695,0,10,84.1101261655454,WARNING,MEDIUM,STANDBY,0,1,2
2025-03-05 10:13:35.802,4550.370976069178,315.52524820408183,45.16401348236711,-0.9013748736082581,-4.021712094430863,1.784148466256761,1.6285003688586783,0.6623783285065181,48.64230812328308,-485.5683854475581,READY,13.302597041963574,False,84.60307606343943,0,10,83.75743152473873,WARNING,MEDIUM,STANDBY,0,1,2
2025-03-05 10:13:35.831,4538.8295954897485,317.47684608798016,45.296003266659994,-0.721982515470233,-4.470368317027474,1.8288358324553697,1.7205149729612943,0.6645273160530036,48.627325745767074,-530.770536495839,READY,13.302597041963574,False,84.46251323040484,0,10,84.03564003433415,WARNING,MEDIUM,STANDBY,0,1,2
2025-03-05 10:13:35.866,4554.571173493716,317.06233274321545,45.739977786404424,-0.5719778323109187,-4.633925712354629,1.857708261448305,1.771088978670275,0.6714678988789735,48.61443505915051,-548.4895869790072,READY,13.302597041963574,False,84.44906684091912,0,9,84.48334114813827,WARNING,MEDIUM,STANDBY,0,1,2
2025-03-05 10:13:35.900,4551.137358500818,318.3279447338384,45.69143648476746,-0.8448238137219173,-4.1931561463667935,1.8628072927247514,1.6858353272819389,0.6723944742542265,48.56989119724895,-524.503914809247,READY,13.302597041963574,False,84.55879663609161,0,9,84.1330386764902,WARNING,MEDIUM,STANDBY,0,1,1
2025-03-05 10:13:35.936,4533.449723643541,320.1295140612386,45.37189127105584,-1.116341707479085,-4.38251555868807,1.8928630636903114,1.633687379894037,0.6740475500430625,48.52462997622055,-530.9597440147763,READY,13.302597041963574,False,84.4385102322847,0,9,83.73817425230712,WARNING,MEDIUM,STANDBY,0,1,1
2025-03-05 10:13:35.964,4547.009552461052,321.2539209740767,45.31479336575008,-1.1676669706285452,-3.985961552752559,1.9407240624591733,1.6066366997182395,0.6771087470718289,48.4790913897462,-529.382315923869,READY,13.302597041963574,False,84.49897485926975,0,9,83.33280022514363,WARNING,MEDIUM,STANDBY,0,1,1
2025-03-05 10:13:35.996,4545.448609847646,320.72264782899106,45.06923317234529,-1.3551876728761494,-4.363879894823864,1.9517306500321663,1.5624661235766666,0.6859637636559781,48.456979956917834,-548.3948572864732,READY,13.302597041963574,False,84.48358251474798,0,9,82.93915766725786,WARNING,MEDIUM,STANDBY,0,1,1
2025-03-05 10:13:36.032,4546.372842617308,320.79561320537255,44.57134426712763,-1.4555686505848628,-3.8714948492700896,1.9774208236098694,1.5583913126587314,0.6840292108431891,48.444264934972495,-499.0033666260871,READY,13.302597041963574,False,84.36742730796314,0,9,82.97613710206328,WARNING,MEDIUM,STANDBY,0,1,1
2025-03-05 10:13:36.063,4548.635139627581,321.21014330013935,44.34855286073667,-1.6636147343910133,-4.06225319885897,2.026968126800948,1.583596438910998,0.689043494784988,48.432582138505715,-531.4825768688379,READY,13.302597041963574,False,84.2393884194946,0,9,83.3323033829902,WARNING,MEDIUM,STANDBY,0,1,1
2025-03-05 10:13:36.096,4539.779799034011,319.94086067767256,44.46882305291791,-1.4045442852359673,-4.2890200027118395,1.9798144400037831,1.6419360316568639,0.6795549521506276,48.392135757075245,-495.8754219830781,READY,13.302597041963574,False,84.25755914863367,0,9,83.45727606401601,WARNING,MEDIUM,STANDBY,0,1,1
2025-03-05 10:13:36.131,4524.126739542285,320.9842714500103,44.121920023076626,-1.3667494097948707,-3.8338834580814174,1.9885860747799466,1.6036193994562171,0.687999122793806,48.35504794434638,-501.1454804241026,READY,13.302597041963574,False,84.1988045778754,0,9,83.83135737140957,WARNING,MEDIUM,STANDBY,0,1,1
2025-03-05 10:13:36.162,4514.527010877291,322.72188243000727,43.723601155351766,-1.2547176229393073,-4.2159671254315345,1.954842188532281,1.7014515906926924,0.6926578647991862,48.316576248856016,-474.72840217085184,READY,13.302597041963574,False,84.04413140704251,0,9,84.27765003660502,WARNING,MEDIUM,STANDBY,0,1,3
2025-03-05 10:13:36.194,4500.7805727390905,320.7654026579435,43.94760215640632,-1.0603716437681783,-3.8825573859028655,1.9465908092577626,1.6395458632936475,0.6866849447199207,48.27563491292364,-470.25700785073155,READY,13.302597041963574,False,84.04415731471501,0,9,83.89330568058517,WARNING,MEDIUM,STANDBY,0,1,1
2025-03-05 10:13:36.231,4487.554026059889,321.22799789494513,43.99573939094097,-1.1885699957380669,-4.222791637852337,1.9897028792199054,1.6868330417892652,0.6930446047667521,48.227379122005736,-437.44241113484185,READY,13.302597041963574,False,84.2385242239927,0,9,84.30927419347866,WARNING,MEDIUM,STANDBY,0,1,1
