timestamp,altitude,airspeed,heading,pitch,roll,g_force,aoa,mach,fuel,vertical_speed,weapon_status,target_distance,target_locked,waypoint_bearing,waypoint_distance,radar_contacts,engine_temp,system_status,threat_level,ecm_status,symbol_attack,symbol_defense,symbol_navigation
2025-03-04 23:06:06.222,4988.256748592529,320.3981647574226,45.411628969259034,-0.17077897267336928,-0.36378650732296236,1.0018053272215715,2.433297700428715,0.754283580579762,69.96459351848787,28.483038442697165,READY,12.5,False,84.94986994329729,44.94246227783133,2,84.9419230804978,NOMINAL,LOW,STANDBY,0,1,2
2025-03-04 23:06:06.245,4969.905809025428,321.7973486803333,45.11785400772234,0.06337105481280386,-0.2610032223753682,1.0128255312080214,2.4352207965940065,0.745496670404696,69.9194113374593,19.899025211366684,READY,12.5,False,84.94650071195687,44.85127092489533,2,84.45386754856963,NOMINAL,LOW,STANDBY,0,1,2
2025-03-04 23:06:06.274,4964.676177006338,323.59419961134637,44.62516251095529,0.21855088272215667,-0.7396111651056261,0.9756142157623784,2.4899056000791058,0.7419708634259269,69.87887352835388,19.83186240903995,READY,12.5,False,84.85507375835289,44.76034284537364,2,84.43312648019905,NOMINAL,LOW,STANDBY,0,1,2
2025-03-04 23:06:06.305,4977.966907499782,321.666909629996,44.15121723439245,-0.06490538542191288,-0.46524792853516295,0.9509165477586233,2.5657557862448477,0.7325338235913476,69.854402450194,47.15541621870917,READY,12.5,False,85.0115197000451,44.66089820454239,2,83.94753470918104,NOMINAL,LOW,STANDBY,0,1,2
2025-03-04 23:06:06.342,4987.929406112671,322.7612903758468,44.61521611854083,0.07157445030712611,-0.6822571095811313,0.9160977955306887,2.645101072213871,0.7253506337319293,69.81087576037558,44.533563968326135,READY,12.5,False,85.03784851477106,44.595105332408416,2,83.64657792398623,NOMINAL,LOW,STANDBY,0,1,2
2025-03-04 23:06:06.373,4989.87642520602,323.7120010748711,44.57294332087154,0.19868735461030146,-0.864980071163087,0.9127539616233786,2.672709857449051,0.7266516467267309,69.7647484801885,66.35772637493592,READY,12.5,False,84.93518798993507,44.499364376219006,2,83.39143106428209,NOMINAL,LOW,STANDBY,0,1,2
2025-03-04 23:06:06.405,5004.3407790433685,322.12340232720163,44.72450513389186,0.22819464174030551,-0.4416702190701284,0.886566818735654,2.681992665704843,0.7168953546680275,69.71713798023777,51.31139588767035,READY,12.5,False,85.07510496950394,44.42314664283266,2,83.3642870395626,NOMINAL,LOW,STANDBY,0,0,2
2025-03-04 23:06:06.442,4996.256189635393,320.8086630189006,44.52624540630598,0.47240799229309016,-0.547807262025261,0.8595074937212944,2.587664021516983,0.7207477105553769,69.66941039241111,69.53289403564168,READY,12.5,False,85.12047300683136,44.33507936755238,2,83.25043462950333,NOMINAL,LOW,STANDBY,0,0,2
2025-03-04 23:06:06.477,5000.6118285594275,319.07926747579705,44.4369167083184,0.5750258966340477,-0.09253025488218392,0.8608300702756646,2.6444102305594788,0.7224782271270537,69.63722171323141,113.78183597997418,READY,12.5,False,84.99733708998876,44.28421936377398,2,82.78995418382307,WARNING,LOW,STANDBY,0,0,2
2025-03-04 23:06:06.507,4980.934332414158,319.5131718423752,44.34406634145971,0.8597960481644462,-0.09504231693295173,0.8182760230361746,2.6178945028087623,0.7209397307624925,69.60046035687454,64.54732843807975,READY,12.5,False,84.88990720788863,44.20189554642226,2,83.13272215477359,WARNING,LOW,STANDBY,0,0,2
2025-03-04 23:06:06.547,4980.658998824197,320.7505334338699,44.63096615402439,0.827481510909883,-0.07141306733432218,0.8298788059562779,2.65957650293835,0.7168074410293523,69.58469554879025,92.03217562161254,READY,12.5,False,84.87851110613173,44.10963517440538,2,82.682152789392,WARNING,LOW,STANDBY,0,0,2
2025-03-04 23:06:06.577,4984.357298932734,320.27010235362087,44.70173846547503,1.055318521419548,-0.48537129128143786,0.849072183556309,2.616276167692027,0.7120932585452303,69.5451433083999,91.36357740769623,READY,12.5,False,84.69628272825997,44.04761331821517,2,83.07224869563818,WARNING,LOW,STANDBY,0,0,2
2025-03-04 23:06:06.610,5001.293233895267,320.6313441522103,44.911038748518685,0.9844337266215047,-0.22226067502064883,0.8137303286409805,2.597083085814157,0.7210507255115919,69.51412858562843,71.70410840831163,READY,12.5,False,84.54518814322361,43.96107956012477,2,82.70246394132289,WARNING,LOW,STANDBY,0,0,2
2025-03-04 23:06:06.644,5013.151410574383,318.7405256295915,45.001816540871665,0.772655168034734,-0.4052818211777889,0.8082700594340209,2.6334514006963206,0.7240956041887143,69.46769546020751,75.86504301798031,READY,12.5,False,84.50869544167433,43.86487865705132,2,82.66911704542969,WARNING,LOW,STANDBY,0,0,2
2025-03-04 23:06:06.678,5005.285064625133,317.9312782098867,44.96263541582354,0.6261368871259283,0.01835648817929214,0.7937077167447534,2.568923978653567,0.7196029204837501,69.42884041904207,78.97611076437101,READY,12.5,False,84.59731545274818,43.77908625776799,2,82.91862188662289,WARNING,LOW,STANDBY,0,0,2
2025-03-04 23:06:06.706,5016.417548745867,316.2269304362864,45.021485422150334,0.5570716695953976,-0.3563078886344315,0.8302990299690298,2.618780355894133,0.7242178474756265,69.40807877016661,79.68097223674323,READY,12.5,False,84.76033491008981,43.68855100126134,2,82.5426579829724,WARNING,LOW,STANDBY,0,0,2
2025-03-04 23:06:06.742,5000.784490409348,314.9843217628638,45.259468640281376,0.26581015672817965,-0.14500171937770034,0.8652172171756652,2.690113825731082,0.7181726857431229,69.36918417080024,104.51308937787451,READY,12.5,False,84.76703733815565,43.638367276329596,2,82.44517371430172,WARNING,LOW,STANDBY,0,0,2
2025-03-04 23:06:06.782,5008.048902542145,316.48170275439134,44.764144701700154,0.31502698435646376,0.15943275317397998,0.8347776704564444,2.6609910564186987,0.7180084734893296,69.32023639004399,120.59868367958185,READY,12.5,False,84.84105236325513,43.575331278298535,2,82.8412495243927,WARNING,LOW,STANDBY,0,0,2
2025-03-04 23:06:06.814,5023.044823391794,318.1471228716878,44.728729131298735,0.22478831587544945,0.4890196888180589,0.8351158179198029,2.643361783884961,0.7253156276693875,69.28236180340858,96.13431662430403,READY,12.5,False,84.76231096639577,43.48387672011428,2,82.63191419599619,WARNING,LOW,STANDBY,0,0,2
2025-03-04 23:06:06.850,5026.587686184343,316.47913517375304,45.098475667936654,0.23319604679068046,0.7422138590128237,0.8536777020523951,2.679115881522066,0.7325358253053676,69.2630218122978,58.46809634885239,READY,12.5,False,84.9262524378215,43.39307453785015,2,82.82527886752864,WARNING,LOW,STANDBY,0,0,2
2025-03-04 23:06:06.882,5007.7001328883935,314.88355734731806,45.58260180223381,-0.003414587337794317,1.1704900042950892,0.8873678302358663,2.679537760395839,0.7285855344918247,69.25119407791124,83.67231876682501,READY,12.5,False,84.99489682491544,43.31404311908721,2,82.40486521090686,WARNING,MEDIUM,STANDBY,0,0,2
2025-03-04 23:06:06.915,5010.636562534298,315.129005152955,45.4197528943023,-0.0928004898864703,1.4205451521569268,0.936797821951705,2.6457897814901123,0.7188097968529794,69.20845926597798,44.540652268396755,READY,12.5,False,85.01875194574133,43.252060448758925,2,82.40472928079681,WARNING,MEDIUM,STANDBY,0,0,2
2025-03-04 23:06:06.956,5026.07672914529,316.10464970090806,45.89327309231411,-0.028442957789889728,1.068275220937275,0.9181262347242781,2.573528714116662,0.7113690391905805,69.17212815039464,34.70374424730295,READY,12.5,False,84.89180938501946,43.19540290494422,2,82.14153546042736,WARNING,MEDIUM,STANDBY,0,0,2
2025-03-04 23:06:06.991,5015.861129143809,314.11843614964863,46.31693256004696,-0.009105336258194568,0.6392238133938991,0.9467284511759353,2.654614603622305,0.7212124687925036,69.15249266851777,6.403610920101592,READY,12.5,False,85.07193208135661,43.132885895386956,2,82.26339358678023,WARNING,MEDIUM,STANDBY,0,0,2
2025-03-04 23:06:07.017,5026.9591280777,315.3972398184582,45.88681939360198,0.19272220589507263,0.8607518949720038,0.9331944484018162,2.645466484217893,0.7231140032062752,69.13608243924304,33.63265818267066,READY,12.5,False,85.22139013305372,43.04394768991299,2,81.80949239218498,WARNING,MEDIUM,STANDBY,0,0,2
2025-03-04 23:06:07.050,5010.968005806613,314.02877664174184,45.577018219929705,0.056952559709714384,0.6620868530020687,0.9140013315510644,2.591626839165322,0.7254691684166765,69.10147628573732,-15.615093654592783,READY,12.5,False,85.10722926225121,42.985215503928735,3,82.18999749573462,WARNING,MEDIUM,STANDBY,0,0,2
2025-03-04 23:06:07.084,5000.071626237809,315.7357759722557,45.08941983740102,-0.2243842207280035,0.39367415701924724,0.8859043564012664,2.6557081422074527,0.7287397018042835,69.06647724501023,-33.73536031340387,READY,12.5,False,85.0799518044061,42.92669351419953,3,82.2566037688413,WARNING,MEDIUM,STANDBY,0,0,2
2025-03-04 23:06:07.119,5017.922127696905,314.6767165966432,45.527461339023525,-0.04343583432940509,0.6881768374765552,0.8595804418177169,2.6484015917759205,0.7354309440030782,69.02936584843894,-66.82164673448665,READY,12.5,False,85.06504049163364,42.829226505399475,3,82.17687442137867,WARNING,MEDIUM,STANDBY,0,0,2
2025-03-04 23:06:07.161,5000.025695717532,313.70951196503614,45.31604808497967,0.03143334249228266,1.0632445265588972,0.8508417016645172,2.685212688427162,0.7452697038735371,69.01090363567252,-30.537749748612356,READY,12.5,False,85.07904952374544,42.74139385827059,3,82.46486697077219,WARNING,MEDIUM,STANDBY,0,0,2
2025-03-04 23:06:07.185,4986.318082533074,315.6304745895047,45.01355387845704,0.2350055941146119,0.7833837205253541,0.83659646745953,2.6863860331047844,0.7477855352003926,68.98326620587781,-64.83205964938128,READY,12.5,False,85.04568730027229,42.68887654820329,3,82.8864714810236,WARNING,MEDIUM,STANDBY,3,0,2
2025-03-04 23:06:07.214,4974.453158646684,315.38529564316326,44.553532617250475,0.2977535205901789,0.3114147635690868,0.8143075036867747,2.751207136932382,0.7544722145602969,68.97281428109441,-67.74068376696965,READY,12.5,False,85.05218464193723,42.62706988734282,3,83.01018965995576,WARNING,MEDIUM,STANDBY,3,0,2
2025-03-04 23:06:07.245,4960.188005517062,314.9906987676304,44.41538651991749,0.13862627502966873,0.11009443570577082,0.8584804028906639,2.753955566312925,0.7520845929923702,68.95182575573163,-88.772610240214,READY,12.5,False,85.11789159894182,42.56388483097736,3,82.73134601894348,WARNING,MEDIUM,STANDBY,3,0,2
2025-03-04 23:06:07.273,4974.252851989538,314.44602905114857,44.60044024177412,-0.04876172110194277,-0.3586233751449941,0.8431864617244998,2.762671256037372,0.747038767040467,68.92921311394832,-135.30557174374175,READY,12.5,False,85.16870670254424,42.4653639434767,3,82.85221581715244,WARNING,MEDIUM,STANDBY,3,0,2
2025-03-04 23:06:07.306,4981.418015099473,316.1517864492293,44.81778230875666,0.2415308758263351,-0.35810120515572186,0.8073389464780085,2.798142328374488,0.7373409009967262,68.89271738697569,-172.59218406689592,READY,12.5,False,85.22033144419105,42.41063730163145,3,82.8623009329485,WARNING,MEDIUM,STANDBY,3,0,2
2025-03-04 23:06:07.341,4981.423734453365,314.6332736830758,44.941215894795036,0.3100219989258309,-0.635971933018407,0.8162527903723104,2.767694724506133,0.7401576114096056,68.85879758571804,-190.28279931062198,READY,12.5,False,85.40541674499364,42.345761029268445,3,82.63693416681143,WARNING,MEDIUM,STANDBY,3,0,2
2025-03-04 23:06:07.374,4964.410354874177,313.01946699569055,44.6958501401364,0.5736739692092694,-0.6071549152275426,0.8630437607464939,2.7479892695324017,0.7444353609807233,68.81488771627073,-192.52441852264647,READY,12.5,False,85.33243878980888,42.28917601940273,3,82.52695751832199,WARNING,MEDIUM,STANDBY,3,0,2
2025-03-04 23:06:07.406,4958.153350713652,312.92024527881784,44.873967786542416,0.8721753774540268,-0.6795030965258824,0.8450040232082028,2.8352929472042474,0.7430389335165477,68.79772227646484,-224.50732567742324,READY,12.5,False,85.33669120912626,42.19612962013043,3,82.8086006668556,WARNING,MEDIUM,STANDBY,3,0,2
2025-03-04 23:06:07.448,4949.496702425554,311.70597800670953,44.490018016948774,0.9511137651344498,-0.19206558898785997,0.8653718087170125,2.7526773851238175,0.7339682574528832,68.75523446118618,-233.8871696636816,READY,12.5,False,85.46812572151637,42.1128904126994,3,82.92154107873915,WARNING,MEDIUM,STANDBY,3,0,2
2025-03-04 23:06:07.484,4951.9801019153965,313.12012693537247,44.811312234877406,0.8772937935246071,-0.6624796959276331,0.8949460026138488,2.681604719979071,0.7289019874432903,68.7149051013467,-203.7278102182826,READY,12.5,False,85.64809517794828,42.055296996328806,3,83.0194911411532,WARNING,MEDIUM,STANDBY,3,0,2
2025-03-04 23:06:07.522,4962.112479698422,312.4736198283814,44.781114640780935,1.0882707244692185,-0.8132390366292563,0.9184768058148398,2.6582524758497916,0.723001489000817,68.68381838004508,-161.36620336008804,READY,12.5,False,85.60002940980051,42.00401999129447,3,82.65700343710073,WARNING,MEDIUM,STANDBY,3,0,2
2025-03-04 23:06:07.556,4971.933532391422,313.0941389241965,45.15871570787921,1.0307095155022883,-0.8326326467530306,0.9529477337530676,2.62084952037821,0.7168855711095822,68.6551319726534,-192.87389905388727,READY,12.5,False,85.43691451189815,41.91748046963808,3,82.56423295970936,WARNING,MEDIUM,STANDBY,3,0,2
2025-03-04 23:06:07.588,4962.37578293707,313.53679519560205,44.811778087837524,0.9776476983552871,-0.7175597238638858,0.9956225668073168,2.526457241113032,0.7145660815078752,68.63569040560772,-162.84489358182907,READY,12.5,False,85.45333380923607,41.841389972595735,3,82.47934359111335,WARNING,MEDIUM,STANDBY,3,0,2
2025-03-04 23:06:07.618,4980.314501500223,313.932483725164,44.99921306817344,1.2146352300822134,-0.7275188030761317,1.028154540856092,2.5016424285297214,0.7068341145538504,68.60640204470029,-200.79937757759808,READY,12.5,False,85.32954397763706,41.780508935421906,3,82.87383713523447,WARNING,MEDIUM,STANDBY,3,0,2
2025-03-04 23:06:07.643,4993.871950603291,314.64575455464484,44.88279744522671,1.0761798440946075,-0.8239849740664256,1.0487835833290076,2.4797921437756223,0.7001452336467867,68.58412050848042,-166.53212845116155,READY,12.5,False,85.16294093004768,41.726680777242755,3,82.68645309959787,WARNING,MEDIUM,STANDBY,3,0,2
2025-03-04 23:06:07.673,4996.204709938691,315.42366149298493,45.11201340977683,1.1146170369114796,-0.47396029832874376,1.0961339383293167,2.389137979207916,0.6914314152456384,68.55295959751545,-213.55663857526702,READY,12.5,False,85.20915030431613,41.66864055678855,3,82.75264657037263,WARNING,MEDIUM,STANDBY,1,0,2
2025-03-04 23:06:07.709,5014.737724706224,314.0436730429322,45.55072222414132,0.9889559923493078,-0.8574108316504302,1.1243082970455933,2.384637369991835,0.6886281062395332,68.5402978531823,-250.71705592208963,READY,12.5,False,85.05361481098247,41.56990562444336,3,82.4286752150198,WARNING,MEDIUM,STANDBY,1,0,2
2025-03-04 23:06:07.741,5031.924623740528,312.8558968024637,45.56494094886885,1.2253126911871293,-0.7165163813067438,1.1523347585842636,2.3280343585622245,0.682101883378121,68.51318635738326,-255.87048826937342,READY,12.5,False,85.0893568023919,41.50136032215958,3,82.35872549108545,WARNING,MEDIUM,STANDBY,1,0,2
2025-03-04 23:06:07.773,5028.632465084339,314.12948429315793,45.329470275275135,1.1173648314311362,-0.2696330664740564,1.1949482398888307,2.3390444701303434,0.6912164647056227,68.48792386500506,-297.07027858058655,READY,12.5,False,85.09080147710571,41.44946733350769,3,82.5263083515579,WARNING,MEDIUM,STANDBY,1,0,2
2025-03-04 23:06:07.814,5017.201781405839,313.74149835312755,45.45393811886224,1.3891826894941492,-0.22807592402679244,1.1682867565758024,2.264547043111334,0.6985642076395476,68.471027444043,-326.85396736679945,READY,12.5,False,84.9214646818508,41.37718233834284,3,82.76354589023622,WARNING,MEDIUM,STANDBY,1,0,2
2025-03-04 23:06:07.841,5018.684576170739,312.42592802975787,45.45219573903847,1.5351596422600493,0.092164992225099,1.1507167272640966,2.356663034057016,0.6914490863354801,68.45368976815112,-361.0246827458675,READY,12.5,False,85.05219075373871,41.31759656840663,3,83.21594396326034,WARNING,MEDIUM,STANDBY,0,0,2
2025-03-04 23:06:07.873,4999.576522334521,312.0958282771792,45.77723484084495,1.3684727211108423,0.55666415257258,1.1771803473272398,2.263597550673461,0.6852965468783366,68.40559923409185,-408.97190745146503,READY,12.5,False,84.90082951850809,41.23808006860839,3,82.91037616725019,WARNING,MEDIUM,STANDBY,0,0,2
2025-03-04 23:06:07.909,5002.385852360896,310.93221920148227,45.90922494195706,1.0904263346506444,0.17982268108245636,1.2139486567847764,2.251886738957737,0.6918938686867603,68.37085150542265,-364.10655203198206,READY,12.5,False,84.76513045930143,41.18289910545606,3,82.6026632936583,WARNING,MEDIUM,STANDBY,0,0,2
2025-03-04 23:06:07.945,5021.451956104037,310.2499158103572,45.92801844392012,1.24942780088278,0.4934401166533994,1.2459454810918167,2.165920161455859,0.6924693845122882,68.34882275947153,-314.4362134898256,READY,12.5,False,84.7327682806367,41.12899257612277,3,82.83843260929604,WARNING,MEDIUM,STANDBY,0,0,2
2025-03-04 23:06:07.978,5019.635599808307,310.4596705302338,45.80652170866147,1.0386438772521065,0.028870751326078747,1.2406093726267382,2.1762780424359067,0.6830136854649278,68.33708156052188,-290.3390814089406,READY,12.5,False,84.888796709845,41.04627111265914,3,83.2936256102148,WARNING,HIGH,STANDBY,0,0,2
2025-03-04 23:06:08.015,5029.890103855337,308.62881357713076,45.74163480991777,1.0809756032103044,-0.06180079220229895,1.2285497455904975,2.1902870190585926,0.6782594423179603,68.30073999650993,-295.08200828462424,READY,12.5,False,84.69447101868381,40.97382672236565,3,82.99104504450308,WARNING,HIGH,STANDBY,0,0,2
2025-03-04 23:06:08.046,5031.291752032684,307.79139129287574,45.319349729629785,0.9341198081253009,-0.42553111835297175,1.2559023788521149,2.1898898217617035,0.6703174310730231,68.25198005965173,-245.53511739252792,READY,12.5,False,84.71763945909943,40.90025142006791,3,83.27207045870666,WARNING,HIGH,STANDBY,0,0,2
2025-03-04 23:06:08.078,5023.638078497927,309.4557367807634,44.887156474484804,0.7909484881160885,0.038156080781389434,1.2554227694564317,2.1386605907326692,0.6706089334785844,68.21088265001521,-207.69738552970563,READY,12.5,False,84.63165233938405,40.83845677454321,3,82.83450150019287,WARNING,HIGH,STANDBY,0,0,2
2025-03-04 23:06:08.114,5041.959980276386,308.2200591986818,44.467748861524925,0.6765172577419303,-0.2450685206073192,1.2962049749277555,2.10520947835942,0.6708949071640927,68.17245316588686,-189.87410846348303,READY,12.5,False,84.56815444473555,40.78796785326421,3,83.0521554642757,WARNING,HIGH,STANDBY,0,0,2
2025-03-04 23:06:08.146,5058.37815089876,308.0117890081391,43.98454232962129,0.9478830055528165,-0.6049130327508285,1.2604113642624066,2.1360736444083424,0.6780545551746889,68.12827725402553,-200.85023138687632,READY,12.5,False,84.68033160475349,40.7267798056529,3,83.16258660859897,WARNING,HIGH,STANDBY,0,0,2
2025-03-04 23:06:08.179,5054.929767151706,307.14000862421307,44.44242079087811,1.0071075644039156,-0.23091651438344918,1.2585877562603627,2.1076891107582134,0.6807734147412802,68.09119058416617,-214.0598404737143,READY,12.5,False,84.73430052552823,40.67025846508011,3,83.33211248079182,WARNING,HIGH,STANDBY,0,0,2
2025-03-04 23:06:08.213,5042.521413130181,307.8520241340259,44.75628281039504,1.1054726267592638,-0.5568960557781051,1.2590487016553915,2.0229365908416637,0.6805374366600143,68.06002551676627,-227.18202543436962,READY,12.5,False,84.87890405642567,40.58343424048977,3,83.21603390388947,WARNING,HIGH,PASSIVE,0,0,2
2025-03-04 23:06:08.246,5056.031707166451,306.2894443414541,44.6007939471268,1.0850632709025125,-0.10041314672776902,1.2523408403406275,2.0769185855136496,0.6846744459788124,68.04971209769184,-199.12569534981697,READY,12.5,False,85.06453129461902,40.504096133343836,3,82.76679350040847,WARNING,HIGH,PASSIVE,0,0,2
2025-03-04 23:06:08.278,5039.070831021185,306.18975044001803,44.45314097104108,0.9904524393162016,0.011187433351615872,1.2545876901630972,1.9834915354280556,0.6804768885172565,68.01833688776209,-179.64944848262598,READY,12.5,False,85.18579714831108,40.44527189239116,3,83.09998097493755,WARNING,HIGH,PASSIVE,0,0,2
2025-03-04 23:06:08.314,5031.4983097328995,305.10010605525105,44.5880013127327,0.7624761655732868,0.3954679756164011,1.2518741299462286,2.0560892892271347,0.6745073899854407,67.97616327535832,-177.36689733143317,READY,12.5,False,85.30535671860716,40.38470358359777,3,83.20966247640663,WARNING,HIGH,PASSIVE,0,0,2
2025-03-04 23:06:08.346,5049.424079959276,303.1424757596649,45.08756439540829,0.9260546347702167,0.5474384898148889,1.2306779120147542,1.975221123324905,0.6816021760506628,67.93774909267586,-136.85217072246866,READY,12.5,False,85.42672843813925,40.313930084844635,3,83.40606998535166,WARNING,HIGH,PASSIVE,0,0,2
2025-03-04 23:06:08.378,5032.307080697297,302.4435261758702,45.18059461902975,1.1595105425419747,0.2975228886990159,1.2309854028732938,1.9023182454214351,0.6881915929461722,67.91669034390138,-180.1530207155693,READY,12.5,False,85.23977608439218,40.258615117166634,3,82.96970283449409,WARNING,HIGH,PASSIVE,0,0,2
2025-03-04 23:06:08.416,5024.31437710829,301.77782239576993,45.59643242781756,1.3514919241669843,0.4018273961631129,1.2195674530327378,1.9256493025062935,0.6946467398664403,67.90182884282702,-174.0521522535149,READY,12.5,False,85.08520180518353,40.16093943091215,3,83.43315204978869,WARNING,HIGH,PASSIVE,0,0,2
2025-03-04 23:06:08.448,5009.4857942549215,300.0599928735555,45.76842873580287,1.392998613259064,0.20757724362150476,1.2214304663293616,1.8732980126050829,0.7045515409471524,67.86337547675174,-158.0893106680804,READY,12.5,False,85.19574749219188,40.07260307945527,3,83.62112364282481,WARNING,HIGH,PASSIVE,0,0,2
2025-03-04 23:06:08.480,5017.902263531936,301.75757171884857,45.95759886762202,1.6335878204100156,-0.06717287829254603,1.2211281831637986,1.939862646992235,0.7066751614248965,67.84632245274649,-131.44440308099274,READY,12.5,False,85.03357202679845,40.01120039475232,3,83.50511358089335,WARNING,HIGH,PASSIVE,0,0,2
2025-03-04 23:06:08.509,5022.072226132896,302.5388348370403,46.1677268494197,1.502485893682848,0.25151885984789324,1.2637854168613047,1.9812006389807282,0.7144393921361132,67.816039922361,-90.71379507592755,READY,12.5,False,85.10175635785575,39.94083041529423,3,83.71822099602538,WARNING,HIGH,PASSIVE,0,0,2
2025-03-04 23:06:08.540,5002.549542573945,304.2624232726721,45.74680075725599,1.2320362548235793,-0.2464740367921635,1.232051826036791,2.0356373950091107,0.7115331866574839,67.78694693681702,-107.49602550958788,READY,12.5,False,85.1609684260995,39.86548652873296,3,83.5110224510849,WARNING,HIGH,PASSIVE,0,0,2
2025-03-04 23:06:08.573,5004.08083358828,305.915928002999,45.8494407069673,1.2256483061633867,-0.1549807803808807,1.2248548748971335,1.983265993844111,0.7019712057052505,67.74681013572471,-137.67153560851162,READY,12.5,False,85.21249012936983,39.79723860599914,3,83.9951984124306,WARNING,HIGH,PASSIVE,0,0,2
2025-03-04 23:06:08.620,5006.448414132061,306.96966371646823,45.873437029772624,1.4632965670407345,-0.3615807828803267,1.210873991618369,1.888026336607891,0.7084062498090834,67.69693678900971,-174.4182559226606,READY,12.5,False,85.20892623659515,39.73589115847681,3,83.67600670717594,WARNING,HIGH,PASSIVE,0,0,2
2025-03-04 23:06:08.644,5017.526817823254,308.84585434421035,46.14572976782422,1.7382578646127558,-0.5632962565441664,1.1925920676838426,1.9777909978044927,0.7084838299221815,67.67971546976764,-134.7308842566562,READY,12.5,False,85.12254504865257,39.67106808424989,3,83.48335521206302,WARNING,HIGH,PASSIVE,0,0,2
2025-03-04 23:06:08.673,5004.592414789925,308.95105280471535,46.322160959789855,1.7262932776462934,-0.5697056342939173,1.226058930937525,1.8866483881085971,0.7140004854433588,67.6321268964236,-149.94175353393211,READY,12.5,False,85.05956146002724,39.60363988130658,2,83.03182029198068,WARNING,HIGH,PASSIVE,0,0,2
2025-03-04 23:06:08.708,5018.080784469445,309.5842128320052,46.68198671228105,1.976230321906043,-0.9891002995148054,1.23997320318683,1.90122862283162,0.7203875468695812,67.59749219333591,-125.9946841637462,READY,12.5,False,84.98467530762612,39.51622995591072,2,83.30719623799979,WARNING,HIGH,PASSIVE,0,0,2
2025-03-04 23:06:08.740,5014.148814173201,308.0929461106803,47.0159308793842,1.7049896963335096,-0.5113089761922311,1.2253130331499433,1.9415591565555963,0.7209609033025829,67.54793023439169,-145.04442425894956,READY,12.5,False,84.83164900195403,39.41676587082075,2,82.84799588931749,WARNING,HIGH,PASSIVE,0,0,2
2025-03-04 23:06:08.771,5013.679405426196,309.7695905802094,47.18476894506569,1.5112728418685855,-0.5433618576851982,1.2423066405780117,1.9895752196719505,0.7293300877408676,67.51281162365868,-182.15137643543002,READY,12.5,False,84.69910371934955,39.32956888271826,2,82.61668961923036,WARNING,HIGH,PASSIVE,0,0,2
2025-03-04 23:06:08.807,4994.333881330325,311.508595601438,47.094582252081345,1.7928373952478671,-0.11039113070095019,1.2782812233577505,1.9575427278195776,0.7303269373041267,67.49004809711784,-230.71768585911326,READY,12.5,False,84.61598795557087,39.267793597428714,3,82.16950149810235,WARNING,HIGH,PASSIVE,0,0,2
2025-03-04 23:06:08.840,5008.329061778406,312.35936278313835,47.561909763021056,2.0682398076728807,-0.44978851964258626,1.2951027276541256,1.9301106851229817,0.7248863235763918,67.46244116360221,-209.860897163985,READY,12.5,False,84.66014522236188,39.198505610243416,3,82.10968275068069,WARNING,HIGH,PASSIVE,0,0,2
2025-03-04 23:06:08.876,5012.218875808219,313.3166746485814,47.13628701810921,2.065494445940948,-0.3647954529126777,1.2794089679290923,1.865799248142355,0.7254365737012499,67.44452388475185,-256.0843063566812,READY,12.5,False,84.83979438799825,39.13577076396104,3,82.54839927103495,WARNING,HIGH,PASSIVE,0,0,2
2025-03-04 23:06:08.914,5013.894371383099,311.4468014009345,47.04192529178428,1.8349474936283034,-0.34153842062311335,1.2478526255608218,1.8498231800375098,0.7313170657748207,67.40047220252396,-248.84234750697794,READY,12.5,False,84.76792349322699,39.071400575573485,3,82.76358264826382,WARNING,HIGH,PASSIVE,0,0,2
2025-03-04 23:06:08.947,5016.868148168932,313.43241559073056,46.65387597730356,1.9459878121750713,-0.622644567281247,1.2975403659850424,1.8701338493927806,0.7371510392213025,67.37475506172244,-236.36620348220728,READY,12.5,False,84.81784795305632,38.97234355086475,3,82.63184628880983,WARNING,HIGH,PASSIVE,0,0,2
2025-03-04 23:06:08.979,5015.459488914435,312.3293315051273,46.91762205705977,1.9916301479029324,-0.20248172748843463,1.2917872864743625,1.9181060425499372,0.745911846625389,67.33080882251726,-212.23855127960547,READY,12.5,False,84.88598222942134,38.914951670629115,3,82.6221474262823,WARNING,HIGH,PASSIVE,0,0,2
2025-03-04 23:06:09.012,5019.399036451478,311.2196401667039,46.481796497073404,1.7193718441377988,-0.5952563128837993,1.2745323348637767,1.8582240420680316,0.7375853123295004,67.292444589167,-234.44166360775938,READY,12.5,False,84.8737215653198,38.85016385080354,3,82.73890840613277,WARNING,HIGH,PASSIVE,0,0,2
2025-03-04 23:06:09.042,5007.028486808732,312.43860368097774,46.07541453150019,1.6010650746985555,-0.721830819831265,1.2859835857726312,1.8056210443267109,0.7377207507364357,67.28242753865649,-215.65029728804194,READY,12.5,False,84.90431055069061,38.751460680111094,3,82.40866464108841,WARNING,HIGH,PASSIVE,0,0,2
2025-03-04 23:06:09.074,4987.868646667226,311.8820889493031,46.26724396132384,1.4901437725899283,-0.5960483020440401,1.2589474290492324,1.8364334070570953,0.7298965152334047,67.26409130823279,-183.78530279182883,READY,12.5,False,84.98887917595094,38.66988572704843,3,82.40056986635075,WARNING,HIGH,PASSIVE,0,0,2
2025-03-04 23:06:09.113,4969.968332216613,312.58681300701573,46.33754852986026,1.3432879109277465,-1.0281924680327275,1.283642692805621,1.9111031675984764,0.7201827421918316,67.22275424320352,-154.51316109087645,READY,12.5,False,84.8250522927578,38.615847215067504,3,82.0759472524774,WARNING,HIGH,PASSIVE,0,0,2
2025-03-04 23:06:09.148,4966.972235085239,314.2632701431121,45.95610776531884,1.5566800239320209,-1.0650262478114427,1.2652721004425955,1.9299693387647712,0.7276393771150469,67.18815787142117,-191.49939629738194,READY,12.5,False,84.80381662160876,38.530223966888386,3,82.12836715539278,WARNING,HIGH,PASSIVE,0,0,2
2025-03-04 23:06:09.180,4950.434418294177,315.9528389642255,46.24823269284081,1.337970148996774,-1.5055043110726105,1.2181506857409432,2.009999303567609,0.731231230256906,67.14899990286142,-193.64064624688112,READY,12.5,False,84.89057881851718,38.47552647518242,3,81.77106740357132,WARNING,HIGH,PASSIVE,0,0,2
2025-03-04 23:06:09.219,4964.586016539181,317.4120469117547,46.70382584902346,1.2637447120685577,-1.6792706339553485,1.2362775117624483,1.9558011151770873,0.7391339478054993,67.11987283807926,-233.8060306588822,READY,12.5,False,85.00282616922549,38.38885705652527,3,81.85919655763053,WARNING,HIGH,PASSIVE,0,0,2
2025-03-04 23:06:09.247,4966.302375855697,317.373670983068,46.90512800047856,1.2242719385955332,-1.7614700060238393,1.194317902641912,1.865284981005868,0.7356733271736369,67.10842941754663,-280.32801888543975,READY,12.5,False,84.96958425627031,38.33147158372117,3,82.08399691209442,WARNING,HIGH,PASSIVE,0,2,2
2025-03-04 23:06:09.273,4972.982964257139,319.2517681397409,47.17108835023792,1.3175568171580836,-1.9824454933401698,1.2133980178177668,1.8133937532778326,0.7331012497935205,67.06264307632263,-240.1709978305542,READY,12.5,False,85.06648255290607,38.24492192655979,3,82.45046890595007,WARNING,HIGH,PASSIVE,0,2,2
2025-03-04 23:06:09.309,4969.966609928615,319.6279488341656,47.58532240901853,1.2992319492289506,-1.7193846451930472,1.2082738512928546,1.8745036014621568,0.7288006699411131,67.03005430339736,-236.9550774897327,READY,12.5,False,84.99324199654853,38.17488228278126,3,82.72818119398146,WARNING,HIGH,PASSIVE,0,2,2
2025-03-04 23:06:09.341,4984.246598772882,320.97416807744617,47.941919178888334,1.3033970536376942,-1.8382302918203872,1.185545716086038,1.8506131985467529,0.720171539506336,67.00464927910053,-245.98607713639984,READY,12.5,False,84.97228084700085,38.11588917785115,2,82.46712008310784,WARNING,HIGH,PASSIVE,0,2,2
2025-03-04 23:06:09.373,5000.6537788290325,319.8382239313499,47.96261284023469,1.0049962278276776,-2.331124438801763,1.227743112906685,1.8489083661551415,0.7204718735229522,66.95777515610835,-276.45324276658215,READY,12.5,False,84.85449112015259,38.04388612936432,2,82.86572905785495,WARNING,HIGH,PASSIVE,0,2,2
2025-03-04 23:06:09.410,5017.128144984085,321.59912322662615,48.25261513793036,0.8254678280090706,-2.0494238373378306,1.2609267781834483,1.9259426698194424,0.720745296539442,66.93821534548391,-288.3624166188654,READY,12.5,False,84.65783675188467,37.96693812726271,2,82.42176857022021,WARNING,HIGH,ACTIVE,0,2,2
2025-03-04 23:06:09.439,5030.929681401488,319.7082915694076,48.15854792076195,0.929464299023443,-1.7757609235007588,1.2174713036830234,1.9692744428226088,0.7184172192529708,66.904634550363,-291.40471465802375,READY,12.5,False,84.48918938865297,37.87621791255229,2,82.90860884582682,WARNING,HIGH,ACTIVE,0,2,2
2025-03-04 23:06:09.476,5016.472556917143,320.19768754059095,48.292630491995574,1.0263113438154892,-1.5138817851500388,1.2519408419397968,1.9806221645313864,0.7164900358758142,66.87404029249613,-270.41750942096314,READY,12.5,False,84.46793679511647,37.79526130152752,2,82.47140552028267,WARNING,HIGH,ACTIVE,0,2,2
2025-03-04 23:06:09.508,5029.199844633294,320.217371694003,47.87699181153578,0.770673136647992,-1.7046401993655165,1.2474186969963024,1.937687565817209,0.7127330041625846,66.85331493456597,-309.9740935699077,READY,12.5,False,84.33975245695831,37.7433727011122,2,82.21403722931504,WARNING,HIGH,ACTIVE,0,2,2
2025-03-04 23:06:09.540,5040.744827726419,318.6594009123303,48.141975867975624,1.0082382393863003,-1.594680357156494,1.2360239670919961,1.9527932746410164,0.7134199853940525,66.83722563950107,-269.65987696662916,READY,12.5,False,84.25691378296845,37.69284617616408,2,82.00522798895774,WARNING,HIGH,ACTIVE,0,2,2
2025-03-04 23:06:09.576,5046.306947329457,319.2680613430895,47.97144120578702,1.1259702801297116,-1.5108056318958623,1.1966332687892347,1.8940873757923238,0.7183562996751534,66.79393838371492,-247.26689059374215,READY,12.5,False,84.27832320433717,37.63803537243087,2,82.22968074798948,WARNING,HIGH,ACTIVE,0,2,2
2025-03-04 23:06:09.608,5032.675372876044,320.410319407913,48.30545058144024,1.3565574844118518,-1.6534892328789268,1.176459398925668,1.9638993872109873,0.7253454687181722,66.77442671817295,-199.7893902934166,READY,12.5,False,84.33304078398922,37.56335319302122,2,82.21609155316895,WARNING,HIGH,ACTIVE,0,2,2
2025-03-04 23:06:09.640,5034.728564546107,320.55494043841156,48.06300988833717,1.1760359361470183,-1.9240917309530279,1.1709673835698948,1.9036331627310625,0.7185850868200115,66.73105430981411,-247.17108129032363,READY,12.5,False,84.27512693460623,37.488454453424,2,82.20527539528874,WARNING,HIGH,ACTIVE,0,2,2
2025-03-04 23:06:09.687,5051.043063827365,319.69438883766844,48.10879607296537,1.446163346979955,-2.2051687945460516,1.1440148783187125,1.8326835012763767,0.7281015589337033,66.69828659138332,-283.5037899413346,READY,12.5,False,84.45742363084746,37.40618504962758,2,81.8955739678716,WARNING,HIGH,ACTIVE,0,2,2
2025-03-04 23:06:09.713,5060.087963231683,319.60941515818524,47.63955105260031,1.4743668452460237,-1.990191704928047,1.1111503288521207,1.8572433483110795,0.7185997361860059,66.67747100453487,-272.1815196522532,READY,12.5,False,84.35501883941163,37.33834396641116,2,81.49798264990957,WARNING,HIGH,ACTIVE,0,2,2
2025-03-04 23:06:09.740,5058.873742426222,321.45492179218166,47.55240230549746,1.702896213790449,-1.6221320754719413,1.1305080944466677,1.9469787446464863,0.7180340706822417,66.64046403830426,-225.65998205844872,READY,12.5,False,84.37788956803004,37.280063602211875,2,81.603822509234,WARNING,HIGH,ACTIVE,0,2,2
2025-03-04 23:06:09.777,5071.155065006951,320.2530913338895,47.78628318883599,1.671023046767938,-1.3566682212796668,1.12090401206467,1.9284095068910045,0.7131376905239556,66.62676580243803,-238.13201237373696,READY,12.5,False,84.25018260936211,37.216326293414674,2,81.6263277424482,WARNING,HIGH,ACTIVE,0,2,2
2025-03-04 23:06:09.809,5083.980729664236,321.55405130214797,47.4558834790804,1.4448892027639684,-0.9256449892422899,1.090622762063031,1.904757025854023,0.7097633986305331,66.61366115436884,-189.5452762796595,READY,12.5,False,84.0895436901486,37.160606347255296,2,82.07914889776583,WARNING,HIGH,ACTIVE,0,2,2
2025-03-04 23:06:09.841,5101.9452902936555,322.8407549547977,47.83863214438188,1.635551159230431,-1.283751878381837,1.0984828230976695,1.9625028574151802,0.7106002337765158,66.57097772590696,-223.0350749077079,READY,12.5,False,84.05391186208841,37.086326447773324,2,81.72250444409066,WARNING,HIGH,ACTIVE,0,2,2
2025-03-04 23:06:09.877,5085.324480271606,324.4335607826832,48.30441995681804,1.4468578883967764,-1.4147337560561402,1.1073741506349666,2.0375064562067893,0.7069306737126072,66.54230940732083,-259.7483202412338,READY,12.5,False,84.06997714657302,36.9901924745667,2,81.69933907940187,WARNING,HIGH,ACTIVE,0,2,2
2025-03-04 23:06:09.909,5104.578166921555,324.133833555608,48.65994931181844,1.5149380231721563,-1.7300129031517426,1.1556793656139297,1.9838985221551644,0.7058270092290306,66.49357173610838,-218.36335487993978,READY,12.5,False,84.01715864787624,36.90867711413959,2,81.7681178268466,WARNING,HIGH,ACTIVE,0,2,2
2025-03-04 23:06:09.942,5108.438343930027,325.01081484680356,49.11806940113082,1.5958194557306844,-1.335733897208419,1.13127811983418,2.0204567016483455,0.7016140314834439,66.4668443873319,-175.74999641691505,READY,12.5,False,84.08301884397207,36.83751624288237,2,82.19434483783252,WARNING,HIGH,ACTIVE,0,2,2
2025-03-04 23:06:09.980,5092.365238148882,323.04897902127743,49.274825168066805,1.3672422995271925,-1.5346486209669639,1.1751478374439999,2.1002432216821685,0.706305574070042,66.43406114928774,-187.61174700144142,READY,12.5,False,84.04201279876716,36.78181740518161,2,82.31943248095303,WARNING,HIGH,ACTIVE,0,2,2
2025-03-04 23:06:10.008,5093.357769684951,321.6457547128906,49.15216271665646,1.3144918213863088,-1.6844268198034777,1.142836907817421,2.075230676512292,0.705163619867782,66.38597673805992,-142.31227187138654,READY,12.5,False,84.04750330896722,36.729129725688885,2,81.88719823382256,WARNING,HIGH,ACTIVE,0,2,2
2025-03-04 23:06:10.040,5105.602306401313,323.460978932913,48.95929473174563,1.4126018803865485,-1.3422294670294264,1.1744602186612747,2.0690947179644144,0.7099494276005274,66.35042050104424,-147.324608555678,READY,12.5,False,84.03462725422109,36.67782631376852,2,82.02323362796724,WARNING,HIGH,ACTIVE,0,2,2
2025-03-04 23:06:10.076,5110.842346916876,324.6756570835306,49.10447656421445,1.5572522686812824,-1.384829059855412,1.15691287763447,2.149107335463423,0.7164184391042875,66.333715526598,-169.7691960649952,READY,12.5,False,84.08186850387318,36.58414772585179,2,82.4416425791905,WARNING,HIGH,ACTIVE,0,2,2
2025-03-04 23:06:10.115,5125.239566722607,325.09592554701305,48.80259547683811,1.5875035786863665,-1.6384227018030812,1.1773016155826368,2.2484440393966585,0.7121295175524266,66.30395757683394,-156.50448594297495,READY,12.5,False,84.26226356089552,36.52280757944633,2,82.07627603835056,WARNING,HIGH,ACTIVE,0,2,2
2025-03-04 23:06:10.141,5117.064758640015,326.6192148004054,48.50585749343714,1.4144528569396464,-1.4948183280497624,1.2099900577458256,2.2750918763154737,0.7062190069542652,66.28778099013887,-134.69173960274523,READY,12.5,False,84.40371000437658,36.455545733172606,2,81.72345190243377,WARNING,HIGH,ACTIVE,0,2,2
2025-03-04 23:06:10.177,5122.696566952621,326.09153731655067,48.122780125709625,1.136666575476456,-1.16748633409957,1.2209222048045365,2.3177212846850814,0.7042996700445144,66.26820957186543,-85.1472373298457,READY,12.5,False,84.57657451640694,36.35663154403457,2,81.79273375255956,WARNING,HIGH,ACTIVE,3,2,2
2025-03-04 23:06:10.210,5134.189291249687,325.7974921213452,48.077757360919776,0.8849392631319076,-1.4361403865840634,1.2060185420331657,2.274012916584451,0.6990917433809978,66.25172265865272,-113.00109464635608,READY,12.5,False,84.51270557809657,36.270671862412456,2,82.1688682417457,WARNING,HIGH,ACTIVE,3,2,2
2025-03-04 23:06:10.246,5152.90891204313,327.77147341057815,47.856628077179955,0.7847682870450481,-1.1420764612885073,1.2003737586742198,2.3407271585045737,0.7084804930490496,66.23316299226688,-81.69691568676059,READY,12.5,False,84.64478724965431,36.20097740567064,2,81.96964907163559,WARNING,HIGH,ACTIVE,3,2,2
2025-03-04 23:06:10.282,5151.442341871964,329.5860617861038,48.09682890455652,0.6085277346358497,-0.6639012889488312,1.2281223975694116,2.33223162700383,0.7025523861771967,66.21648073162069,-43.19454900159623,READY,12.5,False,84.5575629681157,36.10431622160975,2,81.87529517642923,WARNING,HIGH,ACTIVE,3,2,2
2025-03-04 23:06:10.314,5164.059343761575,328.33598609399485,48.14665095193075,0.6638827770904163,-0.5922716683519489,1.2445297291330297,2.377766410022666,0.7027415511765968,66.18438705735483,-14.954632437112608,READY,12.5,False,84.43923598010205,36.00829288153072,2,82.2727288298015,WARNING,HIGH,ACTIVE,3,2,2
2025-03-04 23:06:10.343,5175.946626030591,329.02584608814345,48.55145653589607,0.7890786755488999,-1.0284940889418233,1.2504578557117438,2.2808698196552006,0.706451798734914,66.17348583231752,20.964855783081788,READY,12.5,False,84.61045267724973,35.94063332464968,2,82.19186752812885,WARNING,HIGH,ACTIVE,3,2,2
2025-03-04 23:06:10.375,5193.147573685336,327.7829645376668,48.14700852598122,0.7865981995477592,-1.2208630537629879,1.2110175256060278,2.227482337237227,0.6998974731005029,66.14410413152649,-10.33624404360988,READY,12.5,False,84.79557538283147,35.883665877529424,2,82.43221872696701,WARNING,HIGH,ACTIVE,3,2,2
2025-03-04 23:06:10.409,5204.021603092125,329.16692877911765,47.92539796071995,0.7827958132868111,-1.5855413543796153,1.203660426117365,2.1717538929230695,0.6968772070097097,66.12340005500016,-53.20703585298156,READY,12.5,False,84.946426349855,35.82449684617832,2,82.16993641670533,WARNING,HIGH,ACTIVE,3,2,2
2025-03-04 23:06:10.444,5208.838681792378,328.4213444167677,47.51937038756073,0.6552934085846214,-1.4420471459004967,1.162548946109108,2.189261183640699,0.7013084078541223,66.10968116000276,-54.486125369031086,READY,12.5,False,84.76474777271892,35.73847122287113,2,81.74586881766872,WARNING,HIGH,ACTIVE,3,2,3
2025-03-04 23:06:10.484,5195.1146508199445,327.7521197800349,47.81386949204388,0.9124469685721475,-1.8391524635086132,1.1720180524340995,2.107239973146319,0.7030987773611443,66.06130393013667,-83.88015619297869,READY,12.5,False,84.59683984086078,35.67442284643368,2,81.78038979721447,WARNING,HIGH,ACTIVE,3,2,3
2025-03-04 23:06:10.508,5205.218652379568,328.19955644115436,48.30741656082283,1.0876636819109557,-1.6924858956705169,1.1444547157395861,2.112146095969748,0.7116680428773822,66.02214557592595,-79.49942592579336,READY,12.5,False,84.74100332677008,35.614342089613814,2,81.42979004930727,WARNING,HIGH,ACTIVE,3,2,3
2025-03-04 23:06:10.539,5199.854100316183,329.69375659207645,48.61175602387778,0.9938150491440003,-2.016771335639226,1.1849748300403973,2.0954009381654273,0.7145656957120039,66.0105171145863,-101.25379846645741,READY,12.5,False,84.64665086420179,35.55676055766516,2,81.64296842789243,WARNING,HIGH,ACTIVE,3,2,3
2025-03-04 23:06:10.579,5194.740984950873,329.6752618106853,48.30565035125989,0.9325425727428996,-1.6444414487174088,1.161188646247018,2.167389661007466,0.7135201193250614,65.9881916529023,-150.93545978846632,READY,12.5,False,84.77226095784123,35.49680164853925,1,81.50728823715858,WARNING,HIGH,ACTIVE,3,2,3
2025-03-04 23:06:10.613,5195.303444405146,329.838613289681,48.41947816108973,0.9058670266332529,-2.1030261995836903,1.1408690975409992,2.131174430246343,0.718348355749503,65.95314091966691,-185.6077727237461,READY,12.5,False,84.8247693374657,35.41971689513756,1,81.44529672867877,WARNING,HIGH,ACTIVE,3,2,3
2025-03-04 23:06:10.645,5187.708214106727,330.85479987242576,48.141350544422664,1.1776306726926002,-2.509230118060116,1.1366494895815962,2.229892131470082,0.7225864439049863,65.90669642422819,-154.5040771745869,READY,12.5,False,85.01271903167338,35.36129531709273,1,81.31099007505657,WARNING,HIGH,ACTIVE,3,2,3
2025-03-04 23:06:10.676,5191.031811260786,329.5788420663229,47.73851706427073,1.0573555186255028,-2.945207817965365,1.0880603821644015,2.1682681728865947,0.7259207602667602,65.871484058793,-107.27553023915546,READY,12.5,False,84.85589163214303,35.281382214828795,1,81.22071169262446,WARNING,HIGH,ACTIVE,3,2,3
2025-03-04 23:06:10.709,5193.474466776655,330.1134890731547,47.90277706666192,0.8639974652648923,-2.6082722909500515,1.1363541510539144,2.0703378282698623,0.7278808612344082,65.83893459009404,-128.2364822069748,READY,12.5,False,84.88562861711415,35.19559747982819,1,80.88614663939825,WARNING,HIGH,ACTIVE,3,2,3
2025-03-04 23:06:10.747,5194.865355051837,328.3342653554533,47.920953795059894,0.964048964281332,-2.8375271032693647,1.1814927296309334,2.0311229040763443,0.7348905967901938,65.79626990835929,-105.03154247719986,READY,12.5,False,84.81859959220283,35.103386364310865,1,80.55282063359694,WARNING,HIGH,ACTIVE,3,2,3
2025-03-04 23:06:10.783,5194.935012933432,330.1848309903309,48.18606027915052,1.0321234151251077,-3.264476873672048,1.1979553039715303,2.06172673084328,0.7429233593053054,65.77709076194411,-57.21318476436582,READY,12.5,False,84.79191450665286,35.043993423232486,1,80.14832614890256,WARNING,HIGH,ACTIVE,3,2,3
2025-03-04 23:06:10.812,5205.785399664171,330.7529596519157,47.726834466032216,0.8234461231319247,-2.9098621851937994,1.246007339757903,2.0094466439317524,0.7453700841177006,65.75831820649115,-21.14814824328188,READY,12.5,False,84.90729029924915,34.95708534124735,2,79.88074172911425,WARNING,HIGH,ACTIVE,3,2,3
2025-03-04 23:06:10.840,5211.937683656091,329.5207625891559,47.825437463550884,0.7405086300343005,-2.8553265573135835,1.2043986495638483,2.03640589079592,0.7483641399466611,65.74456821894387,-18.792164668748207,READY,12.5,False,84.71097550315474,34.90547488665511,2,80.00819843635578,WARNING,HIGH,ACTIVE,3,2,1
2025-03-04 23:06:10.877,5217.729840400584,329.28452660694586,48.13693901111185,0.5739227919337713,-2.638693011497706,1.2183591166709662,2.0030630262327564,0.7427884235247566,65.7251182080049,14.60212208551605,READY,12.5,False,84.57824517193929,34.849356364438826,2,79.88674802554515,WARNING,HIGH,ACTIVE,3,2,1
2025-03-04 23:06:10.908,5207.43734874979,330.8778746834035,48.554095331742616,0.861496894591804,-3.111547856354954,1.2542566101021408,1.9605574024604346,0.75147232456122,65.68595775076733,-15.22984537647865,READY,12.5,False,84.74487043450658,34.79892484453668,2,79.56135311258693,WARNING,HIGH,ACTIVE,3,2,1
2025-03-04 23:06:10.940,5199.795510784324,332.58625722965024,48.84685704626311,1.0306526418599806,-2.9608452123886213,1.2818370602574598,2.0367214666457776,0.7505018385968837,65.65596837143387,16.110338821928067,READY,12.5,False,84.69828554763905,34.73424977730421,2,79.52456726366148,WARNING,HIGH,ACTIVE,3,2,1
2025-03-04 23:06:10.980,5212.347477771342,330.89966827322365,48.87065136317568,1.2798831742794794,-3.295067632637358,1.2472064289432367,1.9375817837983682,0.75966713982277,65.62641572461509,29.74100387042469,READY,12.5,False,84.71301632612459,34.66400339142659,2,79.0824780918603,WARNING,HIGH,ACTIVE,3,2,1
2025-03-04 23:06:11.013,5231.226181715158,331.55683673464677,49.36166024962191,1.1275541986296735,-2.8534310847775237,1.2854597146774431,1.9078641436752908,0.7646518852796148,65.59334167675748,7.4264380236343115,READY,12.5,False,84.53030761155097,34.56974325418463,2,78.85901511609548,WARNING,HIGH,ACTIVE,3,2,1
2025-03-04 23:06:11.040,5230.6445469671335,331.2137127935325,49.7301782940882,0.9298151064133096,-3.2834342584586915,1.2518082501273524,1.8313864051308317,0.7650012228721088,65.57696515890542,25.804744439329376,READY,12.5,False,84.36758970624699,34.49356873741855,2,79.08255163107123,WARNING,HIGH,ACTIVE,3,2,1
2025-03-04 23:06:11.076,5240.011851059112,330.43447616749626,49.46718887490843,1.1341875442084524,-2.843471571554931,1.2329342007315829,1.8951201524609507,0.7701048383039195,65.56150869578507,58.484705403770654,READY,12.5,False,84.3312184552477,34.424836304483904,2,79.0052751801714,WARNING,HIGH,ACTIVE,3,2,1
2025-03-04 23:06:11.112,5221.14615655625,328.59219283560617,49.667595703027395,1.262903726857658,-2.7775015848438156,1.2708700525386754,1.9138748337468123,0.770099288851809,65.54863275294923,76.88616333543044,READY,12.5,False,84.14473431934562,34.35387706062982,2,78.86623959441044,WARNING,HIGH,ACTIVE,3,2,1
2025-03-04 23:06:11.151,5226.479517202469,330.1806455030998,49.28869380338003,1.00248684647074,-2.318663868768069,1.2843816767955623,1.8654780672533051,0.7603943316675549,65.52049962352821,69.47408804895332,READY,12.5,False,84.11701383243164,34.27657450423048,2,78.87183442730277,WARNING,HIGH,ACTIVE,3,2,1
2025-03-04 23:06:11.188,5208.978134174226,330.8735508113627,49.349020476559375,0.9115362122103026,-2.5535695719258538,1.300040542584299,1.879061327631482,0.7638888848496004,65.48852406518847,41.790622159405764,READY,12.5,False,84.00478942357456,34.19114069686921,2,78.9076478762484,WARNING,HIGH,ACTIVE,3,2,3
2025-03-04 23:06:11.215,5211.803392149867,332.4241231091937,49.73964790378349,0.9762229940539686,-2.117329149621363,1.2997032696540616,1.9710436200555008,0.7679352841076461,65.45936625993201,17.505639592215527,READY,12.5,False,84.17029807809371,34.129825356444236,2,78.51383926697466,WARNING,HIGH,ACTIVE,3,2,3
2025-03-04 23:06:11.247,5215.068031269136,333.8239460997822,49.860710224258334,1.1880500136409433,-1.9536128065672762,1.2729236863032594,1.9102516545456796,0.7701856057930422,65.43114191059433,53.076312618878575,READY,12.5,False,84.34150903663891,34.03497379958371,2,78.84542121962355,WARNING,HIGH,ACTIVE,3,2,3
2025-03-04 23:06:11.279,5200.443606935535,332.03113109364523,49.94654857468504,1.0513208019910902,-1.8914260186789211,1.233871930263859,1.8308375600015476,0.7615525468492326,65.39330380626274,44.607923068509415,READY,12.5,False,84.30303361588643,33.972086228727846,2,79.15437555176827,WARNING,MEDIUM,ACTIVE,3,2,3
2025-03-04 23:06:11.309,5199.695888125503,332.28671751694367,49.64325842511604,0.9699479789870188,-1.4393566817981005,1.2470451514927123,1.7638237494505902,0.7698423053329772,65.36337760885475,80.01965315607833,READY,12.5,False,84.3842450414552,33.88592838500871,2,79.12324325900663,WARNING,MEDIUM,ACTIVE,3,2,3
2025-03-04 23:06:11.341,5208.903638621364,331.4860706380921,49.45247976215998,1.1942138135664122,-1.8294339185109245,1.236319168572169,1.7743897952610916,0.7643950457740544,65.33054969096162,111.90050445312498,READY,12.5,False,84.42809191633384,33.801032980222175,2,79.35567427257556,WARNING,MEDIUM,ACTIVE,3,2,3
2025-03-04 23:06:11.378,5201.046862668231,331.66916273352086,49.24969917052718,0.8957281796002232,-1.851301304978553,1.206623006453403,1.8470198437540617,0.7710105084109984,65.30738385770366,123.98831414194373,READY,12.5,False,84.23680870968973,33.71597181254083,2,79.01728245371349,WARNING,MEDIUM,ACTIVE,3,2,3
2025-03-04 23:06:11.412,5214.125125051825,331.1035608577246,49.56823401539036,1.0910746212689006,-1.4905262275549158,1.216847187051811,1.8609323128687958,0.763860331149659,65.2639258428165,106.18352857413674,READY,12.5,False,84.06775424300864,33.64446617068467,2,79.39834647943033,WARNING,MEDIUM,ACTIVE,3,2,3
2025-03-04 23:06:11.445,5207.754797477342,331.47650156320714,49.11691080562173,0.9569087509108024,-1.3362994716904506,1.2126603569833863,1.8232571979943828,0.7659682536351552,65.23411836743279,84.84149454203165,READY,12.5,False,84.03334112470472,33.55242039486329,2,79.13572981781081,WARNING,MEDIUM,ACTIVE,3,3,3
2025-03-04 23:06:11.475,5208.011355952355,331.8940866574969,49.57462950864826,0.8285430671879895,-1.354203204997878,1.2332681618765027,1.84121166738353,0.7596180736917715,65.19691692685109,69.70254532982369,READY,12.5,False,83.88844804038666,33.46258040931346,2,79.53301583064089,WARNING,MEDIUM,ACTIVE,3,3,3
2025-03-04 23:06:11.520,5192.073002268319,332.4322143896516,49.331840567783374,0.9495723691353171,-1.8332413031668064,1.2271577734185668,1.77792130998335,0.7502135338133281,65.18547044003758,51.92842876468562,READY,12.5,False,84.08108608769341,33.36391372949379,2,79.45412969096364,WARNING,MEDIUM,ACTIVE,1,3,3
2025-03-04 23:06:11.554,5194.242752368549,331.3948045018985,49.63763915919704,1.043255205627065,-2.098658871945097,1.1879009718811444,1.748559751203116,0.7508126928755207,65.1426335492807,9.784667971125998,READY,12.5,False,84.25453154716803,33.26488329496546,2,79.2885334052493,WARNING,MEDIUM,ACTIVE,1,3,3
2025-03-04 23:06:11.585,5183.970578302345,330.68369632975435,49.754298705196206,1.342808633816948,-2.15710653975359,1.2349203413156853,1.747706463611028,0.7481939660706571,65.11849268513676,53.63313345991533,READY,12.5,False,84.24832757112252,33.19234361250235,2,79.41736938285098,WARNING,MEDIUM,ACTIVE,1,3,3
2025-03-04 23:06:11.620,5171.566515745066,328.9262538470099,49.97406437407189,1.052937462718505,-2.5961055069880703,1.2776238501159844,1.7548115683518044,0.746262972664134,65.08951706276235,85.6560861086479,READY,12.5,False,84.35927926162975,33.09373844915738,2,79.73330538152855,WARNING,MEDIUM,ACTIVE,1,3,3
2025-03-04 23:06:11.655,5187.628133244107,328.11123922896655,49.885725315444645,1.151188265279943,-2.6023482548183514,1.3150288327786102,1.6557518658188188,0.7432082744095239,65.04346939455722,70.28928988104005,READY,12.5,False,84.27607263985429,33.02125113634027,2,79.75809236851866,WARNING,MEDIUM,ACTIVE,1,3,3
2025-03-04 23:06:11.686,5198.398072282967,329.1017313063212,49.56124109921289,1.045574968238335,-2.991258025247652,1.3608382947896878,1.5854866920269346,0.73876657464309,65.02135201443915,40.58174760331177,READY,12.5,False,84.40592007827897,32.93353969351044,2,80.16008757653988,WARNING,MEDIUM,ACTIVE,1,3,3
2025-03-04 23:06:11.718,5217.9231243147915,328.2859244175363,50.032613617321644,0.9522286212346056,-3.3786893549275945,1.3960598410418135,1.5486681083038643,0.7394852152992202,65.00755194531644,61.49023976861109,READY,12.5,False,84.52400311058987,32.87960899979979,2,80.63893394792284,WARNING,MEDIUM,ACTIVE,1,3,3
2025-03-04 23:06:11.755,5200.755668527318,330.08981887038533,50.0402789078908,0.6646837423648435,-3.5522394578211554,1.3823256371343449,1.4761612052025739,0.7380046333647046,64.99511332534676,68.41132246620253,READY,12.5,False,84.61932463427512,32.826536576134394,2,80.22110163115441,WARNING,MEDIUM,ACTIVE,1,3,3
2025-03-04 23:06:11.785,5193.492019618073,329.09464412201635,49.833320493637395,0.9437371951303533,-3.588209918977775,1.3680171204710765,1.467076879322041,0.7384807705458157,64.9484264281169,48.12972132094522,READY,12.5,False,84.61348533439363,32.769252955115306,2,80.5402287620121,WARNING,MEDIUM,ACTIVE,1,3,3
2025-03-04 23:06:11.818,5201.191055615168,328.73521294796655,49.57962962206882,0.8073351335231596,-3.318186220030343,1.4070227095868446,1.3919782744896834,0.7305972124779422,64.90747828819478,50.52410126825079,READY,12.5,False,84.59752380414957,32.68246504139968,2,80.87687611069552,WARNING,MEDIUM,ACTIVE,1,3,0
2025-03-04 23:06:11.854,5187.537008884194,329.1228282561278,49.927088426325064,0.7567118052056314,-2.868835282946221,1.4062565947830539,1.3255813932369995,0.7372475347370339,64.88014015730116,36.27549783506973,READY,12.5,False,84.6110474345262,32.6191457921576,2,81.2564410456619,WARNING,MEDIUM,ACTIVE,1,3,0
2025-03-04 23:06:11.882,5192.751609839294,330.214779814985,49.446381545091,0.7849699933408654,-2.8553824901769773,1.36668006603176,1.4002679293781763,0.7429137354177068,64.86274291501582,71.75594111248701,READY,12.5,False,84.47238368605144,32.534945341524875,2,81.49007109484059,WARNING,MEDIUM,ACTIVE,1,3,0
2025-03-04 23:06:11.921,5178.023470942746,328.68412919754184,49.88881903377484,0.7309688838809641,-2.998176121680131,1.384657659242005,1.4224979109823377,0.7392944107260879,64.84478831350475,85.42267494139779,READY,12.5,False,84.40065528362808,32.439535739246146,2,81.51919901265808,WARNING,MEDIUM,ACTIVE,1,3,0
2025-03-04 23:06:11.956,5164.556058526076,328.03451726830224,49.492465036234506,0.6546084039792053,-3.407785798129398,1.4046293016868467,1.5068551886950592,0.7426583220972441,64.8328063697516,36.350791027063195,READY,12.5,False,84.52742342802304,32.38760981961906,2,81.98105528515971,WARNING,MEDIUM,ACTIVE,1,3,0
2025-03-04 23:06:11.990,5176.204316308601,327.3970167487302,49.84333298611288,0.4521232479399698,-3.3105168538927687,1.4353714384558685,1.496977497430591,0.7373662589571408,64.79980130494391,68.48934552499172,READY,12.5,False,84.59439842125802,32.32841088208992,2,81.62692647752874,WARNING,LOW,ACTIVE,0,3,0
2025-03-04 23:06:12.023,5190.565629208593,328.5139575670848,49.64162857867968,0.29006214755645426,-3.439460024996996,1.4088527709919447,1.5765074573579019,0.7450802434499387,64.76989719986457,64.85806254907752,READY,12.5,False,84.78623512878592,32.27434274111607,2,81.47548813345769,WARNING,LOW,ACTIVE,0,3,0
2025-03-04 23:06:12.070,5188.038584626519,326.5290593209669,49.52983219140921,0.29874258141984233,-3.475988651196672,1.4404645381870171,1.5085286381319731,0.7464700918480335,64.72276035831818,40.11800402537407,READY,12.5,False,84.79395736857143,32.1952066940629,2,81.36278883096473,WARNING,LOW,ACTIVE,2,3,0
2025-03-04 23:06:12.081,5175.9705870466805,327.8682078288255,49.097566235454224,0.5049110801802004,-3.0850890921246146,1.4732074759626306,1.4519374321268712,0.7429043390546537,64.7098319201387,62.52550817012635,READY,12.5,False,84.67458301162497,32.11702154037174,2,81.46529703972678,WARNING,LOW,ACTIVE,2,3,0
2025-03-04 23:06:12.110,5194.828678199675,329.1121924733617,49.02861762403232,0.6419413190885275,-2.774540006837272,1.480422417585026,1.4975785194293847,0.7478848813535677,64.68606647695304,105.83154909953686,READY,12.5,False,84.59806238250913,32.05259649950976,2,81.69591470638085,WARNING,LOW,ACTIVE,2,3,0
2025-03-04 23:06:12.144,5204.543754508552,327.9703759487566,48.719593702829584,0.9081623469176359,-2.7890283536911813,1.441184591912711,1.4879383811258375,0.7532060677702457,64.63893998157931,78.09291096254738,READY,12.5,False,84.42966887739313,31.986598508814932,2,81.85365911851935,WARNING,LOW,ACTIVE,2,3,0
2025-03-04 23:06:12.177,5191.766934804816,329.5902361024799,48.82537261379983,1.0817363115948386,-2.64129297615939,1.4379481825644462,1.5734671919605803,0.7468122190212325,64.6174456366327,124.73846195743963,READY,12.5,False,84.43207142965898,31.917641480260844,2,82.05493203526885,WARNING,LOW,ACTIVE,2,3,0
2025-03-04 23:06:12.212,5176.682957740342,328.9531996260597,49.225414596727546,1.1952402103427304,-2.301171887327884,1.4175969706722213,1.593701260968042,0.7488564544402663,64.5797197577515,92.75967841222494,READY,12.5,False,84.25498013702348,31.858432503838863,2,81.74665708352633,WARNING,LOW,ACTIVE,2,3,0
2025-03-04 23:06:12.246,5163.396316438992,328.9910109824902,48.95408795915678,1.3110992217780644,-1.905316688891078,1.4545692568501427,1.6154664534473646,0.747581649166237,64.5546517721368,69.10944023542366,READY,12.5,False,84.36234278275157,31.800851338199525,2,82.09125298022563,WARNING,LOW,ACTIVE,2,3,0
2025-03-04 23:06:12.276,5147.431908238774,329.67102233949294,49.10184423647883,1.4108697115297446,-2.3052417621530177,1.484839826280074,1.5342455077247932,0.747311984798725,64.52468119390088,106.20196508131697,READY,12.5,False,84.53866317824694,31.72204180508072,2,81.71291328916767,WARNING,LOW,ACTIVE,2,3,0
2025-03-04 23:06:12.309,5141.860594964866,330.67188227964425,49.20399343130746,1.501378987808575,-1.9890266445795677,1.4723662594768476,1.5051923142010195,0.7561515488272748,64.49949843783699,126.88143695704612,READY,12.5,False,84.65804401586045,31.62803450569866,2,81.61303260334842,WARNING,LOW,ACTIVE,2,3,0
2025-03-04 23:06:12.344,5161.751455146345,330.7918373629283,48.95629946210747,1.6833857862195287,-1.901795091622032,1.4785513515503497,1.551304357745037,0.7657610368229103,64.46803729890972,151.31806669259703,READY,12.5,False,84.78564917596009,31.564976342359184,2,81.64026137240693,WARNING,LOW,ACTIVE,2,3,0
2025-03-04 23:06:12.380,5177.007762708225,332.3441312756121,49.29702152713708,1.7062629287412436,-1.7274734512783796,1.48488730291946,1.5758237583463213,0.7713303531921308,64.42341360206723,121.02058948124375,READY,12.5,False,84.62580140725032,31.510530781682135,2,81.71010344540636,WARNING,LOW,ACTIVE,2,3,0
2025-03-04 23:06:12.420,5191.688575363242,332.52897080434343,49.53014870278405,1.6023600098148785,-1.4333010605232666,1.451308408679012,1.540738673578382,0.7692708586387713,64.38647989925035,150.41581685845767,READY,12.5,False,84.43207028215889,31.42680898957685,2,81.47207144874248,WARNING,LOW,ACTIVE,2,3,0
2025-03-04 23:06:12.457,5180.560305881591,333.5401869870307,49.85713842353968,1.4675803128844462,-1.1496981024562203,1.4123087170125768,1.5361564965468866,0.7716555200389497,64.3373478522439,145.68063818572745,READY,12.5,False,84.35232325683054,31.345706084203076,2,81.35504917984507,WARNING,LOW,ACTIVE,2,3,0
2025-03-04 23:06:12.488,5186.4269125832925,333.2285120771565,50.179492966487494,1.456635440246132,-0.9696647416097971,1.4237049782215978,1.6027221399216978,0.7755309595669412,64.32574900220762,101.78393660629737,READY,12.5,False,84.39049177381814,31.260887515451095,2,81.13155259512439,WARNING,LOW,ACTIVE,2,3,0
2025-03-04 23:06:12.520,5195.130469961944,332.21043640685417,50.540035144002076,1.5511577999166477,-1.3047009534315166,1.3746495907880467,1.5866930827810894,0.7773836571849084,64.2852102529971,97.67326377077555,READY,12.5,False,84.22643396166534,31.180280118222207,2,81.29512278940801,WARNING,LOW,ACTIVE,2,3,0
2025-03-04 23:06:12.555,5185.516940404807,330.33020750736455,50.79665199053552,1.6131859198110245,-1.2266142403898983,1.402440745802312,1.5633901090877518,0.7689534614608701,64.2555865285638,104.02842637185755,READY,12.5,False,84.16532920760362,31.122935035124335,2,81.2480565559377,WARNING,LOW,ACTIVE,2,3,0
2025-03-04 23:06:12.587,5166.047116678173,329.03490575786896,50.88993858611761,1.46788434398927,-0.9317354177158688,1.386668659434674,1.6530277721798958,0.7632165097558555,64.2057765574003,66.51864764445111,READY,12.5,False,84.28577234580723,31.06235972833675,2,81.39155425623501,WARNING,LOW,ACTIVE,2,3,0
2025-03-04 23:06:12.620,5170.274621961395,327.06863415550356,51.16972051948624,1.6907876519535174,-1.1935200582916807,1.4112920300591294,1.6554989338412365,0.7690417680269789,64.16166406746554,19.30147434335204,READY,12.5,False,84.15195256484093,30.9990102170173,2,81.30470728693672,WARNING,LOW,ACTIVE,2,3,0
2025-03-04 23:06:12.656,5176.270714627634,327.5455522442204,51.59540604302169,1.9081046021301462,-0.9721348829404199,1.4181225627767642,1.6788583110522821,0.7746490733072566,64.11735275865117,-10.220084837348843,READY,12.5,False,84.00740922059742,30.903530696160335,2,81.29455417342002,WARNING,LOW,ACTIVE,2,3,0
2025-03-04 23:06:12.691,5188.642236671088,326.4889079224577,51.93761806395949,1.9243229512026594,-0.9650609547211695,1.3731355144349449,1.6077389112350375,0.7737501119885475,64.09623191135054,31.77331096308381,READY,12.5,False,83.98888921739768,30.810033463804675,2,81.68219398779854,WARNING,LOW,ACTIVE,2,3,0
2025-03-04 23:06:12.725,5187.2590563640115,325.2957231699837,52.290110070904966,1.6681423555790027,-0.8464106146477041,1.3357115053941464,1.5974865573868626,0.7686302221521384,64.07118547137013,58.00973400265848,READY,12.5,False,83.84416576079948,30.718579850764286,2,82.14899942233798,WARNING,LOW,ACTIVE,2,3,0
2025-03-04 23:06:12.761,5183.26207371606,323.47427081074477,51.975659117291386,1.7383271354502592,-0.8376008148950218,1.366489990746626,1.6214931103035939,0.7634583826935475,64.0429384931911,65.98830077228008,READY,12.5,False,83.67268641790537,30.643634031619836,2,82.00786946989665,WARNING,LOW,ACTIVE,2,3,0
2025-03-04 23:06:12.780,5198.214868778117,324.34848041232755,52.18811425871359,1.9574526956695768,-1.0736179167928301,1.3215242616136798,1.5635994752360571,0.7598572090768593,64.01223200686009,54.961814356980476,READY,12.5,False,83.66483184470161,30.57363644535733,2,82.32340544221199,WARNING,LOW,ACTIVE,2,3,0
2025-03-04 23:06:12.811,5206.819311046009,324.0561850585509,52.14646343678212,1.8753720939075043,-0.6749026855427646,1.2988113776281616,1.4927271533337383,0.7524047972433815,63.996358947763824,84.36189733876421,READY,12.5,False,83.4788176302846,30.50917076086367,2,82.69182405837832,WARNING,LOW,ACTIVE,2,3,0
2025-03-04 23:06:12.844,5222.5508058366095,325.9202461505585,52.508222034544374,1.9961230599002024,-1.0882474053675013,1.294689197406454,1.4094226384205668,0.7553900569840541,63.95724553287267,68.54970877273865,READY,12.5,False,83.52168627368957,30.42921237656003,2,82.19709423313707,WARNING,LOW,ACTIVE,2,3,0
2025-03-04 23:06:12.875,5232.189720342303,326.84499256284516,52.63174766685454,1.7044790419738354,-1.1165998831266861,1.3250151195179034,1.373526800611742,0.7512692739194505,63.91038885586632,108.31222840549509,READY,12.5,False,83.6132867051728,30.33917094792055,2,81.78321336796364,WARNING,LOW,ACTIVE,2,3,0
2025-03-04 23:06:12.910,5213.89406236897,325.76220455713565,53.04884777359238,1.6304957808224618,-1.230848721438883,1.354028543176235,1.4440730612385055,0.756013533086875,63.89295583332753,141.3370945052034,READY,12.5,False,83.77429398583526,30.24312734891715,2,81.97301787621006,WARNING,LOW,ACTIVE,2,3,0
2025-03-04 23:06:12.945,5210.970200979401,324.5200162693494,52.721948484355366,1.5846116711120053,-1.6986924473097558,1.3045610695821002,1.4197291488809594,0.7524664278134439,63.87467419152488,166.76399726850838,READY,12.5,False,83.68275705904999,30.174989689389342,2,81.71384583669087,WARNING,LOW,ACTIVE,2,3,0
2025-03-04 23:06:12.977,5223.780876109729,325.087259908134,52.33093428883707,1.7307966534539534,-1.728326366772345,1.3256484786433456,1.497330176954209,0.7555734722083504,63.84391191089694,172.87753163465263,READY,12.5,False,83.55542017363562,30.11146873672275,2,82.17963395209529,WARNING,LOW,ACTIVE,2,3,0
2025-03-04 23:06:13.008,5235.894743143921,323.13608240578657,52.461253576842985,1.9830904316432512,-1.27028832011359,1.2861439838875686,1.526930396011357,0.7510841367320675,63.82522840985652,219.39163730043686,READY,12.5,False,83.66551127760799,30.047088677034093,2,81.84465780822376,WARNING,LOW,ACTIVE,2,3,0
2025-03-04 23:06:13.048,5242.378627371455,323.04970968350165,52.660015037088925,1.9201970952565859,-1.524809961932195,1.328200420133292,1.5047447761677186,0.7458033723731244,63.792179132917724,176.4805937661881,READY,12.5,False,83.66495926940912,29.994448183324774,2,82.11079043950492,WARNING,LOW,ACTIVE,2,3,0
2025-03-04 23:06:13.087,5227.879195358171,324.81894375817353,53.14352613966846,2.125345007234389,-1.5985936925151143,1.2992025078405922,1.4144937058454448,0.7430270888869432,63.74264920002432,141.97593127034673,READY,12.5,False,83.7270819014772,29.93531654854856,2,82.38385447655405,WARNING,LOW,ACTIVE,2,3,0
2025-03-04 23:06:13.122,5243.387986285435,324.53510470722966,53.4002458892189,2.216911121756632,-1.9964600086876025,1.2804450864626804,1.3810687863041045,0.7436668643044729,63.71925035850087,159.18308953455204,READY,12.5,False,83.53708422696513,29.875953354635428,2,82.65037342767535,WARNING,MEDIUM,ACTIVE,2,3,0
2025-03-04 23:06:13.160,5237.497979180871,323.65071147998185,53.798408390954414,2.20400309041697,-1.746074248290575,1.2723759919227828,1.3680754679346019,0.7370867575643212,63.70219616825433,110.73359163099681,READY,12.5,False,83.73607416762857,29.808912106084254,2,83.11146147968547,WARNING,MEDIUM,ACTIVE,2,3,0
2025-03-04 23:06:13.190,5250.400618347465,322.8530458595049,54.25246567455271,2.352660696752793,-2.1618366281844597,1.2278576033735333,1.4670569999385414,0.7374820593281289,63.66125776193995,93.03636636227702,READY,12.5,False,83.5451213153764,29.724543410923904,2,83.1682258263559,WARNING,MEDIUM,ACTIVE,2,3,0
2025-03-04 23:06:13.222,5258.732097048038,324.18994313230445,54.680863010540605,2.3171581907994687,-2.545060824367031,1.2185838951967372,1.5490496313375381,0.7317919211738824,63.64208243608086,131.7666009953093,READY,12.5,False,83.71356815101066,29.643115311866477,2,83.29604209582037,WARNING,MEDIUM,ACTIVE,2,3,0
2025-03-04 23:06:13.256,5244.492186401108,324.7799143018165,54.21524297350245,2.245453174497502,-2.084588545387523,1.193802347227757,1.6285604530294433,0.7313251967545845,63.61534039975101,174.81865915762666,READY,12.5,False,83.66947744680706,29.579985142068743,2,83.36716262514062,CAUTION,MEDIUM,ACTIVE,2,3,0
2025-03-04 23:06:13.290,5239.63858482944,326.43673473545084,53.888562782472285,2.3531462146361015,-2.45398396418942,1.1456412294297729,1.6024284073551138,0.7240305195928641,63.58262087339186,173.6825032413765,READY,12.5,False,83.7093024072113,29.488015778001046,2,83.48642354166394,CAUTION,MEDIUM,ACTIVE,2,3,0
2025-03-04 23:06:13.326,5220.301425706525,325.549810084781,54.00501037941644,2.1355469146827764,-2.304642703294135,1.1404623571840289,1.6882869796756086,0.7196974140388642,63.541939515019116,204.27321714462323,READY,12.5,False,83.63287946626501,29.418707352823898,2,83.1420340082911,CAUTION,MEDIUM,ACTIVE,2,3,0
2025-03-04 23:06:13.359,5223.314948241481,326.7463232421648,53.800581202174776,2.0434579520679854,-2.301268380662327,1.1157688769321163,1.6818168358708439,0.7142248709600301,63.49643071590293,179.63833560450794,READY,12.5,False,83.77439796092972,29.337134474460225,2,83.21780850153812,CAUTION,MEDIUM,ACTIVE,2,3,0
2025-03-04 23:06:13.390,5240.613898768733,326.4996360719564,53.63675567833174,1.857672008870707,-1.8535727853956507,1.080681191262318,1.7443586721628275,0.7178524488781345,63.468744287550344,152.55296699504123,READY,12.5,False,83.69178624022956,29.263333528950007,2,82.83856733357048,CAUTION,MEDIUM,ACTIVE,2,3,0
2025-03-04 23:06:13.418,5234.825833996536,328.00880503054987,53.896655579481475,1.7002018879421597,-2.079311318054583,1.1135263022171604,1.7004858285680822,0.7260462511635583,63.432972108190526,152.79066684392618,READY,12.5,False,83.64432721364936,29.182189795716717,2,82.48414847515575,CAUTION,MEDIUM,ACTIVE,2,3,0
2025-03-04 23:06:13.444,5216.623222943262,329.9947489124042,54.25152470747442,1.984786323608209,-1.8859621135778522,1.087283513239032,1.7576286418715406,0.7238421702762006,63.416409625219536,178.30649511379204,READY,12.5,False,83.78495692363671,29.108693836298194,2,82.48610987134485,CAUTION,MEDIUM,ACTIVE,2,3,0
2025-03-04 23:06:13.475,5223.9493943077205,331.3580868696774,54.55979933833188,1.7692267878835142,-2.0118103216241465,1.0517511106087039,1.806502588251313,0.7190637609795197,63.40457073677735,149.38014735602178,READY,12.5,False,83.79778045900498,29.032467852671118,2,82.91087761149394,CAUTION,MEDIUM,ACTIVE,2,3,0
2025-03-04 23:06:13.512,5209.9432493108,329.64993724113316,54.44273854587484,1.8226547085517502,-2.448113793950223,1.0642088186558025,1.7543962633660553,0.7125571049359767,63.38458952907937,171.4833784044098,READY,12.5,False,83.74020419800995,28.972041006876736,2,83.07767537124246,CAUTION,MEDIUM,ACTIVE,2,3,0
2025-03-04 23:06:13.543,5205.574873410717,328.5234290342604,54.6714757970608,1.7556917223740203,-2.396522784769834,1.0369919763383144,1.681057914673956,0.7076276903022823,63.36751494116245,160.41333446765304,READY,12.5,False,83.67046004871672,28.894682734243744,2,82.67967383560779,CAUTION,MEDIUM,ACTIVE,2,3,0
2025-03-04 23:06:13.577,5188.026769300243,327.9348774389081,55.053174847536866,1.9701165054783432,-2.058674787495005,1.0809078569130943,1.7006175706991118,0.7109938132434432,63.32749647065034,169.4472240324307,READY,12.5,False,83.48122248295809,28.82059113095785,2,82.56646986211967,CAUTION,MEDIUM,ACTIVE,2,3,0
2025-03-04 23:06:13.621,5170.3200947569085,327.6542627301648,55.13343666182149,2.2303638657951206,-2.5119706522720313,1.0561705394735386,1.6928387795632833,0.7032670466860432,63.30791468385878,147.6542261588144,READY,12.5,False,83.39168072219647,28.743218585821403,2,82.11379967532538,CAUTION,MEDIUM,ACTIVE,2,3,0
2025-03-04 23:06:13.653,5167.112021808584,329.4864637824426,54.749527772339626,2.4227059417924406,-2.374867737134141,1.0833759721430298,1.6336301101718504,0.6980541558572705,63.28616870900463,121.2945093825742,READY,12.5,False,83.44879731510328,28.66414875880296,2,82.27606595700826,CAUTION,MEDIUM,ACTIVE,2,3,0
2025-03-04 23:06:13.684,5156.179587657729,327.51676749266505,54.60436254223276,2.6436461096924218,-1.9376234058887252,1.1215260856500604,1.684485201413699,0.7034435802360052,63.260513293674556,71.70219705100806,READY,12.5,False,83.35427375569623,28.57965863352681,2,81.9413375336011,CAUTION,MEDIUM,ACTIVE,2,3,0
2025-03-04 23:06:13.717,5171.438178519793,327.20567614315655,54.129340687044795,2.8472229317181097,-1.4748868168289817,1.0971256027156495,1.6485718012059567,0.7119122959929902,63.21338773189061,74.06501405444149,READY,12.5,False,83.22586511417222,28.512500274108646,2,81.48844461909626,CAUTION,MEDIUM,ACTIVE,2,3,0
2025-03-04 23:06:13.747,5174.946441675869,327.488529565016,53.937235719035,2.721843488110959,-1.4798195107895766,1.12308095064337,1.7457412483090982,0.7125830979324378,63.194687784934416,83.3633012931115,READY,12.5,False,83.10264923493366,28.43031221873991,2,81.93990077896011,CAUTION,MEDIUM,ACTIVE,2,3,0
2025-03-04 23:06:13.777,5175.918777587173,326.5858288346301,54.22151191163714,2.6319064704723694,-1.2934069164898163,1.125584817475568,1.7255746899104285,0.7198591606231869,63.163405291798135,54.06424795284508,READY,12.5,False,83.2616179021115,28.333758255582122,2,82.4324890330392,CAUTION,MEDIUM,ACTIVE,2,3,0
2025-03-04 23:06:13.815,5190.079904787534,325.26820387655573,54.44383412571218,2.483941368068544,-1.1317283861366068,1.0766272234191119,1.694140062335313,0.7222928138770506,63.1290583616989,82.83280157608517,READY,12.5,False,83.21660856682131,28.250460706290557,2,82.44378234702778,CAUTION,MEDIUM,ACTIVE,2,3,0
2025-03-04 23:06:13.850,5187.288814622584,324.696679952836,54.715059330602415,2.2425162455463346,-0.6610459614657765,1.0474148977719067,1.627585652521546,0.7312155151603245,63.118532952692426,93.02452841700759,READY,12.5,False,83.32949861702816,28.16712715612027,2,82.7004000112895,CAUTION,MEDIUM,ACTIVE,2,3,0
2025-03-04 23:06:13.881,5171.3228677182215,323.70135588849774,55.030642811256996,2.5022137922151404,-0.5790449463271634,1.0273138991382658,1.5453157810503948,0.7379278774115677,63.10505787917567,102.44809749879423,READY,12.5,False,83.46560493015973,28.097509713919916,2,83.03787623402917,CAUTION,MEDIUM,ACTIVE,2,3,0
2025-03-04 23:06:13.918,5157.136842965652,323.43665555390265,54.8951127300921,2.298958640658979,-0.4762642380331825,1.045645704086068,1.5039268998146555,0.7329717287839524,63.09047469048428,54.5003073645212,READY,12.5,False,83.64002337552083,28.04164845878489,2,83.06702629904724,CAUTION,MEDIUM,ACTIVE,2,3,0
2025-03-04 23:06:13.951,5156.175784356866,324.10332571478955,54.891387027441546,2.343973334906045,-0.46932022651559113,1.0705933832104733,1.592534399317989,0.7392987056338244,63.0657320265728,22.041073740978696,READY,12.5,False,83.60142939857437,27.955468972929225,2,82.9755013087293,CAUTION,MEDIUM,ACTIVE,2,3,0
2025-03-04 23:06:13.982,5167.9199653969645,324.62017906964337,54.43200575576535,2.1529880065322007,-0.5645179490511792,1.1153025905898697,1.5335313829582289,0.729964882822136,63.0312565995974,14.520175862741134,READY,12.5,False,83.43890460685795,27.863726212111295,2,82.70934795537201,CAUTION,MEDIUM,ACTIVE,2,3,0
2025-03-04 23:06:14.018,5179.780601853797,326.1155478414137,54.32000856921294,2.258409167701526,-0.6450695268427651,1.1502717750668408,1.5773251462427988,0.7307052794810505,62.990897694444236,-29.182843532584123,READY,12.5,False,83.3461976615598,27.773032949035045,2,82.75323150325787,CAUTION,MEDIUM,ACTIVE,2,3,0
2025-03-04 23:06:14.047,5178.055362562344,326.20809865099955,54.08752740583132,2.33690846814452,-0.3900026631127833,1.1883662159501944,1.5491285135266049,0.7244798439504955,62.94659388516571,-20.84882024132805,READY,12.5,False,83.49310392646258,27.682859535033117,2,82.61270029212297,CAUTION,MEDIUM,ACTIVE,2,3,0
2025-03-04 23:06:14.077,5197.495582834374,324.9070724476663,54.250316159887305,2.20554202046358,-0.5687882683264318,1.2223260096326503,1.6283196723196331,0.730511461760947,62.93427816822503,-16.50494183625878,READY,12.5,False,83.34542927050683,27.592437930719164,2,82.87732698716222,CAUTION,MEDIUM,ACTIVE,2,3,0
2025-03-04 23:06:14.115,5179.20551504722,323.447389066904,54.61435620316866,2.25204606611728,-0.5005434435323802,1.1860111257842438,1.5431839646027803,0.7386232878254703,62.88520351768838,18.231609436673722,READY,12.5,False,83.24025152976598,27.526406815498053,2,82.76745238531821,CAUTION,MEDIUM,ACTIVE,2,3,0
2025-03-04 23:06:14.156,5167.853691281208,322.6357656962487,55.08994955427609,2.121119343226633,-0.6493994292401952,1.1914845454727263,1.5875907570321754,0.7360304011077847,62.83662633600305,29.322713626404195,READY,12.5,False,83.08800108358172,27.467274282505105,2,82.40079147968078,CAUTION,MEDIUM,ACTIVE,2,3,0
2025-03-04 23:06:14.188,5154.230072823856,321.8468946658039,55.205108708476914,2.38539488775784,-0.6368584459132007,1.224880006768181,1.5970968809616448,0.7324044204255292,62.79985798007073,41.59391527287818,READY,12.5,False,83.28487666470511,27.406324407659255,2,82.05941177217872,CAUTION,MEDIUM,ACTIVE,2,3,0
2025-03-04 23:06:14.219,5170.818818610628,320.60346482080416,55.09709899947601,2.5014908594202505,-0.41899822181322766,1.230033395168523,1.691521508621403,0.7228224471710581,62.773835064861956,53.19910852562448,READY,12.5,False,83.15743936576342,27.341901987815483,2,81.93947120049029,CAUTION,MEDIUM,ACTIVE,2,3,0
2025-03-04 23:06:14.247,5156.310871343763,319.74413157973737,54.82361987828323,2.4852937276768867,-0.596703893195223,1.190506342985459,1.689126757222967,0.7209356516845444,62.749700938718,97.45169907096601,READY,12.5,False,83.20811808434271,27.250625638996837,2,82.43001171726732,CAUTION,MEDIUM,ACTIVE,2,3,0
2025-03-04 23:06:14.279,5141.8675998569015,318.65872075856805,54.943251160406355,2.6781409756355763,-0.6227536775868849,1.1534910742195477,1.666140481041253,0.7278466655700357,62.73564657563157,75.31169397754212,READY,12.5,False,83.01686290544454,27.152862014628628,2,82.88600170947183,CAUTION,MEDIUM,ACTIVE,2,3,1
2025-03-04 23:06:14.315,5154.258413124337,318.82780543642605,54.95996639221226,2.6678451804226593,-0.7438151676258253,1.1250973103191015,1.6016766483502127,0.7346396032900617,62.692281557070935,60.95430880923237,READY,12.5,False,83.13254443234345,27.056237196058127,2,83.28152205292957,CAUTION,MEDIUM,ACTIVE,2,3,1
2025-03-04 23:06:14.347,5165.89066848824,320.42421479136806,54.47245073712161,2.855161040152226,-0.6810830498090863,1.161356370128718,1.5760264420657302,0.7248226614662447,62.6644690448045,103.81605440583155,READY,12.5,False,83.19487786003714,26.963529571593284,3,83.4657399823281,CAUTION,MEDIUM,ACTIVE,2,3,1
2025-03-04 23:06:14.380,5146.494274420832,322.09081809722875,54.38385563878331,2.854279889474973,-0.3939211022902307,1.1293932261807835,1.4976183542157806,0.7262838663760098,62.63895215233512,89.04819303741957,READY,12.5,False,83.28811623418952,26.89639063586165,3,83.94648937710107,CAUTION,MEDIUM,ACTIVE,2,3,1
2025-03-04 23:06:14.416,5151.320072028541,320.77025834536175,54.452487063533475,2.866109546958592,-0.7153752247413866,1.1603253046708295,1.495452746884996,0.7360405134292508,62.58908151768855,44.68171485477201,READY,12.5,False,83.30662124284231,26.814339119414267,3,83.93192189718158,CAUTION,MEDIUM,ACTIVE,2,3,0
2025-03-04 23:06:14.447,5144.701164026234,320.0882061422553,54.74407317862816,2.6361994878903947,-1.1545207414716652,1.1553634379334166,1.53432231014901,0.744409340432857,62.54517637009526,65.30824584251245,READY,12.5,False,83.27685190749217,26.732884596480467,3,84.11698267001421,CAUTION,MEDIUM,ACTIVE,2,3,0
2025-03-04 23:06:14.479,5126.264382844991,320.67124590747534,55.129707146277596,2.630804779201218,-1.066174287354016,1.1789620819581323,1.493982424019201,0.7437504613571584,62.530807148024785,53.27493849362774,READY,12.5,False,83.34949919751301,26.65738493538672,3,84.07591823500434,CAUTION,MEDIUM,ACTIVE,2,3,0
2025-03-04 23:06:14.513,5142.275603718419,320.01201700314056,54.876272220178414,2.484474768065283,-0.9069502638729411,1.19695745636727,1.4263060531422138,0.7451287319349219,62.5063387966373,31.36046994778328,READY,12.5,False,83.41935558139654,26.603951403094943,3,84.31313783404211,CAUTION,MEDIUM,ACTIVE,2,3,0
2025-03-04 23:06:14.543,5153.278761758337,320.4944086036781,54.91579609773698,2.5283843424452357,-1.3260722500835893,1.2202003151840046,1.3635816070955777,0.7429766771874768,62.46645834644364,60.86906217781027,READY,12.5,False,83.3601293156323,26.547759526808093,3,84.44692346374072,CAUTION,MEDIUM,ACTIVE,2,3,0
2025-03-04 23:06:14.575,5156.875530077618,320.37285710679555,54.93867177823783,2.5855399944734954,-1.3742262472431954,1.2232045894734858,1.4420576439470987,0.7388958432441429,62.42338690143456,73.31350502316484,READY,12.5,False,83.44162503117772,26.47624423971403,3,83.97536602497476,CAUTION,MEDIUM,ACTIVE,2,3,0
2025-03-04 23:06:14.612,5140.019293626987,319.6645811496325,55.36541366871744,2.788593799859943,-1.0800195303623825,1.1826002969541864,1.4005794828695795,0.736569364695741,62.39224662693841,88.95387288844373,READY,12.5,False,83.52306946628084,26.420494568648994,3,84.35119119530707,CAUTION,MEDIUM,ACTIVE,2,3,0
2025-03-04 23:06:14.643,5134.5555912403215,321.2488899621494,55.6124003955526,2.640681813333593,-1.4389226341328014,1.1448031521460142,1.338433122055692,0.7359887755353282,62.371809241572265,47.87286054901309,READY,12.5,False,83.66863839842932,26.334596132637376,3,83.98992238709803,CAUTION,MEDIUM,ACTIVE,2,3,0
2025-03-04 23:06:14.676,5143.92148596201,320.1109461467024,55.27753748677888,2.915870386954523,-1.0078977625239665,1.1676865075941936,1.257659125016259,0.7456483169714214,62.32852499092262,28.60480569281843,READY,12.5,False,83.53451823689049,26.244008976081343,3,84.4370189048643,CAUTION,MEDIUM,ACTIVE,2,3,0
2025-03-04 23:06:14.711,5135.429446399558,320.2523780451693,54.85337877619463,2.92174854567455,-1.4657900188391768,1.1300080167220496,1.2808638639294168,0.7393929693354803,62.31432650550431,38.44395643549491,READY,12.5,False,83.42756494680526,26.163583444530392,3,84.76341651572135,CAUTION,MEDIUM,ACTIVE,2,3,0
2025-03-04 23:06:14.743,5139.872996918568,319.6015777592567,54.9992108583796,2.785884230845756,-1.601554426028287,1.167554319592779,1.2076412148555296,0.7303069406538883,62.280151815201066,38.91661821422641,READY,12.5,False,83.4174383883617,26.106425968015053,3,84.98848190404645,CAUTION,MEDIUM,ACTIVE,2,3,0
2025-03-04 23:06:14.776,5134.759446805154,321.2863544621198,54.524453407458346,3.076026936146716,-1.9449991326387457,1.1672490347676672,1.1492600269998625,0.730775268376578,62.26513208073655,47.2443626025374,READY,12.5,False,83.59159557098869,26.03887001257124,3,84.93159691169599,CAUTION,MEDIUM,ACTIVE,2,3,0
2025-03-04 23:06:14.812,5136.61512645447,319.7254539866728,54.072631224766106,3.3439898575114873,-2.2787837434937477,1.1341649660988762,1.1157798578688705,0.7250667959191848,62.22139333932947,87.19708759343075,READY,12.5,False,83.67600709649786,25.946796082909596,3,84.95902138176157,CAUTION,MEDIUM,ACTIVE,2,3,0
2025-03-04 23:06:14.844,5155.860939387147,321.084977686637,53.988495237395824,3.613979717266917,-2.383889403349129,1.1145832356726393,1.0473653258328577,0.7306009531964646,62.20736274141486,79.2017749388381,READY,12.5,False,83.5718001211116,25.858819180536187,3,84.62393894888486,CAUTION,MEDIUM,ACTIVE,2,3,0
2025-03-04 23:06:14.877,5166.369422336479,321.8176568967823,54.15510723809766,3.701881845530917,-2.600805649700877,1.1500396107417128,0.9881230711867819,0.7222686309917731,62.15972952150489,97.49026956852103,READY,12.5,False,83.7598273452827,25.78259594650706,3,84.9900976287569,CAUTION,MEDIUM,ACTIVE,2,3,0
2025-03-04 23:06:14.921,5150.800674977029,320.69349927098847,53.956166428565716,3.748093465953806,-2.2097767465653573,1.1362718021470932,1.0606785295879249,0.7152988187108014,62.13280493719941,66.2919871066859,READY,12.5,False,83.58644200352231,25.72991951776532,3,84.97896064620343,CAUTION,MEDIUM,ACTIVE,2,3,0
2025-03-04 23:06:14.953,5149.848936964911,319.10903540372317,54.14813011962322,3.5314209559598546,-1.752610865038429,1.136749815986344,0.9739543919886918,0.7252930574665692,62.11769180587785,63.61365936360778,READY,12.5,False,83.46921638744503,25.641163016723453,3,84.89531470122381,CAUTION,MEDIUM,ACTIVE,2,3,0
2025-03-04 23:06:14.977,5138.961833599019,320.9459011017937,54.58338146608399,3.730926641934717,-1.5043694964917749,1.0868882780676048,0.9097356599698478,0.7184152239857352,62.07648948114337,51.450056173277396,READY,12.5,False,83.59073263914684,25.58246037276682,3,84.46835517189287,CAUTION,MEDIUM,ACTIVE,2,3,0
2025-03-04 23:06:15.013,5125.291068275771,319.8925168825516,54.682101206795224,3.9826534920614867,-1.6404487420022265,1.0716625248328528,0.8731574371010096,0.7236149269636855,62.046702116487474,13.329567016778448,READY,12.5,False,83.5967616682565,25.493658416231117,3,83.98243838718409,CAUTION,MEDIUM,ACTIVE,2,3,0
2025-03-04 23:06:15.044,5120.199893258514,319.2417409710879,54.298841459806575,4.266628033073095,-1.5113568590719706,1.0268484764859183,0.7801928729517564,0.7316043662427422,62.02547624128582,-14.692894269289098,READY,12.5,False,83.52893444144851,25.42354816013129,3,83.9494456653122,CAUTION,MEDIUM,ACTIVE,2,3,0
2025-03-04 23:06:15.077,5137.316965784499,317.93782900387515,54.785604997697256,4.2442879789467565,-1.3393984124462945,0.9853472541223277,0.7020865519902183,0.7270926426356451,61.98506850286455,-27.141062125038935,READY,12.5,False,83.48127364686054,25.368936775786317,3,83.6447664255663,CAUTION,MEDIUM,ACTIVE,2,3,0
2025-03-04 23:06:15.111,5123.945465707124,317.1558311676503,55.02666517866033,4.475045270829698,-1.8289786692841674,1.0257037800050357,0.8010390628402381,0.7357567624507397,61.96634915035505,-26.16408697562342,READY,12.5,False,83.4046030097536,25.30560621364513,3,83.43001595215729,CAUTION,MEDIUM,ACTIVE,2,3,0
2025-03-04 23:06:15.144,5132.651305867541,317.3620919018156,55.20940631125701,4.230743344053497,-1.4813358192275652,0.989327642363536,0.8876412933478923,0.7403828737254295,61.94647629482781,-19.86038787183842,READY,12.5,False,83.3939207811342,25.219244759152136,3,83.48344173501046,CAUTION,MEDIUM,ACTIVE,2,3,0
2025-03-04 23:06:15.177,5138.324653962628,315.9849743777552,55.47476723419875,4.055911102976412,-1.4696702809243642,1.0102052287464602,0.8291268776529891,0.7360943821343048,61.92165218304831,-50.31571352357598,READY,12.5,False,83.34055258512782,25.14685325327477,3,83.6821437991062,CAUTION,MEDIUM,ACTIVE,2,3,0
2025-03-04 23:06:15.216,5155.833385173811,316.01095938837676,55.01166531176668,3.7592634210030034,-1.7174307655919852,0.9714306826479455,0.902068739690009,0.7438367115121971,61.90475900564172,-60.43116834533031,READY,12.5,False,83.16016772235261,25.050562368111866,3,83.85821951419682,CAUTION,MEDIUM,ACTIVE,2,2,0
2025-03-04 23:06:15.246,5150.412806219692,317.25712093667744,54.65045086723041,3.630581152918089,-1.39960559628928,1.0025344197037869,0.9025570817715918,0.7446288280480878,61.86790572038635,-101.3483970555825,READY,12.5,False,83.13851738637366,24.98145458021807,3,84.06782665603194,CAUTION,MEDIUM,ACTIVE,2,2,0
2025-03-04 23:06:15.278,5167.172323795079,317.65664603184507,54.60900128318245,3.5384193967852244,-1.1323145884095114,0.9732949972183099,1.0011364653588175,0.7413972393440691,61.8370591335613,-118.55282314855178,READY,12.5,False,83.08389281185607,24.88362137048965,3,84.43142987104316,CAUTION,MEDIUM,ACTIVE,2,2,0
2025-03-04 23:06:15.315,5159.027375438148,317.4865771026521,54.711291996199286,3.774221103374062,-1.4127174397255633,0.9570235658693418,1.061521434968829,0.7320358827134055,61.79159847416074,-142.69807643667392,READY,12.5,False,83.09728676223203,24.81639746578246,3,84.83029348763256,CAUTION,MEDIUM,ACTIVE,2,2,0
2025-03-04 23:06:15.347,5156.279465160903,318.3547855363666,55.12807395435362,3.977034922198994,-1.3681697718766497,0.9521717503543858,0.9975450361235222,0.7299269741248324,61.744032318400414,-179.83967311690645,READY,12.5,False,83.27784222500736,24.729256498927093,3,85.00477980697848,CAUTION,MEDIUM,ACTIVE,2,2,0
2025-03-04 23:06:15.377,5162.329589344801,320.3277373831366,55.27508204045946,3.693024156158473,-1.014015280879564,0.9421262855607364,0.9299747744265345,0.7216534536505647,61.70635772276729,-145.2106933616506,READY,12.5,False,83.21097141707924,24.67489028237288,3,84.9800211245134,CAUTION,MEDIUM,ACTIVE,2,2,0
2025-03-04 23:06:15.412,5178.458646446523,319.7955719229816,55.186360554829704,3.7023180877240454,-1.4144220084728623,0.9144987160758912,1.0151920712198284,0.7288248076635895,61.66858419233485,-183.06867994177105,READY,12.5,False,83.40532144414102,24.598852578181255,3,85.36816798749965,CAUTION,MEDIUM,ACTIVE,2,2,0
2025-03-04 23:06:15.448,5169.347813866337,317.99836559064516,54.86002441176214,3.9257128613981087,-0.9198713255272901,0.9287729101007064,0.9291192547986549,0.7349196995381304,61.638022064029265,-163.25691126029417,READY,12.5,False,83.44920220605184,24.511412948712962,3,85.55037204732258,CAUTION,MEDIUM,ACTIVE,2,2,0
2025-03-04 23:06:15.482,5167.030332435328,318.4642042930761,55.02597831959569,3.894108454997693,-1.066180941690737,0.898595014183114,0.9282231500949916,0.7419185880100323,61.620205784173706,-173.88502817905135,READY,12.5,False,83.40558393555416,24.413340038731654,3,85.94635755588382,CAUTION,MEDIUM,ACTIVE,2,2,0
2025-03-04 23:06:15.513,5173.147142682645,318.0785851630459,54.79648201790236,3.623321620708122,-0.6840735210217901,0.8622056051002855,0.8730207726378866,0.7433672105003106,61.58250070590657,-188.47270812058667,READY,12.5,False,83.37174377879289,24.336546021731042,3,85.74308281666953,CAUTION,MEDIUM,ACTIVE,2,2,0
2025-03-04 23:06:15.544,5164.713312589744,319.5657177885263,55.20050223794621,3.453927000211087,-0.9548287551323765,0.9007035720180956,0.9340929186072136,0.7394552252288834,61.537124521725694,-222.13896281231024,READY,12.5,False,83.47307273024116,24.254985741264058,3,85.76762932981221,CAUTION,MEDIUM,ACTIVE,2,2,0
2025-03-04 23:06:15.583,5183.538936578887,317.72816085183,55.65403558751468,3.1618787284615095,-1.3681867613571932,0.9165294880380384,0.9071431897040217,0.7429244815786302,61.51803071796575,-218.04913603539916,READY,12.5,False,83.5695596001568,24.195148452903823,3,86.0249660703183,CAUTION,MEDIUM,ACTIVE,2,2,0
2025-03-04 23:06:15.614,5164.753589288325,315.767096491648,55.32298666174927,3.4503486778179138,-1.545731796314302,0.889039084844794,0.8611041441574597,0.7456539461020877,61.48802191013948,-177.90606657174175,READY,12.5,False,83.76133407881694,24.108780264424926,3,85.74290141068154,CAUTION,MEDIUM,ACTIVE,2,2,2
2025-03-04 23:06:15.648,5156.447818382366,316.66759964786723,55.00317231456724,3.2962089039682576,-1.174343306714591,0.8451548485489113,0.9530466748225259,0.7369599174456135,61.47386702124892,-185.9091244472276,READY,12.5,False,83.79074913225654,24.039277299588235,3,85.26171873336874,CAUTION,MEDIUM,ACTIVE,2,2,2
2025-03-04 23:06:15.684,5138.3167012896,314.71811877957316,54.83984815322948,3.055708024912938,-1.4629887865706648,0.8592786546699224,0.8837202436925471,0.7361406636568246,61.439331967734674,-228.24465671998152,READY,12.5,False,83.86913295539901,23.96767894281149,3,85.03799361612418,CAUTION,MEDIUM,ACTIVE,2,2,2
2025-03-04 23:06:15.714,5145.850997587146,313.06565652992174,54.41478793936934,2.848673408920412,-1.278121406712607,0.81555321893316,0.965876166848467,0.7296916014731795,61.4191044688791,-210.81645332546532,READY,12.5,False,83.99375690454912,23.875677966348466,3,85.02269662668594,CAUTION,MEDIUM,ACTIVE,2,2,2
2025-03-04 23:06:15.746,5140.10151239673,313.67745669249166,54.700692953175846,2.572977086973494,-1.5206976663305376,0.8366371285440033,0.9929493735689454,0.7246216859953987,61.40250177540865,-171.33801519938453,READY,12.5,False,83.82297284632986,23.803245636792894,3,84.6840464753569,CAUTION,MEDIUM,ACTIVE,2,2,2
2025-03-04 23:06:15.782,5144.7871064715855,312.33844326538565,54.68097659764024,2.8571327280549057,-1.0407656613050316,0.8133381845392873,1.020754389668635,0.7166585614265472,61.36830409849277,-214.63778734926976,READY,12.5,False,83.72960425300147,23.716221799614047,3,84.29120706710461,CAUTION,MEDIUM,ACTIVE,2,2,2
2025-03-04 23:06:15.814,5162.716134432071,312.6223744262967,54.770534157776666,2.6384680846483013,-1.4020421285256983,0.8060408142477503,0.9496944677615484,0.7071944848911426,61.35097403473987,-262.63586704156415,READY,12.5,False,83.75334149391838,23.626770930656498,3,83.84860796533816,CAUTION,MEDIUM,ACTIVE,2,2,2
2025-03-04 23:06:15.856,5149.927348880184,311.9789970716721,54.54930983815951,2.377009048678487,-1.8579659490732463,0.8071347151446122,0.9428567755542114,0.7082429089245412,61.329683472626016,-221.53950123852098,READY,12.5,False,83.66194630522068,23.566465771490254,3,84.04886776177254,CAUTION,MEDIUM,ACTIVE,2,2,2
2025-03-04 23:06:15.884,5130.318346527506,312.3768362598643,54.562002894094256,2.6375259728573113,-1.684424485155209,0.8266400086643343,0.8582853153047437,0.7066015762689162,61.281364303259664,-234.18825789340843,READY,12.5,False,83.50375100758632,23.46745545294652,3,84.19914571488067,CAUTION,MEDIUM,ACTIVE,2,2,2
2025-03-04 23:06:15.912,5133.58634793959,310.613293327786,54.75111730156956,2.372565940119967,-1.286221761102719,0.823503219100622,0.8385747803514719,0.7076705348168781,61.2361044313832,-221.45975943993693,READY,12.5,False,83.47165006606457,23.395459312247212,3,83.9182530762473,CAUTION,MEDIUM,ACTIVE,2,2,2
2025-03-04 23:06:15.945,5151.079977791651,310.24016905434917,55.1586093421168,2.6071561069829503,-1.4665042284812313,0.8457750978819489,0.812493553071884,0.6990367393185116,61.19117465142263,-230.65537556716055,READY,12.5,False,83.3593828970718,23.298896892372426,3,83.78289630997185,CAUTION,MEDIUM,ACTIVE,2,2,2
2025-03-04 23:06:15.986,5142.567860007143,309.2570791334377,55.41246266786253,2.829575753485634,-1.7366962904397507,0.8408719752169953,0.7672123138292004,0.6988934861344315,61.14125817958172,-251.76619126622117,READY,12.5,False,83.44613864684202,23.209102933930986,3,84.1533882012224,CAUTION,MEDIUM,ACTIVE,2,2,2
2025-03-04 23:06:16.018,5128.095927918235,308.4979695784734,55.15452192836991,2.710860895545191,-1.4869892696513989,0.8684125036595672,0.7303009445406635,0.6937317128493675,61.11231602191222,-253.63269049132788,READY,12.5,False,83.54319923530896,23.119314167057095,3,84.24485957674199,CAUTION,MEDIUM,ACTIVE,2,2,2
2025-03-04 23:06:16.050,5123.788577987781,310.3972517445434,55.353900872245596,2.592475707741015,-1.633966950810126,0.8369837416938564,0.7024675141021067,0.693849545488886,61.098101051220766,-225.66788694977726,READY,12.5,False,83.57810444953503,23.050435252127663,3,84.2886977900037,CAUTION,MEDIUM,ACTIVE,2,2,2
2025-03-04 23:06:16.088,5139.546352458253,308.61124960703626,55.616537947564744,2.5569812700689267,-1.966364220377371,0.8309293452900666,0.6893967223550277,0.69678211967455,61.048967210245586,-209.63265198103406,READY,12.5,False,83.75633551768533,22.986785097567736,3,84.40852392434232,CAUTION,MEDIUM,ACTIVE,3,2,2
2025-03-04 23:06:16.118,5136.11183655302,310.079848111913,55.32320286990003,2.309031674825363,-2.335897161418045,0.7904972579093485,0.6053091434271509,0.6992021861183373,61.02711069363502,-191.4474424509651,READY,12.5,False,83.94765515001231,22.91234175326761,3,84.67390634104589,CAUTION,MEDIUM,ACTIVE,3,2,2
2025-03-04 23:06:16.150,5150.198089549998,310.73382380417985,55.72868457360952,2.238409902167199,-2.7250992448477396,0.7414726885057017,0.6780984014310176,0.7061236259477364,60.98146381362821,-212.8513817352035,READY,12.5,False,83.81798745772613,22.82609812871697,3,84.22118376434595,CAUTION,MEDIUM,ACTIVE,3,2,2
2025-03-04 23:06:16.184,5155.542448641156,312.6354300386877,55.9286983584653,2.133767666922291,-2.6516801979650797,0.7520506793339209,0.6314328183068361,0.6970654330094594,60.93848045107211,-224.0972647963368,READY,12.5,False,83.96257658372761,22.774453299513816,3,83.99088848555004,CAUTION,MEDIUM,ACTIVE,3,2,2
2025-03-04 23:06:16.212,5166.217328763483,313.9115285220094,56.36116076558996,2.249149995728705,-2.59928443294799,0.7051066323704783,0.651388118139565,0.7000309496912518,60.89159845726544,-254.072508874816,READY,12.5,False,84.00715209137293,22.69914042417819,3,83.72839801210746,CAUTION,MEDIUM,ACTIVE,3,2,2
2025-03-04 23:06:16.246,5146.706782866346,312.1167439671341,56.14388540088773,2.27332841854286,-2.992762488235762,0.7190019180815134,0.7045217494397039,0.7084102685732275,60.842727793285306,-211.1700041277424,READY,12.5,False,83.87686809525908,22.61046679573389,3,83.82950435666591,CAUTION,MEDIUM,ACTIVE,3,2,2
2025-03-04 23:06:16.280,5148.971425145044,310.67701261703706,55.80559353317572,2.4076317145807677,-2.929575604612497,0.7440942869817988,0.7217392756243113,0.7104612499490733,60.81728835233873,-215.40620607749838,READY,12.5,False,83.89579686250484,22.52065281252862,3,84.15677762495253,CAUTION,MEDIUM,ACTIVE,3,2,2
2025-03-04 23:06:16.311,5153.818685012401,312.44048306246714,55.5245285114998,2.1541362511060154,-3.20292518199647,0.709237884358757,0.7816276449053695,0.7182985463383005,60.79032381392131,-227.325479518703,READY,12.5,False,83.91023658733226,22.430244232712223,3,83.87345866580993,CAUTION,MEDIUM,ACTIVE,3,2,2
2025-03-04 23:06:16.344,5165.605073415316,313.4564438779515,55.827594641677145,2.0511873294371505,-3.323628350263212,0.700398778525521,0.7221594511082069,0.7227136666550026,60.77935536113165,-181.2856716759177,READY,12.5,False,83.71832669903704,22.350804293504392,3,83.52086962459258,CAUTION,MEDIUM,ACTIVE,3,2,2
2025-03-04 23:06:16.383,5161.804811910047,315.0913424077417,56.19481953275558,2.0245417396560543,-3.117621378830943,0.6636989468069527,0.7215264520241442,0.7180447099344323,60.75979465414214,-175.69635034212953,READY,12.5,False,83.61027031565848,22.27469068505702,3,83.33369744392863,CAUTION,MEDIUM,ACTIVE,3,2,2
2025-03-04 23:06:16.415,5147.111778124867,317.02208024884794,55.77947622313792,2.007435452654537,-2.7683656327236097,0.67652300613725,0.6549311091867158,0.7228944765204601,60.73596745111677,-136.6104262845755,READY,12.5,False,83.4658441695753,22.209282475964528,3,83.08129536788567,CAUTION,MEDIUM,ACTIVE,3,3,2
2025-03-04 23:06:16.445,5155.664661080875,316.6968182998004,56.26109570965975,2.129238895583852,-2.784143477985127,0.7249519533932786,0.6047568694831329,0.7313756535905794,60.701566094427434,-173.63831217431738,READY,12.5,False,83.44110064706223,22.14972803007224,3,82.7767611620015,CAUTION,MEDIUM,ACTIVE,3,3,2
2025-03-04 23:06:16.487,5136.970548528301,316.6752783951555,56.091682995250146,2.131119308381436,-3.071511170542347,0.7413898901758341,0.6686661207804702,0.7344307068921702,60.68706700501986,-209.237894538665,READY,12.5,False,83.50411775946294,22.060627294862385,3,82.31079356830068,CAUTION,MEDIUM,ACTIVE,3,3,2
2025-03-04 23:06:16.521,5153.754367398012,316.0576543951677,56.4850988688205,1.8503714763665182,-2.6615046723413593,0.6918762446755407,0.5984132260132616,0.7261441133514551,60.676666986758256,-172.19440982760375,READY,12.5,False,83.59421293681005,21.99185530111032,3,82.57231393114256,CAUTION,MEDIUM,ACTIVE,3,3,2
2025-03-04 23:06:16.545,5161.123365169109,316.202661213699,56.65974013958538,1.9042467579065079,-2.461235161931996,0.6916613351470378,0.5278723106131448,0.7301222961417242,60.658389846633355,-199.3338099073166,READY,12.5,False,83.64222699585999,21.90968991545262,3,82.71286389305446,CAUTION,MEDIUM,ACTIVE,3,3,2
2025-03-04 23:06:16.581,5179.000436270181,314.420231353441,56.38224600689197,2.0835225551640226,-2.349125270732453,0.729893162333809,0.6076313789635123,0.7325493602429765,60.63082109719169,-159.22053369652724,READY,12.5,False,83.58816055256852,21.844278400818183,3,82.68084049599395,CAUTION,MEDIUM,ACTIVE,3,3,2
2025-03-04 23:06:16.614,5184.944959488177,313.40236448921377,56.56444007923949,1.8314222340400934,-2.2704282522231143,0.7716947821483755,0.6194920446023796,0.7358146892424119,60.58427489994184,-162.3253974041262,READY,12.5,False,83.38984195116463,21.765800587552103,3,82.31536941039012,CAUTION,MEDIUM,ACTIVE,3,3,2
2025-03-04 23:06:16.646,5199.29969814696,314.2867968796061,56.581087333432954,1.939739155197243,-1.976209855826376,0.7874231059597726,0.600224984572419,0.7313848686077258,60.547011635942354,-162.67413158217525,READY,12.5,False,83.39302631394337,21.686356654831926,3,82.06035575608587,CAUTION,MEDIUM,ACTIVE,3,3,2
2025-03-04 23:06:16.682,5206.41976434412,315.97858643975655,56.88464809814846,2.1335276521559883,-2.0170361549190634,0.7448363874781987,0.6478967358735181,0.7215487690341346,60.531781153178365,-192.73827929765702,READY,12.5,False,83.42957613115647,21.61354324751834,3,82.48393985888634,CAUTION,MEDIUM,ACTIVE,3,3,2
2025-03-04 23:06:16.723,5221.116058553479,314.2059350121171,57.09812992180894,1.9833501657075285,-1.654310584891411,0.7474138687726175,0.6301813580815786,0.715397054344145,60.50128089456175,-212.74006941919956,READY,12.5,False,83.30274619737881,21.51425169707528,3,82.2314286082461,CAUTION,MEDIUM,ACTIVE,3,3,2
2025-03-04 23:06:16.747,5203.4210790840625,312.8546348742986,56.74353614147187,2.0408591412177217,-1.7179154882884644,0.769157089358648,0.7297939232465732,0.7083579955556536,60.48178018578124,-187.6302575657666,READY,12.5,False,83.49881460349143,21.417607720302975,3,82.59319083422531,CAUTION,MEDIUM,ACTIVE,3,3,2
2025-03-04 23:06:16.792,5211.494397340635,313.49590103463726,56.45585167408083,2.182425504974563,-1.711631444278194,0.7951602148230673,0.6653089041914805,0.7047404451738911,60.468792155620925,-155.5436786325513,READY,12.5,False,83.67423621939736,21.31840036345335,3,82.40523688596676,CAUTION,MEDIUM,ACTIVE,3,3,2
2025-03-04 23:06:16.818,5229.204499796027,315.2063279903682,56.46456550764991,2.07929836479021,-2.095689300714916,0.8345565237446788,0.6106616226490927,0.708806407362873,60.43478719032115,-123.54120559775762,READY,12.5,False,83.86035937916017,21.251477663299955,3,82.08080226594768,CAUTION,MEDIUM,ACTIVE,3,3,2
2025-03-04 23:06:16.845,5221.539150995692,314.93286275974623,56.105233518084894,2.2356177718417483,-1.8271082777521817,0.8135783566835696,0.5840014828263185,0.7092393883199943,60.386625576280714,-123.71930193481217,READY,12.5,False,83.78747490906528,21.163377309903797,3,82.13585508638248,CAUTION,MEDIUM,ACTIVE,3,3,2
2025-03-04 23:06:16.881,5238.741134264394,316.0876588494776,55.7165898519993,1.9651714543252845,-2.144192598331909,0.859997366489703,0.49681350734409324,0.7024544668284203,60.352421409918655,-118.03917004868701,READY,12.5,False,83.89722458474263,21.07406696636113,3,81.65647516296944,CAUTION,MEDIUM,ACTIVE,3,3,2
2025-03-04 23:06:16.919,5245.609963822642,315.86630021233873,55.91951463514685,2.0823506609458162,-2.5049646131501877,0.86914949495425,0.42740086626491963,0.7054912151170115,60.33105745705476,-89.89722325937524,READY,12.5,False,83.72837985762919,21.013905726554448,3,81.4817402504008,CAUTION,MEDIUM,ACTIVE,3,3,2
2025-03-04 23:06:16.952,5230.767726746864,315.19486014008174,56.3363374923308,2.067549053418445,-2.9258108534367957,0.8732993750707102,0.415407161221217,0.7012958916571254,60.2950495192168,-117.72580965916212,READY,12.5,False,83.90865517214654,20.943052592214467,3,81.7088951231314,CAUTION,MEDIUM,ACTIVE,3,3,2
2025-03-04 23:06:16.987,5240.841151006107,315.33670865839173,56.02107737790665,2.3106163755930007,-2.4621000245942586,0.8291407121764615,0.5117083773459253,0.7049642644436341,60.276219440846575,-92.5795855576935,READY,12.5,False,83.96190090627235,20.847942613120214,3,81.80646375006538,CAUTION,MEDIUM,ACTIVE,3,3,2
2025-03-04 23:06:17.019,5225.885459468864,313.94692674375995,56.166092345858246,2.291918447348281,-2.8514628731365903,0.8625712688523369,0.545327079854969,0.7100505812680747,60.2355064075919,-138.86322973852208,READY,12.5,False,84.12508950674126,20.792801676950027,3,81.90548076817956,CAUTION,MEDIUM,ACTIVE,3,3,2
2025-03-04 23:06:17.049,5212.626746578832,313.7190946607513,55.95938648919595,2.3850595449395735,-2.4842130765600983,0.8777316531389355,0.5353523166960261,0.7085111616775103,60.223471833758026,-114.75769016816102,READY,12.5,False,83.9607358899062,20.69303846507061,3,82.30829106100936,CAUTION,MEDIUM,ACTIVE,3,3,2
2025-03-04 23:06:17.081,5198.15428357711,315.5003058298413,56.448620281864784,2.207412687108336,-2.587318604216029,0.9207813214898135,0.5858768911049299,0.7128852859970368,60.20587839269394,-150.30874138034244,READY,12.5,False,84.14636547471162,20.6269843045337,3,82.80413589838884,CAUTION,MEDIUM,ACTIVE,3,3,2
2025-03-04 23:06:17.113,5199.189197058932,314.5939820512498,56.68824035720186,2.1577886997388798,-2.989720401997764,0.8835722084342523,0.5789876305174385,0.7093617539664855,60.18103187756566,-172.84382307570266,READY,12.5,False,84.12027268173203,20.54183786347507,3,83.28877228128685,CAUTION,MEDIUM,ACTIVE,3,3,2
2025-03-04 23:06:17.144,5218.000300922852,313.77701193096124,56.96220058059865,2.0011476759331237,-3.0178194802822187,0.8642989105203085,0.5822543162326039,0.7168093780944723,60.16377587731727,-191.86091142435885,READY,12.5,False,84.00504035183059,20.447686660836286,3,83.50155270122461,CAUTION,MEDIUM,ACTIVE,3,3,2
2025-03-04 23:06:17.180,5215.0203581314645,311.8525127745648,57.032133161121344,2.0880848562919434,-2.8135182705509054,0.9021888151042625,0.5036493519746558,0.7234972323834655,60.12222077937038,-197.62325523060503,READY,12.5,False,83.83174170849111,20.38434341090046,3,83.61071265765737,CAUTION,MEDIUM,ACTIVE,3,3,2
2025-03-04 23:06:17.221,5215.275602907672,312.91786517604885,57.29693979916628,2.172497810251314,-2.497325051999398,0.8971815693022035,0.48781535738469217,0.720837794146738,60.09569783793434,-175.18047784863833,READY,12.5,False,83.96801479468064,20.296774218084597,3,84.07509185305693,CAUTION,MEDIUM,ACTIVE,3,3,2
2025-03-04 23:06:17.248,5216.0605979050615,313.02291719993246,57.373855085189554,2.2830025492004427,-2.784706715198508,0.9175539411252522,0.3994692721321832,0.7215403075891614,60.047803551607494,-211.80318103860765,READY,12.5,False,84.08342948211272,20.228851545803554,3,83.9963065298092,CAUTION,MEDIUM,ACTIVE,3,3,2
2025-03-04 23:06:17.282,5214.82198635158,312.6559809507888,56.939489208350714,2.1135147617100056,-3.1469774549967795,0.942078357463295,0.40041409347132756,0.7249797796652816,60.023771437247895,-259.62746345643234,READY,12.5,False,83.93175983365715,20.176558061521423,3,84.41569194933362,CAUTION,MEDIUM,ACTIVE,3,3,2
2025-03-04 23:06:17.318,5205.145182165422,314.51914392575014,57.086648492410156,2.0036969012724533,-2.8490017170397004,0.9792539811000808,0.41273924320385624,0.7276547518236551,59.99752827204564,-256.2417493459187,READY,12.5,False,83.76448714487864,20.07685904843146,3,83.99087152533687,CAUTION,MEDIUM,ACTIVE,3,3,2
2025-03-04 23:06:17.344,5221.228573770176,316.5173809758922,57.272514264742235,2.1857027348379625,-2.7343202341762263,0.998228239050981,0.4912223705506874,0.7199500134967358,59.97756577051443,-284.37686389646285,READY,12.5,False,83.59239486274761,20.025808941345115,3,83.63558332575428,CAUTION,MEDIUM,ACTIVE,3,3,2
2025-03-04 23:06:17.379,5228.684309377768,316.2650585206828,57.73394846378386,2.3770967904041673,-2.91416487676405,1.0027745837838773,0.5102936703566593,0.7129138535257376,59.96626961242905,-332.3643257394519,READY,12.5,False,83.64454026613434,19.959542196597333,3,83.37699038188732,CAUTION,MEDIUM,ACTIVE,3,3,2
2025-03-04 23:06:17.412,5241.4169943553625,317.25000526584887,57.670027181602684,2.3952249640643513,-3.4108859785992527,1.0044219174302071,0.44071811692240054,0.7200468917300874,59.91898322685468,-362.4084248649031,READY,12.5,False,83.76753330072341,19.880927433194678,3,83.10224666214813,CHECK,MEDIUM,ACTIVE,3,3,2
2025-03-04 23:06:17.454,5247.188221886239,316.0540772468885,58.12391186929966,2.4326563774066052,-3.827215887435842,1.0158856434934396,0.39113501820492036,0.7265855200398935,59.908564736652984,-390.02154518236017,READY,12.5,False,83.63689119648403,19.816848489526386,3,83.28993334610212,CHECK,MEDIUM,ACTIVE,3,3,2
2025-03-04 23:06:17.487,5246.543650149676,314.5312194449777,58.44660955525299,2.1987302284575923,-4.021240816272941,1.051031452826287,0.380601163349767,0.7309004729181988,59.87879758722485,-415.64707070946787,READY,12.5,False,83.77474655630415,19.75381637173488,3,83.59310965165456,CHECK,MEDIUM,ACTIVE,3,3,2
